{
  "name": [
    "Example Network"
  ],
  "scenario": [
    "default"
  ],
  "refArchitecture": [
    "Smart City"
  ],
  "dataState": [
    "final"
  ],
  "version": [
    "4.0"
  ],
  "verboseMode": [
    "false"
  ],
  "analyzeSoS": false,
  "inputDataFormat": [
    "default"
  ],
  "inputDirectory": "0_Input_Data/XMLs/Example_Networkv4.xml",
  "outputFileType": [
    "json"
  ],
  "outputDirectory": [
    "1_Output_Data/"
  ],
  "operand": {
    "operandName": [
      "electricity",
      "potable water",
      "EV"
    ],
    "operandNet": [
      {
        "operandNetName": "deliver electricity",
        "number": 1,
        "status": [
          "true"
        ],
        "Aprime": {
          "_shape": [
            1,
            1
          ],
          "maxprint": 50,
          "coords": [
            [
              0
            ],
            [
              0
            ]
          ],
          "data": [
            1
          ],
          "has_canonical_format": false
        },
        "Adual": {
          "_shape": [
            5,
            5
          ],
          "maxprint": 50,
          "coords": [
            [
              0,
              0,
              0,
              0,
              1,
              1,
              1,
              1
            ],
            [
              4,
              3,
              2,
              1,
              4,
              3,
              2,
              1
            ]
          ],
          "data": [
            1,
            1,
            1,
            1,
            1,
            1,
            1,
            1
          ],
          "has_canonical_format": false
        },
        "LambdaTransform": {
          "_shape": [
            5,
            3
          ],
          "maxprint": 50,
          "coords": [
            [
              0,
              2,
              3
            ],
            [
              1,
              0,
              2
            ]
          ],
          "data": [
            1,
            1,
            1
          ],
          "has_canonical_format": false
        },
        "LambdaHolding": {
          "_shape": [
            5,
            5
          ],
          "maxprint": 50,
          "coords": [
            [
              1,
              4
            ],
            [
              3,
              1
            ]
          ],
          "data": [
            1,
            1
          ],
          "has_canonical_format": false
        },
        "LambdaTransport": {
          "_shape": [
            5,
            80
          ],
          "maxprint": 50,
          "coords": [
            [
              1,
              1,
              1,
              1,
              1,
              1,
              1,
              1,
              1,
              1,
              1,
              1,
              1,
              1,
              1,
              1,
              4,
              4,
              4,
              4,
              4,
              4,
              4,
              4,
              4,
              4,
              4,
              4,
              4,
              4,
              4,
              4
            ],
            [
              48,
              49,
              50,
              51,
              52,
              53,
              54,
              55,
              56,
              57,
              58,
              59,
              60,
              61,
              62,
              63,
              16,
              17,
              18,
              19,
              20,
              21,
              22,
              23,
              24,
              25,
              26,
              27,
              28,
              29,
              30,
              31
            ]
          ],
          "data": [
            1.0,
            1.0,
            1.0,
            1.0,
            1.0,
            1.0,
            1.0,
            1.0,
            1.0,
            1.0,
            1.0,
            1.0,
            1.0,
            1.0,
            1.0,
            1.0,
            1.0,
            1.0,
            1.0,
            1.0,
            1.0,
            1.0,
            1.0,
            1.0,
            1.0,
            1.0,
            1.0,
            1.0,
            1.0,
            1.0,
            1.0,
            1.0
          ],
          "has_canonical_format": false
        },
        "Lambda": {
          "_shape": [
            5,
            83
          ],
          "maxprint": 50,
          "coords": [
            [
              0,
              2,
              3,
              1,
              1,
              1,
              1,
              1,
              1,
              1,
              1,
              1,
              1,
              1,
              1,
              1,
              1,
              1,
              1,
              4,
              4,
              4,
              4,
              4,
              4,
              4,
              4,
              4,
              4,
              4,
              4,
              4,
              4,
              4,
              4
            ],
            [
              1,
              0,
              2,
              51,
              52,
              53,
              54,
              55,
              56,
              57,
              58,
              59,
              60,
              61,
              62,
              63,
              64,
              65,
              66,
              19,
              20,
              21,
              22,
              23,
              24,
              25,
              26,
              27,
              28,
              29,
              30,
              31,
              32,
              33,
              34
            ]
          ],
          "data": [
            1.0,
            1.0,
            1.0,
            1.0,
            1.0,
            1.0,
            1.0,
            1.0,
            1.0,
            1.0,
            1.0,
            1.0,
            1.0,
            1.0,
            1.0,
            1.0,
            1.0,
            1.0,
            1.0,
            1.0,
            1.0,
            1.0,
            1.0,
            1.0,
            1.0,
            1.0,
            1.0,
            1.0,
            1.0,
            1.0,
            1.0,
            1.0,
            1.0,
            1.0,
            1.0
          ],
          "has_canonical_format": false
        },
        "syncMat": {
          "_shape": [
            5,
            11
          ],
          "maxprint": 50,
          "coords": [
            [
              0,
              1,
              1,
              2,
              3,
              4
            ],
            [
              1,
              8,
              7,
              0,
              2,
              4
            ]
          ],
          "data": [
            1.0,
            1.0,
            1.0,
            1.0,
            1.0,
            1.0
          ],
          "has_canonical_format": false
        },
        "Mneg": {
          "_shape": [
            1,
            5
          ],
          "maxprint": 50,
          "coords": [
            [
              0,
              0,
              0,
              0
            ],
            [
              1,
              2,
              3,
              4
            ]
          ],
          "data": [
            1,
            1,
            1,
            1
          ],
          "has_canonical_format": true
        },
        "Mpos": {
          "_shape": [
            1,
            5
          ],
          "maxprint": 50,
          "coords": [
            [
              0,
              0
            ],
            [
              0,
              1
            ]
          ],
          "data": [
            1,
            1
          ],
          "has_canonical_format": true
        },
        "operandPlace": {
          "name": [
            "electric power"
          ],
          "type": [
            "internal"
          ]
        },
        "operandTransition": {
          "name": [
            "generate electric power",
            "continuing electric power",
            "treat water",
            "consume water",
            "charge EV"
          ],
          "preset": [
            "",
            "electric power",
            "electric power",
            "electric power",
            "electric power"
          ],
          "postset": [
            "electric power",
            "electric power",
            "",
            "",
            ""
          ],
          "processLinkName": [
            "generate electric power",
            "transport electricity",
            "treat water",
            "consume water",
            "store EV"
          ],
          "processLinkRef": [
            "",
            "hold 132kV",
            "",
            "",
            "charge EV"
          ]
        }
      },
      {
        "operandNetName": "deliver potable Water",
        "number": 1,
        "status": [
          "true"
        ],
        "Aprime": {
          "_shape": [
            1,
            1
          ],
          "maxprint": 50,
          "coords": [
            [
              0
            ],
            [
              0
            ]
          ],
          "data": [
            1
          ],
          "has_canonical_format": false
        },
        "Adual": {
          "_shape": [
            3,
            3
          ],
          "maxprint": 50,
          "coords": [
            [
              0,
              0,
              1,
              1
            ],
            [
              2,
              1,
              2,
              1
            ]
          ],
          "data": [
            1,
            1,
            1,
            1
          ],
          "has_canonical_format": false
        },
        "LambdaTransform": {
          "_shape": [
            3,
            3
          ],
          "maxprint": 50,
          "coords": [
            [
              0,
              2
            ],
            [
              0,
              2
            ]
          ],
          "data": [
            1,
            1
          ],
          "has_canonical_format": false
        },
        "LambdaHolding": {
          "_shape": [
            3,
            5
          ],
          "maxprint": 50,
          "coords": [
            [
              1
            ],
            [
              2
            ]
          ],
          "data": [
            1
          ],
          "has_canonical_format": false
        },
        "LambdaTransport": {
          "_shape": [
            3,
            80
          ],
          "maxprint": 50,
          "coords": [
            [
              1,
              1,
              1,
              1,
              1,
              1,
              1,
              1,
              1,
              1,
              1,
              1,
              1,
              1,
              1,
              1
            ],
            [
              32,
              33,
              34,
              35,
              36,
              37,
              38,
              39,
              40,
              41,
              42,
              43,
              44,
              45,
              46,
              47
            ]
          ],
          "data": [
            1.0,
            1.0,
            1.0,
            1.0,
            1.0,
            1.0,
            1.0,
            1.0,
            1.0,
            1.0,
            1.0,
            1.0,
            1.0,
            1.0,
            1.0,
            1.0
          ],
          "has_canonical_format": false
        },
        "Lambda": {
          "_shape": [
            3,
            83
          ],
          "maxprint": 50,
          "coords": [
            [
              0,
              2,
              1,
              1,
              1,
              1,
              1,
              1,
              1,
              1,
              1,
              1,
              1,
              1,
              1,
              1,
              1,
              1
            ],
            [
              0,
              2,
              35,
              36,
              37,
              38,
              39,
              40,
              41,
              42,
              43,
              44,
              45,
              46,
              47,
              48,
              49,
              50
            ]
          ],
          "data": [
            1.0,
            1.0,
            1.0,
            1.0,
            1.0,
            1.0,
            1.0,
            1.0,
            1.0,
            1.0,
            1.0,
            1.0,
            1.0,
            1.0,
            1.0,
            1.0,
            1.0,
            1.0
          ],
          "has_canonical_format": false
        },
        "syncMat": {
          "_shape": [
            3,
            11
          ],
          "maxprint": 50,
          "coords": [
            [
              0,
              1,
              2
            ],
            [
              0,
              6,
              2
            ]
          ],
          "data": [
            1.0,
            1.0,
            1.0
          ],
          "has_canonical_format": false
        },
        "Mneg": {
          "_shape": [
            1,
            3
          ],
          "maxprint": 50,
          "coords": [
            [
              0,
              0
            ],
            [
              1,
              2
            ]
          ],
          "data": [
            1,
            1
          ],
          "has_canonical_format": true
        },
        "Mpos": {
          "_shape": [
            1,
            3
          ],
          "maxprint": 50,
          "coords": [
            [
              0,
              0
            ],
            [
              0,
              1
            ]
          ],
          "data": [
            1,
            1
          ],
          "has_canonical_format": true
        },
        "operandPlace": {
          "name": [
            "potable water"
          ],
          "type": [
            "internal"
          ]
        },
        "operandTransition": {
          "name": [
            "treat water",
            "continuing water",
            "consume water"
          ],
          "preset": [
            "",
            "potable water",
            "potable water"
          ],
          "postset": [
            "potable water",
            "potable water",
            ""
          ],
          "processLinkName": [
            "treat water",
            "transport potable water",
            "consume water"
          ],
          "processLinkRef": [
            "",
            "hold potable water",
            ""
          ]
        }
      },
      {
        "operandNetName": "deliver EV",
        "number": 1,
        "status": [
          "true"
        ],
        "Aprime": {
          "_shape": [
            1,
            1
          ],
          "maxprint": 50,
          "coords": [
            [
              0
            ],
            [
              0
            ]
          ],
          "data": [
            1
          ],
          "has_canonical_format": false
        },
        "Adual": {
          "_shape": [
            3,
            3
          ],
          "maxprint": 50,
          "coords": [
            [
              0,
              0,
              1,
              1
            ],
            [
              2,
              1,
              2,
              1
            ]
          ],
          "data": [
            1,
            1,
            1,
            1
          ],
          "has_canonical_format": false
        },
        "LambdaTransform": {
          "_shape": [
            3,
            3
          ],
          "maxprint": 50,
          "coords": [
            [],
            []
          ],
          "data": [],
          "has_canonical_format": false
        },
        "LambdaHolding": {
          "_shape": [
            3,
            5
          ],
          "maxprint": 50,
          "coords": [
            [
              0,
              1,
              2
            ],
            [
              1,
              0,
              4
            ]
          ],
          "data": [
            1,
            1,
            1
          ],
          "has_canonical_format": false
        },
        "LambdaTransport": {
          "_shape": [
            3,
            80
          ],
          "maxprint": 50,
          "coords": [
            [
              0,
              0,
              0,
              0,
              0,
              0,
              0,
              0,
              0,
              0,
              0,
              0,
              0,
              0,
              0,
              0,
              1,
              1,
              1,
              1,
              1,
              1,
              1,
              1,
              1,
              1,
              1,
              1,
              1,
              1,
              1,
              1,
              2,
              2,
              2,
              2,
              2,
              2,
              2,
              2,
              2,
              2,
              2,
              2,
              2,
              2,
              2,
              2
            ],
            [
              16,
              17,
              18,
              19,
              20,
              21,
              22,
              23,
              24,
              25,
              26,
              27,
              28,
              29,
              30,
              31,
              0,
              1,
              2,
              3,
              4,
              5,
              6,
              7,
              8,
              9,
              10,
              11,
              12,
              13,
              14,
              15,
              64,
              65,
              66,
              67,
              68,
              69,
              70,
              71,
              72,
              73,
              74,
              75,
              76,
              77,
              78,
              79
            ]
          ],
          "data": [
            1.0,
            1.0,
            1.0,
            1.0,
            1.0,
            1.0,
            1.0,
            1.0,
            1.0,
            1.0,
            1.0,
            1.0,
            1.0,
            1.0,
            1.0,
            1.0,
            1.0,
            1.0,
            1.0,
            1.0,
            1.0,
            1.0,
            1.0,
            1.0,
            1.0,
            1.0,
            1.0,
            1.0,
            1.0,
            1.0,
            1.0,
            1.0,
            1.0,
            1.0,
            1.0,
            1.0,
            1.0,
            1.0,
            1.0,
            1.0,
            1.0,
            1.0,
            1.0,
            1.0,
            1.0,
            1.0,
            1.0,
            1.0
          ],
          "has_canonical_format": false
        },
        "Lambda": {
          "_shape": [
            3,
            83
          ],
          "maxprint": 50,
          "coords": [
            [
              0,
              0,
              0,
              0,
              0,
              0,
              0,
              0,
              0,
              0,
              0,
              0,
              0,
              0,
              0,
              0,
              1,
              1,
              1,
              1,
              1,
              1,
              1,
              1,
              1,
              1,
              1,
              1,
              1,
              1,
              1,
              1,
              2,
              2,
              2,
              2,
              2,
              2,
              2,
              2,
              2,
              2,
              2,
              2,
              2,
              2,
              2,
              2
            ],
            [
              19,
              20,
              21,
              22,
              23,
              24,
              25,
              26,
              27,
              28,
              29,
              30,
              31,
              32,
              33,
              34,
              3,
              4,
              5,
              6,
              7,
              8,
              9,
              10,
              11,
              12,
              13,
              14,
              15,
              16,
              17,
              18,
              67,
              68,
              69,
              70,
              71,
              72,
              73,
              74,
              75,
              76,
              77,
              78,
              79,
              80,
              81,
              82
            ]
          ],
          "data": [
            1.0,
            1.0,
            1.0,
            1.0,
            1.0,
            1.0,
            1.0,
            1.0,
            1.0,
            1.0,
            1.0,
            1.0,
            1.0,
            1.0,
            1.0,
            1.0,
            1.0,
            1.0,
            1.0,
            1.0,
            1.0,
            1.0,
            1.0,
            1.0,
            1.0,
            1.0,
            1.0,
            1.0,
            1.0,
            1.0,
            1.0,
            1.0,
            1.0,
            1.0,
            1.0,
            1.0,
            1.0,
            1.0,
            1.0,
            1.0,
            1.0,
            1.0,
            1.0,
            1.0,
            1.0,
            1.0,
            1.0,
            1.0
          ],
          "has_canonical_format": false
        },
        "syncMat": {
          "_shape": [
            3,
            11
          ],
          "maxprint": 50,
          "coords": [
            [
              0,
              1,
              1,
              2,
              2
            ],
            [
              4,
              5,
              3,
              10,
              9
            ]
          ],
          "data": [
            1.0,
            1.0,
            1.0,
            1.0,
            1.0
          ],
          "has_canonical_format": false
        },
        "Mneg": {
          "_shape": [
            1,
            3
          ],
          "maxprint": 50,
          "coords": [
            [
              0,
              0
            ],
            [
              1,
              2
            ]
          ],
          "data": [
            1,
            1
          ],
          "has_canonical_format": true
        },
        "Mpos": {
          "_shape": [
            1,
            3
          ],
          "maxprint": 50,
          "coords": [
            [
              0,
              0
            ],
            [
              0,
              1
            ]
          ],
          "data": [
            1,
            1
          ],
          "has_canonical_format": true
        },
        "operandPlace": {
          "name": [
            "state of charge"
          ],
          "type": [
            "internal"
          ]
        },
        "operandTransition": {
          "name": [
            "charge battery",
            "continuing battery",
            "discharge battery"
          ],
          "preset": [
            "",
            "state of charge",
            "state of charge"
          ],
          "postset": [
            "state of charge",
            "state of charge",
            ""
          ],
          "processLinkName": [
            "store EV",
            "store EV",
            "transport EV"
          ],
          "processLinkRef": [
            "charge EV",
            "park EV",
            "discharge EV"
          ]
        }
      }
    ],
    "number": 3,
    "type": [
      "internal",
      "internal",
      "internal"
    ],
    "AL": {
      "_shape": [
        11,
        11
      ],
      "maxprint": 50,
      "coords": [
        [
          0,
          0,
          0,
          0,
          1,
          1,
          1,
          1,
          5,
          5,
          6,
          6,
          8,
          8,
          9,
          9
        ],
        [
          4,
          3,
          2,
          1,
          4,
          3,
          2,
          1,
          7,
          6,
          7,
          6,
          10,
          9,
          10,
          9
        ]
      ],
      "data": [
        1,
        1,
        1,
        1,
        1,
        1,
        1,
        1,
        1,
        1,
        1,
        1,
        1,
        1,
        1,
        1
      ],
      "has_canonical_format": false
    },
    "ALrho": {
      "_shape": [
        11,
        11
      ],
      "maxprint": 50,
      "coords": [
        [
          0,
          1,
          1,
          2,
          3,
          4,
          5,
          6,
          7,
          8,
          9,
          9,
          10,
          10
        ],
        [
          1,
          8,
          7,
          0,
          2,
          4,
          0,
          6,
          2,
          4,
          5,
          3,
          10,
          9
        ]
      ],
      "data": [
        1.0,
        1.0,
        1.0,
        1.0,
        1.0,
        1.0,
        1.0,
        1.0,
        1.0,
        1.0,
        1.0,
        1.0,
        1.0,
        1.0
      ],
      "has_canonical_format": false
    }
  },
  "sosService": {
    "operandName": [],
    "operandNet": [],
    "number": [],
    "type": [],
    "AL": [],
    "ALrho": []
  },
  "transformationResource": {
    "name": [
      "Water Treatment Facility",
      "Solar PV",
      "House"
    ],
    "idx": [
      0,
      1,
      2
    ],
    "number": 3,
    "status": [],
    "idxResource": [
      0,
      1,
      2
    ],
    "decisionMaker": [
      "Water Utility",
      "Electric Power Utility",
      "End User"
    ],
    "autonomous": [
      true,
      true,
      true
    ],
    "idxBuffer": [
      0,
      1,
      2
    ],
    "gpsX": [
      0.0,
      0.0,
      1.0
    ],
    "gpsY": [
      1.0,
      0.0,
      1.0
    ],
    "transformationResourceName": [
      "Water Treatment Facility",
      "Solar PV",
      "House"
    ],
    "transformProcess": [
      {
        "name": [
          "treat water"
        ],
        "idx": [
          0
        ],
        "status": [
          true
        ],
        "operand": [
          "electricity"
        ],
        "output": [
          "potable water"
        ],
        "MLPNeg": [],
        "MLPPos": [],
        "number": 1,
        "numberMax": 1,
        "idxTransform": [
          0
        ]
      },
      {
        "name": [
          "generate electric power"
        ],
        "idx": [
          1
        ],
        "status": [
          true
        ],
        "operand": [
          ""
        ],
        "output": [
          "electricity"
        ],
        "MLPNeg": [],
        "MLPPos": [],
        "number": 1,
        "numberMax": 1,
        "idxTransform": [
          1
        ]
      },
      {
        "name": [
          "consume water"
        ],
        "idx": [
          2
        ],
        "status": [
          true
        ],
        "operand": [
          "electricity,potable water"
        ],
        "output": [
          ""
        ],
        "MLPNeg": [],
        "MLPPos": [],
        "number": 1,
        "numberMax": 1,
        "idxTransform": [
          2
        ]
      }
    ],
    "transportProcess": [
      {
        "name": [],
        "idx": [],
        "status": [],
        "operand": [],
        "output": [],
        "MLPNeg": [],
        "MLPPos": [],
        "number": 0,
        "numberMax": 16,
        "origin": [],
        "destination": [],
        "ref": [],
        "nameRef": [],
        "idxOrigin": [],
        "idxDestination": [],
        "idxHolding": [],
        "idxTransport": [],
        "idxTransportRef": [],
        "numberRefMax": 80,
        "numberRef": 0
      },
      {
        "name": [],
        "idx": [],
        "status": [],
        "operand": [],
        "output": [],
        "MLPNeg": [],
        "MLPPos": [],
        "number": 0,
        "numberMax": 16,
        "origin": [],
        "destination": [],
        "ref": [],
        "nameRef": [],
        "idxOrigin": [],
        "idxDestination": [],
        "idxHolding": [],
        "idxTransport": [],
        "idxTransportRef": [],
        "numberRefMax": 80,
        "numberRef": 0
      },
      {
        "name": [
          "store ev @ house",
          "store ev @ house"
        ],
        "idx": [],
        "status": [
          true,
          true
        ],
        "operand": [
          "EV",
          "EV, electricity"
        ],
        "output": [
          "EV",
          "EV"
        ],
        "MLPNeg": [],
        "MLPPos": [],
        "number": 2,
        "numberMax": 16,
        "origin": [
          "House",
          "House"
        ],
        "destination": [
          "House",
          "House"
        ],
        "ref": [
          "park EV",
          "charge EV"
        ],
        "nameRef": [
          "store ev @ house while park EV",
          "store ev @ house while charge EV"
        ],
        "idxOrigin": [
          2,
          2
        ],
        "idxDestination": [
          2,
          2
        ],
        "idxHolding": [
          0,
          1
        ],
        "idxTransport": [
          10,
          10
        ],
        "idxTransportRef": [
          10,
          26
        ],
        "numberRefMax": 80,
        "numberRef": 2
      }
    ]
  },
  "independentBuffer": {
    "name": [
      "Work Location"
    ],
    "idx": [
      0
    ],
    "number": 1,
    "status": [],
    "idxResource": [
      3
    ],
    "decisionMaker": [
      "End User"
    ],
    "autonomous": [
      true
    ],
    "idxBuffer": [
      3
    ],
    "gpsX": [
      1.0
    ],
    "gpsY": [
      0.0
    ],
    "independentBufferName": [
      "Work Location"
    ],
    "transportProcess": [
      {
        "name": [
          "store ev @ work location"
        ],
        "idx": [],
        "status": [
          true
        ],
        "operand": [
          "EV"
        ],
        "output": [
          "EV"
        ],
        "MLPNeg": [],
        "MLPPos": [],
        "number": 1,
        "numberMax": 16,
        "origin": [
          "Work Location"
        ],
        "destination": [
          "Work Location"
        ],
        "ref": [
          "park EV"
        ],
        "nameRef": [
          "store ev @ work location while park EV"
        ],
        "idxOrigin": [
          3
        ],
        "idxDestination": [
          3
        ],
        "idxHolding": [
          0
        ],
        "idxTransport": [
          15
        ],
        "idxTransportRef": [
          15
        ],
        "numberRefMax": 80,
        "numberRef": 1
      }
    ]
  },
  "transportationResource": {
    "name": [
      "Water Pipeline",
      "Power Line 1",
      "Power Line 2",
      "Road"
    ],
    "idx": [
      0,
      1,
      2,
      3
    ],
    "number": 4,
    "status": [],
    "idxResource": [
      4,
      5,
      6,
      7
    ],
    "decisionMaker": [
      "Water Utility",
      "Electric Power Utility",
      "Electric Power Utility",
      "End User"
    ],
    "autonomous": [
      true,
      true,
      true,
      true
    ],
    "transportationResourceName": [
      "Water Pipeline",
      "Power Line 1",
      "Power Line 2",
      "Road"
    ],
    "transportProcess": [
      {
        "name": [
          "transport potable water f. Water Treatment Facility t. House"
        ],
        "idx": [],
        "status": [
          true
        ],
        "operand": [
          "potable water"
        ],
        "output": [
          "potable water"
        ],
        "MLPNeg": [],
        "MLPPos": [],
        "number": 1,
        "numberMax": 16,
        "origin": [
          "Water Treatment Facility"
        ],
        "destination": [
          "House"
        ],
        "ref": [
          "hold potable water"
        ],
        "nameRef": [
          "transport potable water f. water treatment facility t. house while hold potable water"
        ],
        "idxOrigin": [
          0
        ],
        "idxDestination": [
          2
        ],
        "idxHolding": [
          2
        ],
        "idxTransport": [
          2
        ],
        "idxTransportRef": [
          34
        ],
        "numberRefMax": 80,
        "numberRef": 1
      },
      {
        "name": [
          "transport electricity f. Solar PV t. Water Treatment Facility"
        ],
        "idx": [],
        "status": [
          true
        ],
        "operand": [
          "electricity"
        ],
        "output": [
          "electricity"
        ],
        "MLPNeg": [],
        "MLPPos": [],
        "number": 1,
        "numberMax": 16,
        "origin": [
          "Solar PV"
        ],
        "destination": [
          "Water Treatment Facility"
        ],
        "ref": [
          "hold 132kV"
        ],
        "nameRef": [
          "transport electricity f. solar pv t. water treatment facility while hold 132kV"
        ],
        "idxOrigin": [
          1
        ],
        "idxDestination": [
          0
        ],
        "idxHolding": [
          3
        ],
        "idxTransport": [
          4
        ],
        "idxTransportRef": [
          52
        ],
        "numberRefMax": 80,
        "numberRef": 1
      },
      {
        "name": [
          "transport electricity f. Solar PV t. House"
        ],
        "idx": [],
        "status": [
          true
        ],
        "operand": [
          "electricity"
        ],
        "output": [
          "electricity"
        ],
        "MLPNeg": [],
        "MLPPos": [],
        "number": 1,
        "numberMax": 16,
        "origin": [
          "Solar PV"
        ],
        "destination": [
          "House"
        ],
        "ref": [
          "hold 132kV"
        ],
        "nameRef": [
          "transport electricity f. solar pv t. house while hold 132kV"
        ],
        "idxOrigin": [
          1
        ],
        "idxDestination": [
          2
        ],
        "idxHolding": [
          3
        ],
        "idxTransport": [
          6
        ],
        "idxTransportRef": [
          54
        ],
        "numberRefMax": 80,
        "numberRef": 1
      },
      {
        "name": [
          "transport ev f. Work Location t. House",
          "transport ev f. House t. Work Location"
        ],
        "idx": [],
        "status": [
          true,
          true
        ],
        "operand": [
          "EV",
          "EV"
        ],
        "output": [
          "EV",
          "EV"
        ],
        "MLPNeg": [],
        "MLPPos": [],
        "number": 2,
        "numberMax": 16,
        "origin": [
          "Work Location",
          "House"
        ],
        "destination": [
          "House",
          "Work Location"
        ],
        "ref": [
          "discharge EV",
          "discharge EV"
        ],
        "nameRef": [
          "transport ev f. work location t. house while discharge EV",
          "transport ev f. house t. work location while discharge EV"
        ],
        "idxOrigin": [
          3,
          2
        ],
        "idxDestination": [
          2,
          3
        ],
        "idxHolding": [
          4,
          4
        ],
        "idxTransport": [
          14,
          11
        ],
        "idxTransportRef": [
          78,
          75
        ],
        "numberRefMax": 80,
        "numberRef": 2
      }
    ]
  },
  "buffer": {
    "name": [
      "Water Treatment Facility",
      "Solar PV",
      "House",
      "Work Location"
    ],
    "idx": [
      0,
      1,
      2,
      3
    ],
    "number": 4,
    "status": [],
    "idxResource": [],
    "decisionMaker": [
      "Water Utility",
      "Electric Power Utility",
      "End User",
      "End User"
    ],
    "autonomous": [
      true,
      true,
      true,
      true
    ],
    "idxBuffer": [],
    "gpsX": [
      0.0,
      0.0,
      1.0,
      1.0
    ],
    "gpsY": [
      1.0,
      0.0,
      1.0,
      0.0
    ]
  },
  "physicalResource": {
    "name": [
      "Water Treatment Facility",
      "Solar PV",
      "House",
      "Work Location",
      "Water Pipeline",
      "Power Line 1",
      "Power Line 2",
      "Road"
    ],
    "idx": [
      0,
      1,
      2,
      3,
      4,
      5,
      6,
      7
    ],
    "number": 8,
    "status": [],
    "idxResource": [
      0,
      1,
      2,
      3,
      4,
      5,
      6,
      7
    ],
    "decisionMaker": [
      "Water Utility",
      "Electric Power Utility",
      "End User",
      "End User",
      "Water Utility",
      "Electric Power Utility",
      "Electric Power Utility",
      "End User"
    ],
    "autonomous": [
      true,
      true,
      true,
      true,
      true,
      true,
      true,
      true
    ]
  },
  "decisionMaker": {
    "name": [
      "Water Utility",
      "Electric Power Utility",
      "End User"
    ],
    "idx": [
      0,
      1,
      2
    ],
    "number": 3,
    "status": [
      true,
      true,
      true
    ],
    "peerRecipient": [
      "Water Utility, Electric Power Utility,End User",
      "Electric Power Utility, Water Utility, End User",
      "End User, Water Utility,Electric Power Utility"
    ],
    "A_DD": {
      "_shape": [
        3,
        3
      ],
      "maxprint": 50,
      "coords": [
        [
          0,
          1,
          2,
          0,
          1,
          2,
          0,
          1,
          2
        ],
        [
          0,
          0,
          0,
          1,
          1,
          1,
          2,
          2,
          2
        ]
      ],
      "data": [
        1,
        1,
        1,
        1,
        1,
        1,
        1,
        1,
        1
      ],
      "has_canonical_format": true
    },
    "A_RD": {
      "_shape": [
        8,
        3
      ],
      "maxprint": 50,
      "coords": [
        [
          0,
          1,
          2,
          3,
          4,
          5,
          6,
          7
        ],
        [
          0,
          1,
          2,
          2,
          0,
          1,
          1,
          2
        ]
      ],
      "data": [
        1,
        1,
        1,
        1,
        1,
        1,
        1,
        1
      ],
      "has_canonical_format": false
    },
    "ARhoD": {
      "_shape": [
        11,
        3
      ],
      "maxprint": 50,
      "coords": [
        [
          0,
          1,
          2,
          3,
          4,
          5,
          6,
          7,
          8,
          9,
          10
        ],
        [
          0,
          0,
          0,
          2,
          2,
          2,
          1,
          1,
          2,
          2,
          1
        ]
      ],
      "data": [
        1,
        1,
        1,
        1,
        1,
        1,
        1,
        1,
        1,
        1,
        1
      ],
      "has_canonical_format": false
    }
  },
  "transformProcess": {
    "name": [
      "treat water",
      "generate electric power",
      "consume water"
    ],
    "idx": [],
    "status": [
      true,
      true,
      true
    ],
    "operand": [
      "electricity",
      "",
      "electricity,potable water"
    ],
    "output": [
      "potable water",
      "electricity",
      ""
    ],
    "MLPNeg": {
      "_shape": [
        3,
        3
      ],
      "maxprint": 50,
      "coords": [
        [
          0,
          0,
          1
        ],
        [
          0,
          2,
          2
        ]
      ],
      "data": [
        1,
        1,
        1
      ],
      "has_canonical_format": true
    },
    "MLPPos": {
      "_shape": [
        3,
        3
      ],
      "maxprint": 50,
      "coords": [
        [
          1,
          0
        ],
        [
          0,
          1
        ]
      ],
      "data": [
        1,
        1
      ],
      "has_canonical_format": true
    },
    "number": 3,
    "numberMax": [],
    "idxTransform": [
      0,
      1,
      2
    ]
  },
  "transportProcess": {
    "name": [
      "store ev @ house",
      "store ev @ house",
      "store ev @ work location",
      "transport potable water f. Water Treatment Facility t. House",
      "transport electricity f. Solar PV t. Water Treatment Facility",
      "transport electricity f. Solar PV t. House",
      "transport ev f. Work Location t. House",
      "transport ev f. House t. Work Location"
    ],
    "idx": [],
    "status": [
      true,
      true,
      true,
      true,
      true,
      true,
      true,
      true
    ],
    "operand": [
      "EV",
      "EV, electricity",
      "EV",
      "potable water",
      "electricity",
      "electricity",
      "EV",
      "EV"
    ],
    "output": [
      "EV",
      "EV",
      "EV",
      "potable water",
      "electricity",
      "electricity",
      "EV",
      "EV"
    ],
    "MLPNeg": {
      "_shape": [
        3,
        80
      ],
      "maxprint": 50,
      "coords": [
        [
          2,
          2,
          2,
          2,
          2,
          2,
          2,
          2,
          2,
          2,
          2,
          2,
          2,
          2,
          2,
          2,
          0,
          0,
          0,
          0,
          0,
          0,
          0,
          0,
          0,
          0,
          0,
          0,
          0,
          0,
          0,
          0,
          2,
          2,
          2,
          2,
          2,
          2,
          2,
          2,
          2,
          2,
          2,
          2,
          2,
          2,
          2,
          2,
          1,
          1,
          1,
          1,
          1,
          1,
          1,
          1,
          1,
          1,
          1,
          1,
          1,
          1,
          1,
          1,
          0,
          0,
          0,
          0,
          0,
          0,
          0,
          0,
          0,
          0,
          0,
          0,
          0,
          0,
          0,
          0,
          2,
          2,
          2,
          2,
          2,
          2,
          2,
          2,
          2,
          2,
          2,
          2,
          2,
          2,
          2,
          2
        ],
        [
          0,
          1,
          2,
          3,
          4,
          5,
          6,
          7,
          8,
          9,
          10,
          11,
          12,
          13,
          14,
          15,
          16,
          17,
          18,
          19,
          20,
          21,
          22,
          23,
          24,
          25,
          26,
          27,
          28,
          29,
          30,
          31,
          16,
          17,
          18,
          19,
          20,
          21,
          22,
          23,
          24,
          25,
          26,
          27,
          28,
          29,
          30,
          31,
          32,
          33,
          34,
          35,
          36,
          37,
          38,
          39,
          40,
          41,
          42,
          43,
          44,
          45,
          46,
          47,
          48,
          49,
          50,
          51,
          52,
          53,
          54,
          55,
          56,
          57,
          58,
          59,
          60,
          61,
          62,
          63,
          64,
          65,
          66,
          67,
          68,
          69,
          70,
          71,
          72,
          73,
          74,
          75,
          76,
          77,
          78,
          79
        ]
      ],
      "data": [
        1.0,
        1.0,
        1.0,
        1.0,
        1.0,
        1.0,
        1.0,
        1.0,
        1.0,
        1.0,
        1.0,
        1.0,
        1.0,
        1.0,
        1.0,
        1.0,
        1.0,
        1.0,
        1.0,
        1.0,
        1.0,
        1.0,
        1.0,
        1.0,
        1.0,
        1.0,
        1.0,
        1.0,
        1.0,
        1.0,
        1.0,
        1.0,
        1.0,
        1.0,
        1.0,
        1.0,
        1.0,
        1.0,
        1.0,
        1.0,
        1.0,
        1.0,
        1.0,
        1.0,
        1.0,
        1.0,
        1.0,
        1.0,
        1.0,
        1.0,
        1.0,
        1.0,
        1.0,
        1.0,
        1.0,
        1.0,
        1.0,
        1.0,
        1.0,
        1.0,
        1.0,
        1.0,
        1.0,
        1.0,
        1.0,
        1.0,
        1.0,
        1.0,
        1.0,
        1.0,
        1.0,
        1.0,
        1.0,
        1.0,
        1.0,
        1.0,
        1.0,
        1.0,
        1.0,
        1.0,
        1.0,
        1.0,
        1.0,
        1.0,
        1.0,
        1.0,
        1.0,
        1.0,
        1.0,
        1.0,
        1.0,
        1.0,
        1.0,
        1.0,
        1.0,
        1.0
      ],
      "has_canonical_format": false
    },
    "MLPPos": {
      "_shape": [
        3,
        80
      ],
      "maxprint": 50,
      "coords": [
        [
          2,
          2,
          2,
          2,
          2,
          2,
          2,
          2,
          2,
          2,
          2,
          2,
          2,
          2,
          2,
          2,
          2,
          2,
          2,
          2,
          2,
          2,
          2,
          2,
          2,
          2,
          2,
          2,
          2,
          2,
          2,
          2,
          1,
          1,
          1,
          1,
          1,
          1,
          1,
          1,
          1,
          1,
          1,
          1,
          1,
          1,
          1,
          1,
          0,
          0,
          0,
          0,
          0,
          0,
          0,
          0,
          0,
          0,
          0,
          0,
          0,
          0,
          0,
          0,
          2,
          2,
          2,
          2,
          2,
          2,
          2,
          2,
          2,
          2,
          2,
          2,
          2,
          2,
          2,
          2
        ],
        [
          0,
          1,
          2,
          3,
          4,
          5,
          6,
          7,
          8,
          9,
          10,
          11,
          12,
          13,
          14,
          15,
          16,
          17,
          18,
          19,
          20,
          21,
          22,
          23,
          24,
          25,
          26,
          27,
          28,
          29,
          30,
          31,
          32,
          33,
          34,
          35,
          36,
          37,
          38,
          39,
          40,
          41,
          42,
          43,
          44,
          45,
          46,
          47,
          48,
          49,
          50,
          51,
          52,
          53,
          54,
          55,
          56,
          57,
          58,
          59,
          60,
          61,
          62,
          63,
          64,
          65,
          66,
          67,
          68,
          69,
          70,
          71,
          72,
          73,
          74,
          75,
          76,
          77,
          78,
          79
        ]
      ],
      "data": [
        1.0,
        1.0,
        1.0,
        1.0,
        1.0,
        1.0,
        1.0,
        1.0,
        1.0,
        1.0,
        1.0,
        1.0,
        1.0,
        1.0,
        1.0,
        1.0,
        1.0,
        1.0,
        1.0,
        1.0,
        1.0,
        1.0,
        1.0,
        1.0,
        1.0,
        1.0,
        1.0,
        1.0,
        1.0,
        1.0,
        1.0,
        1.0,
        1.0,
        1.0,
        1.0,
        1.0,
        1.0,
        1.0,
        1.0,
        1.0,
        1.0,
        1.0,
        1.0,
        1.0,
        1.0,
        1.0,
        1.0,
        1.0,
        1.0,
        1.0,
        1.0,
        1.0,
        1.0,
        1.0,
        1.0,
        1.0,
        1.0,
        1.0,
        1.0,
        1.0,
        1.0,
        1.0,
        1.0,
        1.0,
        1.0,
        1.0,
        1.0,
        1.0,
        1.0,
        1.0,
        1.0,
        1.0,
        1.0,
        1.0,
        1.0,
        1.0,
        1.0,
        1.0,
        1.0,
        1.0
      ],
      "has_canonical_format": false
    },
    "number": 8,
    "numberMax": 16,
    "origin": [
      "House",
      "House",
      "Work Location",
      "Water Treatment Facility",
      "Solar PV",
      "Solar PV",
      "Work Location",
      "House"
    ],
    "destination": [
      "House",
      "House",
      "Work Location",
      "House",
      "Water Treatment Facility",
      "House",
      "House",
      "Work Location"
    ],
    "ref": [
      "park EV",
      "charge EV",
      "park EV",
      "hold potable water",
      "hold 132kV",
      "hold 132kV",
      "discharge EV",
      "discharge EV"
    ],
    "nameRef": [
      "store ev @ house while park EV",
      "store ev @ house while charge EV",
      "store ev @ work location while park EV",
      "transport potable water f. water treatment facility t. house while hold potable water",
      "transport electricity f. solar pv t. water treatment facility while hold 132kV",
      "transport electricity f. solar pv t. house while hold 132kV",
      "transport ev f. work location t. house while discharge EV",
      "transport ev f. house t. work location while discharge EV"
    ],
    "idxOrigin": [
      2,
      2,
      3,
      0,
      1,
      1,
      3,
      2
    ],
    "idxDestination": [
      2,
      2,
      3,
      2,
      0,
      2,
      2,
      3
    ],
    "idxHolding": [
      0,
      1,
      0,
      2,
      3,
      3,
      4,
      4
    ],
    "idxTransport": [
      10,
      10,
      15,
      2,
      4,
      6,
      14,
      11
    ],
    "idxTransportRef": [
      10,
      26,
      15,
      34,
      52,
      54,
      78,
      75
    ],
    "numberRefMax": 80,
    "numberRef": 8
  },
  "holdingProcess": {
    "name": [
      "park EV",
      "charge EV",
      "hold potable water",
      "hold 132kV",
      "discharge EV"
    ],
    "idx": [],
    "status": [
      true,
      true,
      true,
      true,
      true
    ],
    "operand": [
      "EV",
      "EV, electricity",
      "potable water",
      "electricity",
      "EV"
    ],
    "output": [
      "EV",
      "EV",
      "potable water",
      "electricity",
      "EV"
    ],
    "MLPNeg": {
      "_shape": [
        3,
        5
      ],
      "maxprint": 50,
      "coords": [
        [
          2,
          0,
          2,
          1,
          0,
          2
        ],
        [
          0,
          1,
          1,
          2,
          3,
          4
        ]
      ],
      "data": [
        1,
        1,
        1,
        1,
        1,
        1
      ],
      "has_canonical_format": true
    },
    "MLPPos": {
      "_shape": [
        3,
        5
      ],
      "maxprint": 50,
      "coords": [
        [
          2,
          2,
          1,
          0,
          2
        ],
        [
          0,
          1,
          2,
          3,
          4
        ]
      ],
      "data": [
        1,
        1,
        1,
        1,
        1
      ],
      "has_canonical_format": true
    },
    "number": 5,
    "numberMax": [],
    "idxHolding": [
      0,
      1,
      2,
      3,
      4
    ]
  },
  "systemProcess": {
    "name": [
      "treat water",
      "generate electric power",
      "consume water",
      "store ev @ house while park EV",
      "store ev @ house while charge EV",
      "store ev @ work location while park EV",
      "transport potable water f. water treatment facility t. house while hold potable water",
      "transport electricity f. solar pv t. water treatment facility while hold 132kV",
      "transport electricity f. solar pv t. house while hold 132kV",
      "transport ev f. work location t. house while discharge EV",
      "transport ev f. house t. work location while discharge EV"
    ],
    "idx": [
      0,
      1,
      2,
      13,
      29,
      18,
      37,
      55,
      57,
      81,
      78
    ],
    "status": [
      true,
      true,
      true,
      true,
      true,
      true,
      true,
      true,
      true,
      true,
      true
    ],
    "operand": [
      "electricity",
      "",
      "electricity,potable water",
      "EV",
      "EV, electricity",
      "EV",
      "potable water",
      "electricity",
      "electricity",
      "EV",
      "EV"
    ],
    "output": [
      "potable water",
      "electricity",
      "",
      "EV",
      "EV",
      "EV",
      "potable water",
      "electricity",
      "electricity",
      "EV",
      "EV"
    ],
    "MLPNeg": {
      "_shape": [
        3,
        83
      ],
      "maxprint": 50,
      "coords": [
        [
          0,
          0,
          1,
          2,
          2,
          2,
          2,
          2,
          2,
          2,
          2,
          2,
          2,
          2,
          2,
          2,
          2,
          2,
          2,
          0,
          0,
          0,
          0,
          0,
          0,
          0,
          0,
          0,
          0,
          0,
          0,
          0,
          0,
          0,
          0,
          2,
          2,
          2,
          2,
          2,
          2,
          2,
          2,
          2,
          2,
          2,
          2,
          2,
          2,
          2,
          2,
          1,
          1,
          1,
          1,
          1,
          1,
          1,
          1,
          1,
          1,
          1,
          1,
          1,
          1,
          1,
          1,
          0,
          0,
          0,
          0,
          0,
          0,
          0,
          0,
          0,
          0,
          0,
          0,
          0,
          0,
          0,
          0,
          2,
          2,
          2,
          2,
          2,
          2,
          2,
          2,
          2,
          2,
          2,
          2,
          2,
          2,
          2,
          2
        ],
        [
          0,
          2,
          2,
          3,
          4,
          5,
          6,
          7,
          8,
          9,
          10,
          11,
          12,
          13,
          14,
          15,
          16,
          17,
          18,
          19,
          20,
          21,
          22,
          23,
          24,
          25,
          26,
          27,
          28,
          29,
          30,
          31,
          32,
          33,
          34,
          19,
          20,
          21,
          22,
          23,
          24,
          25,
          26,
          27,
          28,
          29,
          30,
          31,
          32,
          33,
          34,
          35,
          36,
          37,
          38,
          39,
          40,
          41,
          42,
          43,
          44,
          45,
          46,
          47,
          48,
          49,
          50,
          51,
          52,
          53,
          54,
          55,
          56,
          57,
          58,
          59,
          60,
          61,
          62,
          63,
          64,
          65,
          66,
          67,
          68,
          69,
          70,
          71,
          72,
          73,
          74,
          75,
          76,
          77,
          78,
          79,
          80,
          81,
          82
        ]
      ],
      "data": [
        1.0,
        1.0,
        1.0,
        1.0,
        1.0,
        1.0,
        1.0,
        1.0,
        1.0,
        1.0,
        1.0,
        1.0,
        1.0,
        1.0,
        1.0,
        1.0,
        1.0,
        1.0,
        1.0,
        1.0,
        1.0,
        1.0,
        1.0,
        1.0,
        1.0,
        1.0,
        1.0,
        1.0,
        1.0,
        1.0,
        1.0,
        1.0,
        1.0,
        1.0,
        1.0,
        1.0,
        1.0,
        1.0,
        1.0,
        1.0,
        1.0,
        1.0,
        1.0,
        1.0,
        1.0,
        1.0,
        1.0,
        1.0,
        1.0,
        1.0,
        1.0,
        1.0,
        1.0,
        1.0,
        1.0,
        1.0,
        1.0,
        1.0,
        1.0,
        1.0,
        1.0,
        1.0,
        1.0,
        1.0,
        1.0,
        1.0,
        1.0,
        1.0,
        1.0,
        1.0,
        1.0,
        1.0,
        1.0,
        1.0,
        1.0,
        1.0,
        1.0,
        1.0,
        1.0,
        1.0,
        1.0,
        1.0,
        1.0,
        1.0,
        1.0,
        1.0,
        1.0,
        1.0,
        1.0,
        1.0,
        1.0,
        1.0,
        1.0,
        1.0,
        1.0,
        1.0,
        1.0,
        1.0,
        1.0
      ],
      "has_canonical_format": false
    },
    "MLPPos": {
      "_shape": [
        3,
        83
      ],
      "maxprint": 50,
      "coords": [
        [
          1,
          0,
          2,
          2,
          2,
          2,
          2,
          2,
          2,
          2,
          2,
          2,
          2,
          2,
          2,
          2,
          2,
          2,
          2,
          2,
          2,
          2,
          2,
          2,
          2,
          2,
          2,
          2,
          2,
          2,
          2,
          2,
          2,
          2,
          1,
          1,
          1,
          1,
          1,
          1,
          1,
          1,
          1,
          1,
          1,
          1,
          1,
          1,
          1,
          1,
          0,
          0,
          0,
          0,
          0,
          0,
          0,
          0,
          0,
          0,
          0,
          0,
          0,
          0,
          0,
          0,
          2,
          2,
          2,
          2,
          2,
          2,
          2,
          2,
          2,
          2,
          2,
          2,
          2,
          2,
          2,
          2
        ],
        [
          0,
          1,
          3,
          4,
          5,
          6,
          7,
          8,
          9,
          10,
          11,
          12,
          13,
          14,
          15,
          16,
          17,
          18,
          19,
          20,
          21,
          22,
          23,
          24,
          25,
          26,
          27,
          28,
          29,
          30,
          31,
          32,
          33,
          34,
          35,
          36,
          37,
          38,
          39,
          40,
          41,
          42,
          43,
          44,
          45,
          46,
          47,
          48,
          49,
          50,
          51,
          52,
          53,
          54,
          55,
          56,
          57,
          58,
          59,
          60,
          61,
          62,
          63,
          64,
          65,
          66,
          67,
          68,
          69,
          70,
          71,
          72,
          73,
          74,
          75,
          76,
          77,
          78,
          79,
          80,
          81,
          82
        ]
      ],
      "data": [
        1.0,
        1.0,
        1.0,
        1.0,
        1.0,
        1.0,
        1.0,
        1.0,
        1.0,
        1.0,
        1.0,
        1.0,
        1.0,
        1.0,
        1.0,
        1.0,
        1.0,
        1.0,
        1.0,
        1.0,
        1.0,
        1.0,
        1.0,
        1.0,
        1.0,
        1.0,
        1.0,
        1.0,
        1.0,
        1.0,
        1.0,
        1.0,
        1.0,
        1.0,
        1.0,
        1.0,
        1.0,
        1.0,
        1.0,
        1.0,
        1.0,
        1.0,
        1.0,
        1.0,
        1.0,
        1.0,
        1.0,
        1.0,
        1.0,
        1.0,
        1.0,
        1.0,
        1.0,
        1.0,
        1.0,
        1.0,
        1.0,
        1.0,
        1.0,
        1.0,
        1.0,
        1.0,
        1.0,
        1.0,
        1.0,
        1.0,
        1.0,
        1.0,
        1.0,
        1.0,
        1.0,
        1.0,
        1.0,
        1.0,
        1.0,
        1.0,
        1.0,
        1.0,
        1.0,
        1.0,
        1.0,
        1.0
      ],
      "has_canonical_format": false
    },
    "number": 11,
    "numberMax": 83
  },
  "systemConcept": {
    "name": [
      "Water Treatment Facility treat water",
      "Solar PV generate electric power",
      "House consume water",
      "House store ev @ house while park EV",
      "House store ev @ house while charge EV",
      "Work Location store ev @ work location while park EV",
      "Water Pipeline transport potable water f. water treatment facility t. house while hold potable water",
      "Power Line 1 transport electricity f. solar pv t. water treatment facility while hold 132kV",
      "Power Line 2 transport electricity f. solar pv t. house while hold 132kV",
      "Road transport ev f. house t. work location while discharge EV",
      "Road transport ev f. work location t. house while discharge EV"
    ],
    "nameSoS": [],
    "idxPsiCapability": [
      0,
      1,
      2,
      3,
      4,
      5,
      6,
      7,
      8,
      9,
      10
    ],
    "idxChiCapability": [
      0,
      84,
      168,
      179,
      195,
      267,
      369,
      470,
      555,
      659,
      662
    ],
    "idxResource": [
      0,
      1,
      2,
      2,
      2,
      3,
      4,
      5,
      6,
      7,
      7
    ],
    "idxProcess": [
      0,
      1,
      2,
      13,
      29,
      18,
      37,
      55,
      57,
      78,
      81
    ],
    "idxOperand": {
      "_shape": [
        3,
        11
      ],
      "maxprint": 50,
      "coords": [
        [
          0,
          0,
          0,
          0,
          0,
          1,
          1,
          2,
          2,
          2,
          2,
          2
        ],
        [
          8,
          7,
          4,
          2,
          0,
          6,
          2,
          10,
          9,
          4,
          5,
          3
        ]
      ],
      "data": [
        1.0,
        1.0,
        1.0,
        1.0,
        1.0,
        1.0,
        1.0,
        1.0,
        1.0,
        1.0,
        1.0,
        1.0
      ],
      "has_canonical_format": false
    },
    "idxOutput": {
      "_shape": [
        3,
        11
      ],
      "maxprint": 50,
      "coords": [
        [
          0,
          0,
          0,
          1,
          1,
          2,
          2,
          2,
          2,
          2
        ],
        [
          8,
          7,
          1,
          6,
          0,
          10,
          9,
          4,
          5,
          3
        ]
      ],
      "data": [
        1.0,
        1.0,
        1.0,
        1.0,
        1.0,
        1.0,
        1.0,
        1.0,
        1.0,
        1.0
      ],
      "has_canonical_format": false
    },
    "DOFM": 3,
    "DOFHRef": 8,
    "DOFG": 7,
    "DOFH": 7,
    "DOFS": 11,
    "JM": {
      "_shape": [
        3,
        3
      ],
      "maxprint": 50,
      "coords": [
        [
          0,
          1,
          2
        ],
        [
          0,
          1,
          2
        ]
      ],
      "data": [
        1,
        1,
        1
      ],
      "has_canonical_format": true
    },
    "KM": {
      "_shape": [
        3,
        3
      ],
      "maxprint": 50,
      "coords": [
        [],
        []
      ],
      "data": [],
      "has_canonical_format": true
    },
    "AM": {
      "_shape": [
        3,
        3
      ],
      "maxprint": 50,
      "coords": [
        [
          0,
          1,
          2
        ],
        [
          0,
          1,
          2
        ]
      ],
      "data": [
        1,
        1,
        1
      ],
      "has_canonical_format": false
    },
    "JH": {
      "_shape": [
        16,
        8
      ],
      "maxprint": 50,
      "coords": [
        [
          10,
          15,
          2,
          4,
          6,
          14,
          11
        ],
        [
          2,
          3,
          4,
          5,
          6,
          7,
          7
        ]
      ],
      "data": [
        1,
        1,
        1,
        1,
        1,
        1,
        1
      ],
      "has_canonical_format": true
    },
    "KH": {
      "_shape": [
        16,
        8
      ],
      "maxprint": 50,
      "coords": [
        [],
        []
      ],
      "data": [],
      "has_canonical_format": true
    },
    "AH": {
      "_shape": [
        16,
        8
      ],
      "maxprint": 50,
      "coords": [
        [
          2,
          4,
          6,
          10,
          11,
          14,
          15
        ],
        [
          4,
          5,
          6,
          2,
          7,
          7,
          3
        ]
      ],
      "data": [
        1,
        1,
        1,
        1,
        1,
        1,
        1
      ],
      "has_canonical_format": false
    },
    "JG": {
      "_shape": [
        5,
        8
      ],
      "maxprint": 50,
      "coords": [
        [
          0,
          1,
          0,
          2,
          3,
          3,
          4
        ],
        [
          2,
          2,
          3,
          4,
          5,
          6,
          7
        ]
      ],
      "data": [
        1,
        1,
        1,
        1,
        1,
        1,
        1
      ],
      "has_canonical_format": true
    },
    "KG": {
      "_shape": [
        5,
        8
      ],
      "maxprint": 50,
      "coords": [
        [],
        []
      ],
      "data": [],
      "has_canonical_format": true
    },
    "AG": {
      "_shape": [
        5,
        8
      ],
      "maxprint": 50,
      "coords": [
        [
          0,
          0,
          1,
          2,
          3,
          3,
          4
        ],
        [
          2,
          3,
          2,
          4,
          5,
          6,
          7
        ]
      ],
      "data": [
        1,
        1,
        1,
        1,
        1,
        1,
        1
      ],
      "has_canonical_format": false
    },
    "JHRef": {
      "_shape": [
        80,
        8
      ],
      "maxprint": 50,
      "coords": [
        [
          10,
          26,
          15,
          34,
          52,
          54,
          78,
          75
        ],
        [
          2,
          2,
          3,
          4,
          5,
          6,
          7,
          7
        ]
      ],
      "data": [
        1,
        1,
        1,
        1,
        1,
        1,
        1,
        1
      ],
      "has_canonical_format": true
    },
    "KHRef": {
      "_shape": [
        80,
        8
      ],
      "maxprint": 50,
      "coords": [
        [],
        []
      ],
      "data": [],
      "has_canonical_format": true
    },
    "AHRef": {
      "_shape": [
        80,
        8
      ],
      "maxprint": 50,
      "coords": [
        [
          10,
          15,
          26,
          34,
          52,
          54,
          75,
          78
        ],
        [
          2,
          3,
          2,
          4,
          5,
          6,
          7,
          7
        ]
      ],
      "data": [
        1,
        1,
        1,
        1,
        1,
        1,
        1,
        1
      ],
      "has_canonical_format": false
    },
    "JS": {
      "_shape": [
        83,
        8
      ],
      "maxprint": 50,
      "coords": [
        [
          0,
          1,
          2,
          13,
          29,
          18,
          37,
          55,
          57,
          81,
          78
        ],
        [
          0,
          1,
          2,
          2,
          2,
          3,
          4,
          5,
          6,
          7,
          7
        ]
      ],
      "data": [
        1,
        1,
        1,
        1,
        1,
        1,
        1,
        1,
        1,
        1,
        1
      ],
      "has_canonical_format": false
    },
    "KS": {
      "_shape": [
        83,
        8
      ],
      "maxprint": 50,
      "coords": [
        [],
        []
      ],
      "data": [],
      "has_canonical_format": false
    },
    "AS": {
      "_shape": [
        83,
        8
      ],
      "maxprint": 50,
      "coords": [
        [
          0,
          1,
          2,
          13,
          29,
          18,
          37,
          55,
          57,
          78,
          81
        ],
        [
          0,
          1,
          2,
          2,
          2,
          3,
          4,
          5,
          6,
          7,
          7
        ]
      ],
      "data": [
        1,
        1,
        1,
        1,
        1,
        1,
        1,
        1,
        1,
        1,
        1
      ],
      "has_canonical_format": false
    },
    "JHT": {
      "coords": [
        [
          0,
          1,
          1,
          2,
          2,
          3,
          3
        ],
        [
          2,
          0,
          2,
          2,
          3,
          2,
          3
        ],
        [
          4,
          5,
          6,
          2,
          7,
          7,
          3
        ]
      ],
      "data": [
        1,
        1,
        1,
        1,
        1,
        1,
        1
      ],
      "shape": [
        4,
        4,
        8
      ],
      "fill_value": 0,
      "_cache": []
    },
    "KHT": {
      "coords": [
        [],
        [],
        []
      ],
      "data": [],
      "shape": [
        4,
        4,
        8
      ],
      "fill_value": 0,
      "_cache": []
    },
    "AHT": {
      "coords": [
        [
          0,
          1,
          1,
          2,
          2,
          3,
          3
        ],
        [
          2,
          0,
          2,
          2,
          3,
          2,
          3
        ],
        [
          4,
          5,
          6,
          2,
          7,
          7,
          3
        ]
      ],
      "data": [
        1,
        1,
        1,
        1,
        1,
        1,
        1
      ],
      "shape": [
        4,
        4,
        8
      ],
      "fill_value": 0,
      "_cache": []
    },
    "JHRefT": {
      "coords": [
        [
          0,
          0,
          1,
          2,
          3,
          3,
          4,
          4
        ],
        [
          2,
          3,
          2,
          0,
          1,
          1,
          2,
          3
        ],
        [
          2,
          3,
          2,
          2,
          0,
          2,
          3,
          2
        ],
        [
          2,
          3,
          2,
          4,
          5,
          6,
          7,
          7
        ]
      ],
      "data": [
        1,
        1,
        1,
        1,
        1,
        1,
        1,
        1
      ],
      "shape": [
        5,
        4,
        4,
        8
      ],
      "fill_value": 0,
      "_cache": []
    },
    "KHRefT": {
      "coords": [
        [],
        [],
        [],
        []
      ],
      "data": [],
      "shape": [
        5,
        4,
        4,
        8
      ],
      "fill_value": 0,
      "_cache": []
    },
    "AHRefT": {
      "coords": [
        [
          0,
          0,
          1,
          2,
          3,
          3,
          4,
          4
        ],
        [
          2,
          3,
          2,
          0,
          1,
          1,
          2,
          3
        ],
        [
          2,
          3,
          2,
          2,
          0,
          2,
          3,
          2
        ],
        [
          2,
          3,
          2,
          4,
          5,
          6,
          7,
          7
        ]
      ],
      "data": [
        1,
        1,
        1,
        1,
        1,
        1,
        1,
        1
      ],
      "shape": [
        5,
        4,
        4,
        8
      ],
      "fill_value": 0,
      "_cache": []
    },
    "PS": {
      "_shape": [
        11,
        664
      ],
      "maxprint": 50,
      "coords": [
        [
          0,
          1,
          2,
          3,
          4,
          5,
          6,
          7,
          8,
          9,
          10
        ],
        [
          0,
          84,
          168,
          179,
          195,
          267,
          369,
          470,
          555,
          659,
          662
        ]
      ],
      "data": [
        1,
        1,
        1,
        1,
        1,
        1,
        1,
        1,
        1,
        1,
        1
      ],
      "has_canonical_format": true
    },
    "PPS": {
      "_shape": [
        83,
        11
      ],
      "maxprint": 50,
      "coords": [
        [
          0,
          1,
          2,
          13,
          29,
          18,
          37,
          55,
          57,
          78,
          81
        ],
        [
          0,
          1,
          2,
          3,
          4,
          5,
          6,
          7,
          8,
          9,
          10
        ]
      ],
      "data": [
        1,
        1,
        1,
        1,
        1,
        1,
        1,
        1,
        1,
        1,
        1
      ],
      "has_canonical_format": true
    },
    "PRS": {
      "_shape": [
        8,
        11
      ],
      "maxprint": 50,
      "coords": [
        [
          0,
          1,
          2,
          2,
          2,
          3,
          4,
          5,
          6,
          7,
          7
        ],
        [
          0,
          1,
          2,
          3,
          4,
          5,
          6,
          7,
          8,
          9,
          10
        ]
      ],
      "data": [
        1,
        1,
        1,
        1,
        1,
        1,
        1,
        1,
        1,
        1,
        1
      ],
      "has_canonical_format": true
    },
    "ABS": {
      "_shape": [
        4,
        4
      ],
      "maxprint": 50,
      "coords": [
        [
          0,
          2,
          2,
          2,
          2,
          3,
          3
        ],
        [
          1,
          0,
          1,
          2,
          3,
          2,
          3
        ]
      ],
      "data": [
        1,
        1,
        1,
        1,
        1,
        1,
        1
      ],
      "has_canonical_format": false
    },
    "ALBS": {
      "coords": [
        [
          0,
          2,
          2,
          2,
          2,
          2,
          3,
          3
        ],
        [
          1,
          0,
          1,
          2,
          2,
          3,
          2,
          3
        ],
        [
          3,
          2,
          3,
          0,
          1,
          4,
          4,
          0
        ]
      ],
      "data": [
        1,
        1,
        1,
        1,
        1,
        1,
        1,
        1
      ],
      "shape": [
        4,
        4,
        5
      ],
      "fill_value": 0,
      "_cache": []
    },
    "DOFMax": 664
  },
  "analytics": {
    "MPR4Neg": {
      "coords": [
        [
          0,
          0,
          0,
          0,
          0,
          1,
          1,
          2,
          2,
          2,
          2,
          2
        ],
        [
          0,
          1,
          1,
          2,
          2,
          0,
          2,
          2,
          2,
          2,
          3,
          3
        ],
        [
          0,
          55,
          57,
          2,
          29,
          37,
          2,
          13,
          29,
          78,
          18,
          81
        ],
        [
          0,
          5,
          6,
          2,
          2,
          4,
          2,
          2,
          2,
          7,
          3,
          7
        ]
      ],
      "data": [
        1,
        1,
        1,
        1,
        1,
        1,
        1,
        1,
        1,
        1,
        1,
        1
      ],
      "shape": [
        3,
        4,
        83,
        8
      ],
      "fill_value": 0,
      "_cache": []
    },
    "MRho3Neg": {
      "coords": [
        [
          0,
          0,
          0,
          0,
          0,
          1,
          1,
          2,
          2,
          2,
          2,
          2
        ],
        [
          0,
          1,
          1,
          2,
          2,
          0,
          2,
          2,
          2,
          2,
          3,
          3
        ],
        [
          0,
          7,
          8,
          2,
          4,
          6,
          2,
          3,
          4,
          9,
          5,
          10
        ]
      ],
      "data": [
        1,
        1,
        1,
        1,
        1,
        1,
        1,
        1,
        1,
        1,
        1,
        1
      ],
      "shape": [
        3,
        4,
        11
      ],
      "fill_value": 0,
      "_cache": []
    },
    "MRho2Neg": {
      "_shape": [
        12,
        11
      ],
      "maxprint": 50,
      "coords": [
        [
          0,
          1,
          1,
          2,
          2,
          4,
          6,
          10,
          10,
          10,
          11,
          11
        ],
        [
          0,
          7,
          8,
          2,
          4,
          6,
          2,
          3,
          4,
          9,
          5,
          10
        ]
      ],
      "data": [
        1,
        1,
        1,
        1,
        1,
        1,
        1,
        1,
        1,
        1,
        1,
        1
      ],
      "has_canonical_format": false
    },
    "MPR4Pos": {
      "coords": [
        [
          0,
          0,
          0,
          1,
          1,
          2,
          2,
          2,
          2,
          2
        ],
        [
          0,
          1,
          2,
          0,
          2,
          2,
          2,
          2,
          3,
          3
        ],
        [
          55,
          1,
          57,
          0,
          37,
          13,
          29,
          81,
          18,
          78
        ],
        [
          5,
          1,
          6,
          0,
          4,
          2,
          2,
          7,
          3,
          7
        ]
      ],
      "data": [
        1,
        1,
        1,
        1,
        1,
        1,
        1,
        1,
        1,
        1
      ],
      "shape": [
        3,
        4,
        83,
        8
      ],
      "fill_value": 0,
      "_cache": []
    },
    "MRho3Pos": {
      "coords": [
        [
          0,
          0,
          0,
          1,
          1,
          2,
          2,
          2,
          2,
          2
        ],
        [
          0,
          1,
          2,
          0,
          2,
          2,
          2,
          2,
          3,
          3
        ],
        [
          7,
          1,
          8,
          0,
          6,
          3,
          4,
          10,
          5,
          9
        ]
      ],
      "data": [
        1,
        1,
        1,
        1,
        1,
        1,
        1,
        1,
        1,
        1
      ],
      "shape": [
        3,
        4,
        11
      ],
      "fill_value": 0,
      "_cache": []
    },
    "MRho2Pos": {
      "_shape": [
        12,
        11
      ],
      "maxprint": 50,
      "coords": [
        [
          0,
          1,
          2,
          4,
          6,
          10,
          10,
          10,
          11,
          11
        ],
        [
          7,
          1,
          8,
          0,
          6,
          3,
          4,
          10,
          5,
          9
        ]
      ],
      "data": [
        1,
        1,
        1,
        1,
        1,
        1,
        1,
        1,
        1,
        1
      ],
      "has_canonical_format": false
    },
    "ARho": {
      "_shape": [
        11,
        11
      ],
      "maxprint": 50,
      "coords": [
        [
          0,
          1,
          1,
          3,
          3,
          3,
          4,
          4,
          4,
          5,
          5,
          6,
          7,
          8,
          8,
          9,
          9,
          10,
          10,
          10
        ],
        [
          6,
          8,
          7,
          9,
          4,
          3,
          9,
          4,
          3,
          10,
          5,
          2,
          0,
          4,
          2,
          10,
          5,
          9,
          4,
          3
        ]
      ],
      "data": [
        1,
        1,
        1,
        1,
        1,
        1,
        1,
        1,
        1,
        1,
        1,
        1,
        1,
        1,
        1,
        1,
        1,
        1,
        1,
        1
      ],
      "has_canonical_format": false
    },
    "APR": {
      "_shape": [
        664,
        664
      ],
      "maxprint": 50,
      "coords": [
        [
          0,
          84,
          84,
          179,
          179,
          179,
          195,
          195,
          195,
          267,
          267,
          369,
          470,
          555,
          555,
          659,
          659,
          662,
          662,
          662
        ],
        [
          369,
          555,
          470,
          659,
          195,
          179,
          659,
          195,
          179,
          662,
          267,
          168,
          0,
          195,
          168,
          662,
          267,
          659,
          195,
          179
        ]
      ],
      "data": [
        1,
        1,
        1,
        1,
        1,
        1,
        1,
        1,
        1,
        1,
        1,
        1,
        1,
        1,
        1,
        1,
        1,
        1,
        1,
        1
      ],
      "has_canonical_format": true
    },
    "APR4": {
      "coords": [
        [
          0,
          1,
          1,
          13,
          13,
          13,
          18,
          18,
          29,
          29,
          29,
          37,
          55,
          57,
          57,
          78,
          78,
          81,
          81,
          81
        ],
        [
          0,
          1,
          1,
          2,
          2,
          2,
          3,
          3,
          2,
          2,
          2,
          4,
          5,
          6,
          6,
          7,
          7,
          7,
          7,
          7
        ],
        [
          37,
          55,
          57,
          13,
          29,
          78,
          18,
          81,
          13,
          29,
          78,
          2,
          0,
          2,
          29,
          18,
          81,
          13,
          29,
          78
        ],
        [
          4,
          5,
          6,
          2,
          2,
          7,
          3,
          7,
          2,
          2,
          7,
          2,
          0,
          2,
          2,
          3,
          7,
          2,
          2,
          7
        ]
      ],
      "data": [
        1,
        1,
        1,
        1,
        1,
        1,
        1,
        1,
        1,
        1,
        1,
        1,
        1,
        1,
        1,
        1,
        1,
        1,
        1,
        1
      ],
      "shape": [
        83,
        8,
        83,
        8
      ],
      "fill_value": 0,
      "_cache": []
    },
    "ARhoSoS": [],
    "AFormal": {
      "_shape": [
        12,
        12
      ],
      "maxprint": 50,
      "coords": [
        [
          0,
          1,
          1,
          2,
          4,
          10,
          10,
          11,
          11
        ],
        [
          4,
          2,
          0,
          10,
          6,
          11,
          10,
          10,
          11
        ]
      ],
      "data": [
        1,
        1,
        1,
        1,
        1,
        1,
        2,
        1,
        1
      ],
      "has_canonical_format": false
    },
    "AFormalT": {
      "coords": [
        [
          0,
          1,
          1,
          1,
          1,
          1,
          2,
          2,
          2
        ],
        [
          0,
          0,
          0,
          1,
          3,
          3,
          0,
          3,
          3
        ],
        [
          1,
          0,
          2,
          0,
          1,
          2,
          1,
          1,
          2
        ],
        [
          1,
          0,
          0,
          2,
          3,
          3,
          3,
          3,
          3
        ]
      ],
      "data": [
        1,
        1,
        1,
        1,
        2,
        1,
        1,
        1,
        1
      ],
      "shape": [
        3,
        4,
        3,
        4
      ],
      "fill_value": 0,
      "_cache": []
    },
    "ASys": {
      "_shape": [
        25,
        25
      ],
      "maxprint": 50,
      "coords": [
        [
          0,
          0,
          0,
          0,
          1,
          1,
          1,
          1,
          5,
          5,
          6,
          6,
          8,
          8,
          9,
          9,
          0,
          1,
          1,
          2,
          3,
          4,
          5,
          6,
          7,
          8,
          9,
          9,
          10,
          10,
          12,
          19,
          18,
          11,
          13,
          15,
          11,
          17,
          13,
          15,
          16,
          14,
          21,
          20,
          11,
          12,
          12,
          14,
          14,
          14,
          15,
          15,
          15,
          16,
          16,
          17,
          18,
          19,
          19,
          20,
          20,
          21,
          21,
          21,
          11,
          12,
          13,
          14,
          15,
          16,
          17,
          18,
          19,
          20,
          21,
          22,
          22,
          22,
          24,
          24,
          24,
          23,
          23,
          24,
          24,
          23,
          22,
          23,
          24,
          22,
          23,
          24,
          22,
          23,
          24
        ],
        [
          4,
          3,
          2,
          1,
          4,
          3,
          2,
          1,
          7,
          6,
          7,
          6,
          10,
          9,
          10,
          9,
          12,
          19,
          18,
          11,
          13,
          15,
          11,
          17,
          13,
          15,
          16,
          14,
          21,
          20,
          0,
          1,
          1,
          2,
          3,
          4,
          5,
          6,
          7,
          8,
          9,
          9,
          10,
          10,
          17,
          19,
          18,
          20,
          15,
          14,
          20,
          15,
          14,
          21,
          16,
          13,
          11,
          15,
          13,
          21,
          16,
          20,
          15,
          14,
          22,
          22,
          22,
          24,
          24,
          24,
          23,
          23,
          24,
          24,
          23,
          11,
          12,
          13,
          14,
          15,
          16,
          17,
          18,
          19,
          20,
          21,
          22,
          22,
          22,
          23,
          23,
          23,
          24,
          24,
          24
        ]
      ],
      "data": [
        1.0,
        1.0,
        1.0,
        1.0,
        1.0,
        1.0,
        1.0,
        1.0,
        1.0,
        1.0,
        1.0,
        1.0,
        1.0,
        1.0,
        1.0,
        1.0,
        1.0,
        1.0,
        1.0,
        1.0,
        1.0,
        1.0,
        1.0,
        1.0,
        1.0,
        1.0,
        1.0,
        1.0,
        1.0,
        1.0,
        1.0,
        1.0,
        1.0,
        1.0,
        1.0,
        1.0,
        1.0,
        1.0,
        1.0,
        1.0,
        1.0,
        1.0,
        1.0,
        1.0,
        1.0,
        1.0,
        1.0,
        1.0,
        1.0,
        1.0,
        1.0,
        1.0,
        1.0,
        1.0,
        1.0,
        1.0,
        1.0,
        1.0,
        1.0,
        1.0,
        1.0,
        1.0,
        1.0,
        1.0,
        1.0,
        1.0,
        1.0,
        1.0,
        1.0,
        1.0,
        1.0,
        1.0,
        1.0,
        1.0,
        1.0,
        1.0,
        1.0,
        1.0,
        1.0,
        1.0,
        1.0,
        1.0,
        1.0,
        1.0,
        1.0,
        1.0,
        1.0,
        1.0,
        1.0,
        1.0,
        1.0,
        1.0,
        1.0,
        1.0,
        1.0
      ],
      "has_canonical_format": false
    },
    "MRho2": {
      "_shape": [
        12,
        11
      ],
      "maxprint": 50,
      "coords": [
        [
          0,
          0,
          1,
          1,
          1,
          2,
          2,
          2,
          4,
          4,
          6,
          6,
          10,
          10,
          11,
          11
        ],
        [
          0,
          7,
          1,
          7,
          8,
          2,
          4,
          8,
          0,
          6,
          2,
          6,
          9,
          10,
          9,
          10
        ]
      ],
      "data": [
        -1,
        1,
        1,
        -1,
        -1,
        -1,
        -1,
        1,
        1,
        -1,
        -1,
        1,
        -1,
        1,
        1,
        -1
      ],
      "has_canonical_format": false
    },
    "MRho3": {
      "coords": [
        [
          0,
          0,
          0,
          0,
          0,
          0,
          0,
          0,
          1,
          1,
          1,
          1,
          2,
          2,
          2,
          2
        ],
        [
          0,
          0,
          1,
          1,
          1,
          2,
          2,
          2,
          0,
          0,
          2,
          2,
          2,
          2,
          3,
          3
        ],
        [
          0,
          7,
          1,
          7,
          8,
          2,
          4,
          8,
          0,
          6,
          2,
          6,
          9,
          10,
          9,
          10
        ]
      ],
      "data": [
        -1,
        1,
        1,
        -1,
        -1,
        -1,
        -1,
        1,
        1,
        -1,
        -1,
        1,
        -1,
        1,
        1,
        -1
      ],
      "shape": [
        3,
        4,
        11
      ],
      "fill_value": 0,
      "_cache": []
    }
  }
}