name,idx,number,status,idxResource,decisionMaker,autonomous,transportationResourceName,transportProcess
"['Power Line 1', 'Power Line 2', 'Power Line 3', 'Power Line 4', 'Power Line 5', 'Power Line 6', 'Power Line 7', 'Power Line 8', 'Power Line 9', 'Power Line 10', 'Power Line 11', 'Power Line 12', 'Power Line 13', 'Power Line 14', 'Power Line 15', 'Power Line 16', 'Power Line 17', 'Power Line 18', 'Power Line 19', 'Power Line 20', 'Power Line 21', 'Power Line 22', 'Power Line 23', 'Seawater Pipe 1', 'Seawater Pipe 2', 'Seawater Pipe 3', 'Freshwater Pipe 1', 'Freshwater Pipe 2', 'Freshwater Pipe 3', 'Freshwater Pipe 4', 'Freshwater Pipe 5', 'Freshwater Pipe 6', 'Potable Water Pipe 1', 'Potable Water Pipe 2', 'Potable Water Pipe 3', 'Potable Water Pipe 4', 'Potable Water Pipe 5', 'Potable Water Pipe 6', 'Pumped Water Pipe 1', 'Pumped Water Pipe 2', 'Pumped Water Pipe 3', 'Treated Wastewater Pipe', 'Wastewater Pipe 1', 'Wastewater Pipe 2', 'Wastewater Pipe 3', 'Wastewater Pipe 4', 'Wastewater Pipe 5', 'Wastewater Pipe 6', 'Wastewater Pipe 7', 'Wastewater Pipe 8', 'Wastewater Pipe 9', 'Wastewater Pipe 10', 'Wastewater Pipe 11', 'Wastewater Pipe 12']","[ 0  1  2  3  4  5  6  7  8  9 10 11 12 13 14 15 16 17 18 19 20 21 22 23
 24 25 26 27 28 29 30 31 32 33 34 35 36 37 38 39 40 41 42 43 44 45 46 47
 48 49 50 51 52 53]",54,"[ True  True  True  True  True  True  True  True  True  True  True  True
  True  True  True  True  True  True  True  True  True  True  True  True
  True  True  True  True  True  True  True  True  True  True  True  True
  True  True  True  True  True  True  True  True  True  True  True  True
  True  True  True  True  True  True]","[24 25 26 27 28 29 30 31 32 33 34 35 36 37 38 39 40 41 42 43 44 45 46 47
 48 49 50 51 52 53 54 55 56 57 58 59 60 61 62 63 64 65 66 67 68 69 70 71
 72 73 74 75 76 77]","['Multi-Utility', 'Multi-Utility', 'Multi-Utility', 'Multi-Utility', 'Multi-Utility', 'Multi-Utility', 'Multi-Utility', 'Multi-Utility', 'Multi-Utility', 'Multi-Utility', 'Multi-Utility', 'Multi-Utility', 'Multi-Utility', 'Multi-Utility', 'Multi-Utility', 'Multi-Utility', 'Multi-Utility', 'Multi-Utility', 'Multi-Utility', 'Multi-Utility', 'Multi-Utility', 'Multi-Utility', 'Multi-Utility', 'Multi-Utility', 'Multi-Utility', 'Multi-Utility', 'Multi-Utility', 'Multi-Utility', 'Multi-Utility', 'Multi-Utility', 'Multi-Utility', 'Multi-Utility', 'Multi-Utility', 'Multi-Utility', 'Multi-Utility', 'Multi-Utility', 'Multi-Utility', 'Multi-Utility', 'Multi-Utility', 'Multi-Utility', 'Multi-Utility', 'Multi-Utility', 'Multi-Utility', 'Multi-Utility', 'Multi-Utility', 'Multi-Utility', 'Multi-Utility', 'Multi-Utility', 'Multi-Utility', 'Multi-Utility', 'Multi-Utility', 'Multi-Utility', 'Multi-Utility', 'Multi-Utility']","[ True  True  True  True  True  True  True  True  True  True  True  True
  True  True  True  True  True  True  True  True  True  True  True  True
  True  True  True  True  True  True  True  True  True  True  True  True
  True  True  True  True  True  True  True  True  True  True  True  True
  True  True  True  True  True  True]","['Power Line 1', 'Power Line 2', 'Power Line 3', 'Power Line 4', 'Power Line 5', 'Power Line 6', 'Power Line 7', 'Power Line 8', 'Power Line 9', 'Power Line 10', 'Power Line 11', 'Power Line 12', 'Power Line 13', 'Power Line 14', 'Power Line 15', 'Power Line 16', 'Power Line 17', 'Power Line 18', 'Power Line 19', 'Power Line 20', 'Power Line 21', 'Power Line 22', 'Power Line 23', 'Seawater Pipe 1', 'Seawater Pipe 2', 'Seawater Pipe 3', 'Freshwater Pipe 1', 'Freshwater Pipe 2', 'Freshwater Pipe 3', 'Freshwater Pipe 4', 'Freshwater Pipe 5', 'Freshwater Pipe 6', 'Potable Water Pipe 1', 'Potable Water Pipe 2', 'Potable Water Pipe 3', 'Potable Water Pipe 4', 'Potable Water Pipe 5', 'Potable Water Pipe 6', 'Pumped Water Pipe 1', 'Pumped Water Pipe 2', 'Pumped Water Pipe 3', 'Treated Wastewater Pipe', 'Wastewater Pipe 1', 'Wastewater Pipe 2', 'Wastewater Pipe 3', 'Wastewater Pipe 4', 'Wastewater Pipe 5', 'Wastewater Pipe 6', 'Wastewater Pipe 7', 'Wastewater Pipe 8', 'Wastewater Pipe 9', 'Wastewater Pipe 10', 'Wastewater Pipe 11', 'Wastewater Pipe 12']","[<classLFES.TransportProcess object at 0x114964710>, <classLFES.TransportProcess object at 0x114c9cb10>, <classLFES.TransportProcess object at 0x114c9d090>, <classLFES.TransportProcess object at 0x114c9d610>, <classLFES.TransportProcess object at 0x114c9c510>, <classLFES.TransportProcess object at 0x114c9dfd0>, <classLFES.TransportProcess object at 0x114c9e550>, <classLFES.TransportProcess object at 0x114c9ead0>, <classLFES.TransportProcess object at 0x114c698d0>, <classLFES.TransportProcess object at 0x114c9df10>, <classLFES.TransportProcess object at 0x114c9fa10>, <classLFES.TransportProcess object at 0x114c9ff90>, <classLFES.TransportProcess object at 0x114cac550>, <classLFES.TransportProcess object at 0x114cacad0>, <classLFES.TransportProcess object at 0x114cad050>, <classLFES.TransportProcess object at 0x114cad5d0>, <classLFES.TransportProcess object at 0x114cadb50>, <classLFES.TransportProcess object at 0x114cae0d0>, <classLFES.TransportProcess object at 0x114cae650>, <classLFES.TransportProcess object at 0x114caebd0>, <classLFES.TransportProcess object at 0x114caf150>, <classLFES.TransportProcess object at 0x114caf6d0>, <classLFES.TransportProcess object at 0x114cafc50>, <classLFES.TransportProcess object at 0x114cb4210>, <classLFES.TransportProcess object at 0x114cb4790>, <classLFES.TransportProcess object at 0x114cb4d10>, <classLFES.TransportProcess object at 0x114cb5290>, <classLFES.TransportProcess object at 0x114cb5810>, <classLFES.TransportProcess object at 0x114cb5d90>, <classLFES.TransportProcess object at 0x114cb6310>, <classLFES.TransportProcess object at 0x114cb6890>, <classLFES.TransportProcess object at 0x114cb6e10>, <classLFES.TransportProcess object at 0x114cb7390>, <classLFES.TransportProcess object at 0x114cb7910>, <classLFES.TransportProcess object at 0x114cb7e90>, <classLFES.TransportProcess object at 0x114cb0450>, <classLFES.TransportProcess object at 0x114cb09d0>, <classLFES.TransportProcess object at 0x114cb0f50>, <classLFES.TransportProcess object at 0x114cb14d0>, <classLFES.TransportProcess object at 0x114cb1a50>, <classLFES.TransportProcess object at 0x114cb1fd0>, <classLFES.TransportProcess object at 0x114cb2550>, <classLFES.TransportProcess object at 0x114cb2ad0>, <classLFES.TransportProcess object at 0x114cb3050>, <classLFES.TransportProcess object at 0x114cb35d0>, <classLFES.TransportProcess object at 0x114cb3b50>, <classLFES.TransportProcess object at 0x114cb8110>, <classLFES.TransportProcess object at 0x114cb8690>, <classLFES.TransportProcess object at 0x114cb8c10>, <classLFES.TransportProcess object at 0x114cb9190>, <classLFES.TransportProcess object at 0x114cb9710>, <classLFES.TransportProcess object at 0x114cb9c90>, <classLFES.TransportProcess object at 0x114cba210>, <classLFES.TransportProcess object at 0x114cba790>]"
