{"name": ["ExampleNetwork2"], "scenario": ["base"], "refArchitecture": ["Smart City"], "dataState": ["final"], "version": ["4.0"], "runCode": ["2025-02-11"], "verboseMode": ["false"], "analyzeSoS": false, "inputDataFormat": ["default"], "inputFilePath": "0_Input_Data/XMLs/ExampleNetwork2-Default-Base-2025-02-11.xml", "outputFileType": ["csv"], "outputDirectory": "1_Output_Data", "outputDataFormat": ["full"], "operand": {"idx": [0, 1, 2, 3], "operandName": ["electricity", "potable water", "EV", "info"], "operandNet": [{"operandNetName": "deliver electricity", "number": 1, "status": ["true"], "Aprime": {"maxprint": 50, "coords": [[0], [0]], "data": [1], "has_canonical_format": false, "myClass": "coo_array", "myShape": [1, 1]}, "Adual": {"maxprint": 50, "coords": [[0, 0, 0, 0, 1, 1, 1, 1], [4, 3, 2, 1, 4, 3, 2, 1]], "data": [1, 1, 1, 1, 1, 1, 1, 1], "has_canonical_format": false, "myClass": "coo_array", "myShape": [5, 5]}, "LambdaTransform": {"maxprint": 50, "coords": [[0, 2, 3], [1, 0, 2]], "data": [1, 1, 1], "has_canonical_format": false, "myClass": "coo_array", "myShape": [5, 6]}, "LambdaHolding": {"maxprint": 50, "coords": [[1, 4], [3, 1]], "data": [1, 1], "has_canonical_format": false, "myClass": "coo_array", "myShape": [5, 5]}, "LambdaTransport": {"maxprint": 50, "coords": [[1, 1, 1, 1, 1, 1, 1, 1, 1, 1, 1, 1, 1, 1, 1, 1, 1, 1, 1, 1, 1, 1, 1, 1, 1, 1, 1, 1, 1, 1, 1, 1, 1, 1, 1, 1, 1, 1, 1, 1, 1, 1, 1, 1, 1, 1, 1, 1, 1, 4, 4, 4, 4, 4, 4, 4, 4, 4, 4, 4, 4, 4, 4, 4, 4, 4, 4, 4, 4, 4, 4, 4, 4, 4, 4, 4, 4, 4, 4, 4, 4, 4, 4, 4, 4, 4, 4, 4, 4, 4, 4, 4, 4, 4, 4, 4, 4, 4], [147, 148, 149, 150, 151, 152, 153, 154, 155, 156, 157, 158, 159, 160, 161, 162, 163, 164, 165, 166, 167, 168, 169, 170, 171, 172, 173, 174, 175, 176, 177, 178, 179, 180, 181, 182, 183, 184, 185, 186, 187, 188, 189, 190, 191, 192, 193, 194, 195, 49, 50, 51, 52, 53, 54, 55, 56, 57, 58, 59, 60, 61, 62, 63, 64, 65, 66, 67, 68, 69, 70, 71, 72, 73, 74, 75, 76, 77, 78, 79, 80, 81, 82, 83, 84, 85, 86, 87, 88, 89, 90, 91, 92, 93, 94, 95, 96, 97]], "data": [1.0, 1.0, 1.0, 1.0, 1.0, 1.0, 1.0, 1.0, 1.0, 1.0, 1.0, 1.0, 1.0, 1.0, 1.0, 1.0, 1.0, 1.0, 1.0, 1.0, 1.0, 1.0, 1.0, 1.0, 1.0, 1.0, 1.0, 1.0, 1.0, 1.0, 1.0, 1.0, 1.0, 1.0, 1.0, 1.0, 1.0, 1.0, 1.0, 1.0, 1.0, 1.0, 1.0, 1.0, 1.0, 1.0, 1.0, 1.0, 1.0, 1.0, 1.0, 1.0, 1.0, 1.0, 1.0, 1.0, 1.0, 1.0, 1.0, 1.0, 1.0, 1.0, 1.0, 1.0, 1.0, 1.0, 1.0, 1.0, 1.0, 1.0, 1.0, 1.0, 1.0, 1.0, 1.0, 1.0, 1.0, 1.0, 1.0, 1.0, 1.0, 1.0, 1.0, 1.0, 1.0, 1.0, 1.0, 1.0, 1.0, 1.0, 1.0, 1.0, 1.0, 1.0, 1.0, 1.0, 1.0, 1.0], "has_canonical_format": false, "myClass": "coo_array", "myShape": [5, 245]}, "Lambda": {"maxprint": 50, "coords": [[0, 2, 3, 1, 1, 1, 1, 1, 1, 1, 1, 1, 1, 1, 1, 1, 1, 1, 1, 1, 1, 1, 1, 1, 1, 1, 1, 1, 1, 1, 1, 1, 1, 1, 1, 1, 1, 1, 1, 1, 1, 1, 1, 1, 1, 1, 1, 1, 1, 1, 1, 1, 4, 4, 4, 4, 4, 4, 4, 4, 4, 4, 4, 4, 4, 4, 4, 4, 4, 4, 4, 4, 4, 4, 4, 4, 4, 4, 4, 4, 4, 4, 4, 4, 4, 4, 4, 4, 4, 4, 4, 4, 4, 4, 4, 4, 4, 4, 4, 4, 4], [1, 0, 2, 153, 154, 155, 156, 157, 158, 159, 160, 161, 162, 163, 164, 165, 166, 167, 168, 169, 170, 171, 172, 173, 174, 175, 176, 177, 178, 179, 180, 181, 182, 183, 184, 185, 186, 187, 188, 189, 190, 191, 192, 193, 194, 195, 196, 197, 198, 199, 200, 201, 55, 56, 57, 58, 59, 60, 61, 62, 63, 64, 65, 66, 67, 68, 69, 70, 71, 72, 73, 74, 75, 76, 77, 78, 79, 80, 81, 82, 83, 84, 85, 86, 87, 88, 89, 90, 91, 92, 93, 94, 95, 96, 97, 98, 99, 100, 101, 102, 103]], "data": [1.0, 1.0, 1.0, 1.0, 1.0, 1.0, 1.0, 1.0, 1.0, 1.0, 1.0, 1.0, 1.0, 1.0, 1.0, 1.0, 1.0, 1.0, 1.0, 1.0, 1.0, 1.0, 1.0, 1.0, 1.0, 1.0, 1.0, 1.0, 1.0, 1.0, 1.0, 1.0, 1.0, 1.0, 1.0, 1.0, 1.0, 1.0, 1.0, 1.0, 1.0, 1.0, 1.0, 1.0, 1.0, 1.0, 1.0, 1.0, 1.0, 1.0, 1.0, 1.0, 1.0, 1.0, 1.0, 1.0, 1.0, 1.0, 1.0, 1.0, 1.0, 1.0, 1.0, 1.0, 1.0, 1.0, 1.0, 1.0, 1.0, 1.0, 1.0, 1.0, 1.0, 1.0, 1.0, 1.0, 1.0, 1.0, 1.0, 1.0, 1.0, 1.0, 1.0, 1.0, 1.0, 1.0, 1.0, 1.0, 1.0, 1.0, 1.0, 1.0, 1.0, 1.0, 1.0, 1.0, 1.0, 1.0, 1.0, 1.0, 1.0], "has_canonical_format": false, "myClass": "coo_array", "myShape": [5, 251]}, "syncMat": {"maxprint": 50, "coords": [[0, 1, 1, 2, 3, 4], [1, 11, 10, 0, 2, 4]], "data": [1.0, 1.0, 1.0, 1.0, 1.0, 1.0], "has_canonical_format": false, "myClass": "coo_array", "myShape": [5, 14]}, "Mneg": {"maxprint": 50, "coords": [[0, 0, 0, 0], [1, 2, 3, 4]], "data": [1, 1, 1, 1], "has_canonical_format": true, "myClass": "coo_array", "myShape": [1, 5]}, "Mpos": {"maxprint": 50, "coords": [[0, 0], [0, 1]], "data": [1, 1], "has_canonical_format": true, "myClass": "coo_array", "myShape": [1, 5]}, "operandPlace": {"name": ["electric power"], "type": ["internal"], "myClass": "OperandPlace"}, "operandTransition": {"name": ["generate electric power", "continuing electric power", "treat water", "consume water", "charge EV"], "preset": ["", "electric power", "electric power", "electric power", "electric power"], "postset": ["electric power", "electric power", "", "", ""], "processLinkName": ["generate electric power", "transport electricity", "treat water", "consume water", "store EV"], "processLinkRef": ["", "hold 132kV", "", "", "charge EV"], "myClass": "OperandTransition"}, "myClass": "OperandNet"}, {"operandNetName": "deliver potable Water", "number": 1, "status": ["true"], "Aprime": {"maxprint": 50, "coords": [[0], [0]], "data": [1], "has_canonical_format": false, "myClass": "coo_array", "myShape": [1, 1]}, "Adual": {"maxprint": 50, "coords": [[0, 0, 1, 1], [2, 1, 2, 1]], "data": [1, 1, 1, 1], "has_canonical_format": false, "myClass": "coo_array", "myShape": [3, 3]}, "LambdaTransform": {"maxprint": 50, "coords": [[0, 2], [0, 2]], "data": [1, 1], "has_canonical_format": false, "myClass": "coo_array", "myShape": [3, 6]}, "LambdaHolding": {"maxprint": 50, "coords": [[1], [2]], "data": [1], "has_canonical_format": false, "myClass": "coo_array", "myShape": [3, 5]}, "LambdaTransport": {"maxprint": 50, "coords": [[1, 1, 1, 1, 1, 1, 1, 1, 1, 1, 1, 1, 1, 1, 1, 1, 1, 1, 1, 1, 1, 1, 1, 1, 1, 1, 1, 1, 1, 1, 1, 1, 1, 1, 1, 1, 1, 1, 1, 1, 1, 1, 1, 1, 1, 1, 1, 1, 1], [98, 99, 100, 101, 102, 103, 104, 105, 106, 107, 108, 109, 110, 111, 112, 113, 114, 115, 116, 117, 118, 119, 120, 121, 122, 123, 124, 125, 126, 127, 128, 129, 130, 131, 132, 133, 134, 135, 136, 137, 138, 139, 140, 141, 142, 143, 144, 145, 146]], "data": [1.0, 1.0, 1.0, 1.0, 1.0, 1.0, 1.0, 1.0, 1.0, 1.0, 1.0, 1.0, 1.0, 1.0, 1.0, 1.0, 1.0, 1.0, 1.0, 1.0, 1.0, 1.0, 1.0, 1.0, 1.0, 1.0, 1.0, 1.0, 1.0, 1.0, 1.0, 1.0, 1.0, 1.0, 1.0, 1.0, 1.0, 1.0, 1.0, 1.0, 1.0, 1.0, 1.0, 1.0, 1.0, 1.0, 1.0, 1.0, 1.0], "has_canonical_format": false, "myClass": "coo_array", "myShape": [3, 245]}, "Lambda": {"maxprint": 50, "coords": [[0, 2, 1, 1, 1, 1, 1, 1, 1, 1, 1, 1, 1, 1, 1, 1, 1, 1, 1, 1, 1, 1, 1, 1, 1, 1, 1, 1, 1, 1, 1, 1, 1, 1, 1, 1, 1, 1, 1, 1, 1, 1, 1, 1, 1, 1, 1, 1, 1, 1, 1], [0, 2, 104, 105, 106, 107, 108, 109, 110, 111, 112, 113, 114, 115, 116, 117, 118, 119, 120, 121, 122, 123, 124, 125, 126, 127, 128, 129, 130, 131, 132, 133, 134, 135, 136, 137, 138, 139, 140, 141, 142, 143, 144, 145, 146, 147, 148, 149, 150, 151, 152]], "data": [1.0, 1.0, 1.0, 1.0, 1.0, 1.0, 1.0, 1.0, 1.0, 1.0, 1.0, 1.0, 1.0, 1.0, 1.0, 1.0, 1.0, 1.0, 1.0, 1.0, 1.0, 1.0, 1.0, 1.0, 1.0, 1.0, 1.0, 1.0, 1.0, 1.0, 1.0, 1.0, 1.0, 1.0, 1.0, 1.0, 1.0, 1.0, 1.0, 1.0, 1.0, 1.0, 1.0, 1.0, 1.0, 1.0, 1.0, 1.0, 1.0, 1.0, 1.0], "has_canonical_format": false, "myClass": "coo_array", "myShape": [3, 251]}, "syncMat": {"maxprint": 50, "coords": [[0, 1, 2], [0, 9, 2]], "data": [1.0, 1.0, 1.0], "has_canonical_format": false, "myClass": "coo_array", "myShape": [3, 14]}, "Mneg": {"maxprint": 50, "coords": [[0, 0], [1, 2]], "data": [1, 1], "has_canonical_format": true, "myClass": "coo_array", "myShape": [1, 3]}, "Mpos": {"maxprint": 50, "coords": [[0, 0], [0, 1]], "data": [1, 1], "has_canonical_format": true, "myClass": "coo_array", "myShape": [1, 3]}, "operandPlace": {"name": ["potable water"], "type": ["internal"], "myClass": "OperandPlace"}, "operandTransition": {"name": ["treat water", "continuing water", "consume water"], "preset": ["", "potable water", "potable water"], "postset": ["potable water", "potable water", ""], "processLinkName": ["treat water", "transport potable water", "consume water"], "processLinkRef": ["", "hold potable water", ""], "myClass": "OperandTransition"}, "myClass": "OperandNet"}, {"operandNetName": "deliver EV", "number": 1, "status": ["true"], "Aprime": {"maxprint": 50, "coords": [[0], [0]], "data": [1], "has_canonical_format": false, "myClass": "coo_array", "myShape": [1, 1]}, "Adual": {"maxprint": 50, "coords": [[0, 0, 1, 1], [2, 1, 2, 1]], "data": [1, 1, 1, 1], "has_canonical_format": false, "myClass": "coo_array", "myShape": [3, 3]}, "LambdaTransform": {"maxprint": 50, "coords": [[], []], "data": [], "has_canonical_format": false, "myClass": "coo_array", "myShape": [3, 6]}, "LambdaHolding": {"maxprint": 50, "coords": [[0, 1, 2], [1, 0, 4]], "data": [1, 1, 1], "has_canonical_format": false, "myClass": "coo_array", "myShape": [3, 5]}, "LambdaTransport": {"maxprint": 50, "coords": [[0, 0, 0, 0, 0, 0, 0, 0, 0, 0, 0, 0, 0, 0, 0, 0, 0, 0, 0, 0, 0, 0, 0, 0, 0, 0, 0, 0, 0, 0, 0, 0, 0, 0, 0, 0, 0, 0, 0, 0, 0, 0, 0, 0, 0, 0, 0, 0, 0, 1, 1, 1, 1, 1, 1, 1, 1, 1, 1, 1, 1, 1, 1, 1, 1, 1, 1, 1, 1, 1, 1, 1, 1, 1, 1, 1, 1, 1, 1, 1, 1, 1, 1, 1, 1, 1, 1, 1, 1, 1, 1, 1, 1, 1, 1, 1, 1, 1, 2, 2, 2, 2, 2, 2, 2, 2, 2, 2, 2, 2, 2, 2, 2, 2, 2, 2, 2, 2, 2, 2, 2, 2, 2, 2, 2, 2, 2, 2, 2, 2, 2, 2, 2, 2, 2, 2, 2, 2, 2, 2, 2, 2, 2, 2, 2, 2, 2], [49, 50, 51, 52, 53, 54, 55, 56, 57, 58, 59, 60, 61, 62, 63, 64, 65, 66, 67, 68, 69, 70, 71, 72, 73, 74, 75, 76, 77, 78, 79, 80, 81, 82, 83, 84, 85, 86, 87, 88, 89, 90, 91, 92, 93, 94, 95, 96, 97, 0, 1, 2, 3, 4, 5, 6, 7, 8, 9, 10, 11, 12, 13, 14, 15, 16, 17, 18, 19, 20, 21, 22, 23, 24, 25, 26, 27, 28, 29, 30, 31, 32, 33, 34, 35, 36, 37, 38, 39, 40, 41, 42, 43, 44, 45, 46, 47, 48, 196, 197, 198, 199, 200, 201, 202, 203, 204, 205, 206, 207, 208, 209, 210, 211, 212, 213, 214, 215, 216, 217, 218, 219, 220, 221, 222, 223, 224, 225, 226, 227, 228, 229, 230, 231, 232, 233, 234, 235, 236, 237, 238, 239, 240, 241, 242, 243, 244]], "data": [1.0, 1.0, 1.0, 1.0, 1.0, 1.0, 1.0, 1.0, 1.0, 1.0, 1.0, 1.0, 1.0, 1.0, 1.0, 1.0, 1.0, 1.0, 1.0, 1.0, 1.0, 1.0, 1.0, 1.0, 1.0, 1.0, 1.0, 1.0, 1.0, 1.0, 1.0, 1.0, 1.0, 1.0, 1.0, 1.0, 1.0, 1.0, 1.0, 1.0, 1.0, 1.0, 1.0, 1.0, 1.0, 1.0, 1.0, 1.0, 1.0, 1.0, 1.0, 1.0, 1.0, 1.0, 1.0, 1.0, 1.0, 1.0, 1.0, 1.0, 1.0, 1.0, 1.0, 1.0, 1.0, 1.0, 1.0, 1.0, 1.0, 1.0, 1.0, 1.0, 1.0, 1.0, 1.0, 1.0, 1.0, 1.0, 1.0, 1.0, 1.0, 1.0, 1.0, 1.0, 1.0, 1.0, 1.0, 1.0, 1.0, 1.0, 1.0, 1.0, 1.0, 1.0, 1.0, 1.0, 1.0, 1.0, 1.0, 1.0, 1.0, 1.0, 1.0, 1.0, 1.0, 1.0, 1.0, 1.0, 1.0, 1.0, 1.0, 1.0, 1.0, 1.0, 1.0, 1.0, 1.0, 1.0, 1.0, 1.0, 1.0, 1.0, 1.0, 1.0, 1.0, 1.0, 1.0, 1.0, 1.0, 1.0, 1.0, 1.0, 1.0, 1.0, 1.0, 1.0, 1.0, 1.0, 1.0, 1.0, 1.0, 1.0, 1.0, 1.0, 1.0, 1.0, 1.0], "has_canonical_format": false, "myClass": "coo_array", "myShape": [3, 245]}, "Lambda": {"maxprint": 50, "coords": [[0, 0, 0, 0, 0, 0, 0, 0, 0, 0, 0, 0, 0, 0, 0, 0, 0, 0, 0, 0, 0, 0, 0, 0, 0, 0, 0, 0, 0, 0, 0, 0, 0, 0, 0, 0, 0, 0, 0, 0, 0, 0, 0, 0, 0, 0, 0, 0, 0, 1, 1, 1, 1, 1, 1, 1, 1, 1, 1, 1, 1, 1, 1, 1, 1, 1, 1, 1, 1, 1, 1, 1, 1, 1, 1, 1, 1, 1, 1, 1, 1, 1, 1, 1, 1, 1, 1, 1, 1, 1, 1, 1, 1, 1, 1, 1, 1, 1, 2, 2, 2, 2, 2, 2, 2, 2, 2, 2, 2, 2, 2, 2, 2, 2, 2, 2, 2, 2, 2, 2, 2, 2, 2, 2, 2, 2, 2, 2, 2, 2, 2, 2, 2, 2, 2, 2, 2, 2, 2, 2, 2, 2, 2, 2, 2, 2, 2], [55, 56, 57, 58, 59, 60, 61, 62, 63, 64, 65, 66, 67, 68, 69, 70, 71, 72, 73, 74, 75, 76, 77, 78, 79, 80, 81, 82, 83, 84, 85, 86, 87, 88, 89, 90, 91, 92, 93, 94, 95, 96, 97, 98, 99, 100, 101, 102, 103, 6, 7, 8, 9, 10, 11, 12, 13, 14, 15, 16, 17, 18, 19, 20, 21, 22, 23, 24, 25, 26, 27, 28, 29, 30, 31, 32, 33, 34, 35, 36, 37, 38, 39, 40, 41, 42, 43, 44, 45, 46, 47, 48, 49, 50, 51, 52, 53, 54, 202, 203, 204, 205, 206, 207, 208, 209, 210, 211, 212, 213, 214, 215, 216, 217, 218, 219, 220, 221, 222, 223, 224, 225, 226, 227, 228, 229, 230, 231, 232, 233, 234, 235, 236, 237, 238, 239, 240, 241, 242, 243, 244, 245, 246, 247, 248, 249, 250]], "data": [1.0, 1.0, 1.0, 1.0, 1.0, 1.0, 1.0, 1.0, 1.0, 1.0, 1.0, 1.0, 1.0, 1.0, 1.0, 1.0, 1.0, 1.0, 1.0, 1.0, 1.0, 1.0, 1.0, 1.0, 1.0, 1.0, 1.0, 1.0, 1.0, 1.0, 1.0, 1.0, 1.0, 1.0, 1.0, 1.0, 1.0, 1.0, 1.0, 1.0, 1.0, 1.0, 1.0, 1.0, 1.0, 1.0, 1.0, 1.0, 1.0, 1.0, 1.0, 1.0, 1.0, 1.0, 1.0, 1.0, 1.0, 1.0, 1.0, 1.0, 1.0, 1.0, 1.0, 1.0, 1.0, 1.0, 1.0, 1.0, 1.0, 1.0, 1.0, 1.0, 1.0, 1.0, 1.0, 1.0, 1.0, 1.0, 1.0, 1.0, 1.0, 1.0, 1.0, 1.0, 1.0, 1.0, 1.0, 1.0, 1.0, 1.0, 1.0, 1.0, 1.0, 1.0, 1.0, 1.0, 1.0, 1.0, 1.0, 1.0, 1.0, 1.0, 1.0, 1.0, 1.0, 1.0, 1.0, 1.0, 1.0, 1.0, 1.0, 1.0, 1.0, 1.0, 1.0, 1.0, 1.0, 1.0, 1.0, 1.0, 1.0, 1.0, 1.0, 1.0, 1.0, 1.0, 1.0, 1.0, 1.0, 1.0, 1.0, 1.0, 1.0, 1.0, 1.0, 1.0, 1.0, 1.0, 1.0, 1.0, 1.0, 1.0, 1.0, 1.0, 1.0, 1.0, 1.0], "has_canonical_format": false, "myClass": "coo_array", "myShape": [3, 251]}, "syncMat": {"maxprint": 50, "coords": [[0, 1, 1, 2, 2], [4, 8, 3, 13, 12]], "data": [1.0, 1.0, 1.0, 1.0, 1.0], "has_canonical_format": false, "myClass": "coo_array", "myShape": [3, 14]}, "Mneg": {"maxprint": 50, "coords": [[0, 0], [1, 2]], "data": [1, 1], "has_canonical_format": true, "myClass": "coo_array", "myShape": [1, 3]}, "Mpos": {"maxprint": 50, "coords": [[0, 0], [0, 1]], "data": [1, 1], "has_canonical_format": true, "myClass": "coo_array", "myShape": [1, 3]}, "operandPlace": {"name": ["state of charge"], "type": ["internal"], "myClass": "OperandPlace"}, "operandTransition": {"name": ["charge battery", "continuing battery", "discharge battery"], "preset": ["", "state of charge", "state of charge"], "postset": ["state of charge", "state of charge", ""], "processLinkName": ["store EV", "store EV", "transport EV"], "processLinkRef": ["charge EV", "park EV", "discharge EV"], "myClass": "OperandTransition"}, "myClass": "OperandNet"}, {"operandNetName": "info", "number": 1, "status": ["true"], "Aprime": {"maxprint": 50, "coords": [[0], [0]], "data": [3], "has_canonical_format": false, "myClass": "coo_array", "myShape": [1, 1]}, "Adual": {"maxprint": 50, "coords": [[0, 0, 0, 1, 1, 1, 2, 2, 2], [2, 1, 0, 2, 1, 0, 2, 1, 0]], "data": [1, 1, 1, 1, 1, 1, 1, 1, 1], "has_canonical_format": false, "myClass": "coo_array", "myShape": [3, 3]}, "LambdaTransform": {"maxprint": 50, "coords": [[0, 1, 2], [3, 4, 5]], "data": [1, 1, 1], "has_canonical_format": false, "myClass": "coo_array", "myShape": [3, 6]}, "LambdaHolding": {"maxprint": 50, "coords": [[], []], "data": [], "has_canonical_format": false, "myClass": "coo_array", "myShape": [3, 5]}, "LambdaTransport": {"maxprint": 50, "coords": [[], []], "data": [], "has_canonical_format": true, "myClass": "coo_array", "myShape": [3, 245]}, "Lambda": {"maxprint": 50, "coords": [[0, 1, 2], [3, 4, 5]], "data": [1.0, 1.0, 1.0], "has_canonical_format": false, "myClass": "coo_array", "myShape": [3, 251]}, "syncMat": {"maxprint": 50, "coords": [[0, 1, 2], [5, 6, 7]], "data": [1.0, 1.0, 1.0], "has_canonical_format": false, "myClass": "coo_array", "myShape": [3, 14]}, "Mneg": {"maxprint": 50, "coords": [[0, 0, 0], [0, 1, 2]], "data": [1, 1, 1], "has_canonical_format": true, "myClass": "coo_array", "myShape": [1, 3]}, "Mpos": {"maxprint": 50, "coords": [[0, 0, 0], [0, 1, 2]], "data": [1, 1, 1], "has_canonical_format": true, "myClass": "coo_array", "myShape": [1, 3]}, "operandPlace": {"name": ["decision made"], "type": ["internal"], "myClass": "OperandPlace"}, "operandTransition": {"name": ["make decision 1", "make decision 2", "make decision 3"], "preset": ["decision made", "decision made", "decision made"], "postset": ["decision made", "decision made", "decision made"], "processLinkName": ["make decision 1", "make decision 2", "make decision 3"], "processLinkRef": ["", "", ""], "myClass": "OperandTransition"}, "myClass": "OperandNet"}], "number": 4, "sosType": ["internal", "internal", "internal", "internal"], "operandType": ["energy", "matter", "matter", "info"], "AL": {"maxprint": 50, "coords": [[0, 0, 0, 0, 1, 1, 1, 1, 5, 5, 6, 6, 8, 8, 9, 9, 11, 11, 11, 12, 12, 12, 13, 13, 13], [4, 3, 2, 1, 4, 3, 2, 1, 7, 6, 7, 6, 10, 9, 10, 9, 13, 12, 11, 13, 12, 11, 13, 12, 11]], "data": [1, 1, 1, 1, 1, 1, 1, 1, 1, 1, 1, 1, 1, 1, 1, 1, 1, 1, 1, 1, 1, 1, 1, 1, 1], "has_canonical_format": false, "myClass": "coo_array", "myShape": [14, 14]}, "ALrho": {"maxprint": 50, "coords": [[0, 1, 1, 2, 3, 4, 5, 6, 7, 8, 9, 9, 10, 10, 11, 12, 13], [1, 11, 10, 0, 2, 4, 0, 9, 2, 4, 8, 3, 13, 12, 5, 6, 7]], "data": [1.0, 1.0, 1.0, 1.0, 1.0, 1.0, 1.0, 1.0, 1.0, 1.0, 1.0, 1.0, 1.0, 1.0, 1.0, 1.0, 1.0], "has_canonical_format": false, "myClass": "coo_array", "myShape": [14, 14]}, "myClass": "Operand"}, "sosService": {"idx": [], "operandName": [], "operandNet": [], "number": [], "sosType": [], "operandType": [], "AL": [], "ALrho": [], "myClass": "Operand"}, "transformationResource": {"name": ["Water Treatment Facility", "Solar PV", "House", "water utility decision maker", "electric power utility decision maker", "end user decision maker"], "idx": [0, 1, 2, 3, 4, 5], "number": 6, "status": [true, true, true, true, true, true], "idxResource": [0, 1, 2, 3, 4, 5], "decisionMaker": ["water utility decision maker", "electric power utility decision maker", "end user decision maker", "", "", ""], "autonomous": [false, false, false, true, true, true], "idxBuffer": [0, 1, 2, 3, 4, 5], "gpsX": [0.0, 0.0, 1.0, 10.0, 0.0, 10.0], "gpsY": [1.0, 0.0, 1.0, 10.0, 0.0, 10.0], "transformationResourceName": ["Water Treatment Facility", "Solar PV", "House", "water utility decision maker", "electric power utility decision maker", "end user decision maker"], "transformProcess": [{"name": ["treat water"], "idx": [0], "idxProcess": [], "status": [true], "inputOperand": ["electricity"], "inputOperandWeight": [[1.0]], "outputOperand": ["potable water"], "outputOperandWeight": [[1.0]], "MLPNeg": [], "MLPPos": [], "number": 1, "numberMax": 1, "myClass": "TransformProcess"}, {"name": ["generate electric power"], "idx": [1], "idxProcess": [], "status": [true], "inputOperand": [""], "inputOperandWeight": [[]], "outputOperand": ["electricity"], "outputOperandWeight": [[1.0]], "MLPNeg": [], "MLPPos": [], "number": 1, "numberMax": 1, "myClass": "TransformProcess"}, {"name": ["consume water"], "idx": [2], "idxProcess": [], "status": [true], "inputOperand": ["electricity,potable water"], "inputOperandWeight": [[1.0, 1.0]], "outputOperand": [""], "outputOperandWeight": [[]], "MLPNeg": [], "MLPPos": [], "number": 1, "numberMax": 1, "myClass": "TransformProcess"}, {"name": ["make decision 1"], "idx": [3], "idxProcess": [], "status": [true], "inputOperand": ["info"], "inputOperandWeight": [[1.0]], "outputOperand": ["info"], "outputOperandWeight": [[1.0]], "MLPNeg": [], "MLPPos": [], "number": 1, "numberMax": 1, "myClass": "TransformProcess"}, {"name": ["make decision 2"], "idx": [4], "idxProcess": [], "status": [true], "inputOperand": ["info"], "inputOperandWeight": [[1.0]], "outputOperand": ["info"], "outputOperandWeight": [[1.0]], "MLPNeg": [], "MLPPos": [], "number": 1, "numberMax": 1, "myClass": "TransformProcess"}, {"name": ["make decision 3"], "idx": [5], "idxProcess": [], "status": [true], "inputOperand": ["info"], "inputOperandWeight": [[1.0]], "outputOperand": ["info"], "outputOperandWeight": [[1.0]], "MLPNeg": [], "MLPPos": [], "number": 1, "numberMax": 1, "myClass": "TransformProcess"}], "transportProcess": [{"name": [], "idx": [], "idxProcess": [], "status": [], "inputOperand": [], "inputOperandWeight": [], "outputOperand": [], "outputOperandWeight": [], "MLPNeg": [], "MLPPos": [], "number": 0, "numberMax": 49, "origin": [], "destination": [], "ref": [], "nameRef": [], "idxOrigin": [], "idxDestination": [], "idxHolding": [], "idxTransport": [], "numberRefMax": 245, "numberRef": 0, "myClass": "TransportProcess"}, {"name": [], "idx": [], "idxProcess": [], "status": [], "inputOperand": [], "inputOperandWeight": [], "outputOperand": [], "outputOperandWeight": [], "MLPNeg": [], "MLPPos": [], "number": 0, "numberMax": 49, "origin": [], "destination": [], "ref": [], "nameRef": [], "idxOrigin": [], "idxDestination": [], "idxHolding": [], "idxTransport": [], "numberRefMax": 245, "numberRef": 0, "myClass": "TransportProcess"}, {"name": ["store ev @ house", "store ev @ house"], "idx": [16, 65], "idxProcess": [], "status": [true, true], "inputOperand": ["EV", "EV, electricity"], "inputOperandWeight": [[1.0], [1.0, 1.0]], "outputOperand": ["EV", "EV"], "outputOperandWeight": [[1.0], [1.0]], "MLPNeg": [], "MLPPos": [], "number": 2, "numberMax": 49, "origin": ["House", "House"], "destination": ["House", "House"], "ref": ["park EV", "charge EV"], "nameRef": ["store ev @ house while park EV", "store ev @ house while charge EV"], "idxOrigin": [2, 2], "idxDestination": [2, 2], "idxHolding": [0, 1], "idxTransport": [16, 16], "numberRefMax": 245, "numberRef": 2, "myClass": "TransportProcess"}, {"name": [], "idx": [], "idxProcess": [], "status": [], "inputOperand": [], "inputOperandWeight": [], "outputOperand": [], "outputOperandWeight": [], "MLPNeg": [], "MLPPos": [], "number": 0, "numberMax": 49, "origin": [], "destination": [], "ref": [], "nameRef": [], "idxOrigin": [], "idxDestination": [], "idxHolding": [], "idxTransport": [], "numberRefMax": 245, "numberRef": 0, "myClass": "TransportProcess"}, {"name": [], "idx": [], "idxProcess": [], "status": [], "inputOperand": [], "inputOperandWeight": [], "outputOperand": [], "outputOperandWeight": [], "MLPNeg": [], "MLPPos": [], "number": 0, "numberMax": 49, "origin": [], "destination": [], "ref": [], "nameRef": [], "idxOrigin": [], "idxDestination": [], "idxHolding": [], "idxTransport": [], "numberRefMax": 245, "numberRef": 0, "myClass": "TransportProcess"}, {"name": [], "idx": [], "idxProcess": [], "status": [], "inputOperand": [], "inputOperandWeight": [], "outputOperand": [], "outputOperandWeight": [], "MLPNeg": [], "MLPPos": [], "number": 0, "numberMax": 49, "origin": [], "destination": [], "ref": [], "nameRef": [], "idxOrigin": [], "idxDestination": [], "idxHolding": [], "idxTransport": [], "numberRefMax": 245, "numberRef": 0, "myClass": "TransportProcess"}], "peerRecipient": ["", "", "", "water utility decision maker,electric power utility decision maker,end user decision maker", "electric power utility decision maker,water utility decision maker,end user decision maker", "end user decision maker,electric power utility decision maker,water utility decision maker"], "myClass": "TransformationResource"}, "independentBuffer": {"name": ["Work Location"], "idx": [0], "number": 1, "status": [true], "idxResource": [6], "decisionMaker": ["end user decision maker"], "autonomous": [false], "idxBuffer": [6], "gpsX": [1.0], "gpsY": [0.0], "independentBufferName": ["Work Location"], "transportProcess": [{"name": ["store ev @ work location"], "idx": [48], "idxProcess": [], "status": [true], "inputOperand": ["EV"], "inputOperandWeight": [[1.0]], "outputOperand": ["EV"], "outputOperandWeight": [[1.0]], "MLPNeg": [], "MLPPos": [], "number": 1, "numberMax": 49, "origin": ["Work Location"], "destination": ["Work Location"], "ref": ["park EV"], "nameRef": ["store ev @ work location while park EV"], "idxOrigin": [6], "idxDestination": [6], "idxHolding": [0], "idxTransport": [48], "numberRefMax": 245, "numberRef": 1, "myClass": "TransportProcess"}], "myClass": "IndependentBuffer"}, "transportationResource": {"name": ["Water Pipeline", "Power Line 1", "Power Line 2", "Road"], "idx": [0, 1, 2, 3], "number": 4, "status": [true, true, true, true], "idxResource": [7, 8, 9, 10], "decisionMaker": ["water utility decision maker", "electric power utility decision maker", "electric power utility decision maker", "end user decision maker"], "autonomous": [false, false, false, false], "transportationResourceName": ["Water Pipeline", "Power Line 1", "Power Line 2", "Road"], "transportProcess": [{"name": ["transport potable water f. Water Treatment Facility t. House"], "idx": [100], "idxProcess": [], "status": [true], "inputOperand": ["potable water"], "inputOperandWeight": [[1.0]], "outputOperand": ["potable water"], "outputOperandWeight": [[1.0]], "MLPNeg": [], "MLPPos": [], "number": 1, "numberMax": 49, "origin": ["Water Treatment Facility"], "destination": ["House"], "ref": ["hold potable water"], "nameRef": ["transport potable water f. water treatment facility t. house while hold potable water"], "idxOrigin": [0], "idxDestination": [2], "idxHolding": [2], "idxTransport": [2], "numberRefMax": 245, "numberRef": 1, "myClass": "TransportProcess"}, {"name": ["transport electricity f. Solar PV t. Water Treatment Facility"], "idx": [154], "idxProcess": [], "status": [true], "inputOperand": ["electricity"], "inputOperandWeight": [[1.0]], "outputOperand": ["electricity"], "outputOperandWeight": [[1.0]], "MLPNeg": [], "MLPPos": [], "number": 1, "numberMax": 49, "origin": ["Solar PV"], "destination": ["Water Treatment Facility"], "ref": ["hold 132kV"], "nameRef": ["transport electricity f. solar pv t. water treatment facility while hold 132kV"], "idxOrigin": [1], "idxDestination": [0], "idxHolding": [3], "idxTransport": [7], "numberRefMax": 245, "numberRef": 1, "myClass": "TransportProcess"}, {"name": ["transport electricity f. Solar PV t. House"], "idx": [156], "idxProcess": [], "status": [true], "inputOperand": ["electricity"], "inputOperandWeight": [[1.0]], "outputOperand": ["electricity"], "outputOperandWeight": [[1.0]], "MLPNeg": [], "MLPPos": [], "number": 1, "numberMax": 49, "origin": ["Solar PV"], "destination": ["House"], "ref": ["hold 132kV"], "nameRef": ["transport electricity f. solar pv t. house while hold 132kV"], "idxOrigin": [1], "idxDestination": [2], "idxHolding": [3], "idxTransport": [9], "numberRefMax": 245, "numberRef": 1, "myClass": "TransportProcess"}, {"name": ["transport ev f. Work Location t. House", "transport ev f. House t. Work Location"], "idx": [240, 216], "idxProcess": [], "status": [true, true], "inputOperand": ["EV", "EV"], "inputOperandWeight": [[1.0], [1.0]], "outputOperand": ["EV", "EV"], "outputOperandWeight": [[1.0], [1.0]], "MLPNeg": [], "MLPPos": [], "number": 2, "numberMax": 49, "origin": ["Work Location", "House"], "destination": ["House", "Work Location"], "ref": ["discharge EV", "discharge EV"], "nameRef": ["transport ev f. work location t. house while discharge EV", "transport ev f. house t. work location while discharge EV"], "idxOrigin": [6, 2], "idxDestination": [2, 6], "idxHolding": [4, 4], "idxTransport": [44, 20], "numberRefMax": 245, "numberRef": 2, "myClass": "TransportProcess"}], "myClass": "TransportationResource"}, "buffer": {"name": ["Water Treatment Facility", "Solar PV", "House", "water utility decision maker", "electric power utility decision maker", "end user decision maker", "Work Location"], "idx": [0, 1, 2, 3, 4, 5, 6], "number": 7, "status": [true, true, true, true, true, true, true], "idxResource": [0, 1, 2, 3, 4, 5, 6], "decisionMaker": ["water utility decision maker", "electric power utility decision maker", "end user decision maker", "", "", "", "end user decision maker"], "autonomous": [false, false, false, true, true, true, false], "idxBuffer": [0, 1, 2, 3, 4, 5, 6], "gpsX": [0.0, 0.0, 1.0, 10.0, 0.0, 10.0, 1.0], "gpsY": [1.0, 0.0, 1.0, 10.0, 0.0, 10.0, 0.0], "myClass": "Buffer"}, "physicalResource": {"name": ["Water Treatment Facility", "Solar PV", "House", "water utility decision maker", "electric power utility decision maker", "end user decision maker", "Work Location", "Water Pipeline", "Power Line 1", "Power Line 2", "Road"], "idx": [0, 1, 2, 3, 4, 5, 6, 7, 8, 9, 10], "number": 11, "status": [true, true, true, true, true, true, true, true, true, true, true], "idxResource": [0, 1, 2, 3, 4, 5, 6, 7, 8, 9, 10], "decisionMaker": ["water utility decision maker", "electric power utility decision maker", "end user decision maker", "", "", "", "end user decision maker", "water utility decision maker", "electric power utility decision maker", "electric power utility decision maker", "end user decision maker"], "autonomous": [false, false, false, true, true, true, false, false, false, false, false], "myClass": "PhysicalResource"}, "decisionMaker": {"name": [], "idx": [], "number": 0, "status": [], "peerRecipient": [], "A_DD": {"maxprint": 50, "coords": [[], []], "data": [], "has_canonical_format": true, "myClass": "coo_array", "myShape": [0, 0]}, "A_RD": {"maxprint": 50, "coords": [[], []], "data": [], "has_canonical_format": false, "myClass": "coo_array", "myShape": [11, 0]}, "ARhoD": {"maxprint": 50, "coords": [[], []], "data": [], "has_canonical_format": false, "myClass": "coo_array", "myShape": [14, 0]}, "myClass": "DecisionMaker"}, "transformProcess": {"name": ["treat water", "generate electric power", "consume water", "make decision 1", "make decision 2", "make decision 3"], "idx": [0, 1, 2, 3, 4, 5], "idxProcess": [0, 1, 2, 3, 4, 5], "status": [true, true, true, true, true, true], "inputOperand": ["electricity", "", "electricity,potable water", "info", "info", "info"], "inputOperandWeight": [[1.0], [], [1.0, 1.0], [1.0], [1.0], [1.0]], "outputOperand": ["potable water", "electricity", "", "info", "info", "info"], "outputOperandWeight": [[1.0], [1.0], [], [1.0], [1.0], [1.0]], "MLPNeg": {"maxprint": 50, "coords": [[0, 0, 1, 3, 3, 3], [0, 2, 2, 3, 4, 5]], "data": [1.0, 1.0, 1.0, 1.0, 1.0, 1.0], "has_canonical_format": true, "myClass": "coo_array", "myShape": [4, 6]}, "MLPPos": {"maxprint": 50, "coords": [[1, 0, 3, 3, 3], [0, 1, 3, 4, 5]], "data": [1.0, 1.0, 1.0, 1.0, 1.0], "has_canonical_format": true, "myClass": "coo_array", "myShape": [4, 6]}, "number": 6, "numberMax": 6, "myClass": "TransformProcess"}, "transportProcess": {"name": ["store ev @ house", "store ev @ house", "store ev @ work location", "transport potable water f. Water Treatment Facility t. House", "transport electricity f. Solar PV t. Water Treatment Facility", "transport electricity f. Solar PV t. House", "transport ev f. Work Location t. House", "transport ev f. House t. Work Location"], "idx": [16, 65, 48, 100, 154, 156, 240, 216], "idxProcess": [22, 71, 54, 106, 160, 162, 246, 222], "status": [true, true, true, true, true, true, true, true], "inputOperand": ["EV", "EV, electricity", "EV", "potable water", "electricity", "electricity", "EV", "EV"], "inputOperandWeight": [[1.0], [1.0, 1.0], [1.0], [1.0], [1.0], [1.0], [1.0], [1.0]], "outputOperand": ["EV", "EV", "EV", "potable water", "electricity", "electricity", "EV", "EV"], "outputOperandWeight": [[1.0], [1.0], [1.0], [1.0], [1.0], [1.0], [1.0], [1.0]], "MLPNeg": {"maxprint": 50, "coords": [[2, 2, 2, 2, 2, 2, 2, 2, 2, 2, 2, 2, 2, 2, 2, 2, 2, 2, 2, 2, 2, 2, 2, 2, 2, 2, 2, 2, 2, 2, 2, 2, 2, 2, 2, 2, 2, 2, 2, 2, 2, 2, 2, 2, 2, 2, 2, 2, 2, 0, 0, 0, 0, 0, 0, 0, 0, 0, 0, 0, 0, 0, 0, 0, 0, 0, 0, 0, 0, 0, 0, 0, 0, 0, 0, 0, 0, 0, 0, 0, 0, 0, 0, 0, 0, 0, 0, 0, 0, 0, 0, 0, 0, 0, 0, 0, 0, 0, 2, 2, 2, 2, 2, 2, 2, 2, 2, 2, 2, 2, 2, 2, 2, 2, 2, 2, 2, 2, 2, 2, 2, 2, 2, 2, 2, 2, 2, 2, 2, 2, 2, 2, 2, 2, 2, 2, 2, 2, 2, 2, 2, 2, 2, 2, 2, 2, 2, 1, 1, 1, 1, 1, 1, 1, 1, 1, 1, 1, 1, 1, 1, 1, 1, 1, 1, 1, 1, 1, 1, 1, 1, 1, 1, 1, 1, 1, 1, 1, 1, 1, 1, 1, 1, 1, 1, 1, 1, 1, 1, 1, 1, 1, 1, 1, 1, 1, 0, 0, 0, 0, 0, 0, 0, 0, 0, 0, 0, 0, 0, 0, 0, 0, 0, 0, 0, 0, 0, 0, 0, 0, 0, 0, 0, 0, 0, 0, 0, 0, 0, 0, 0, 0, 0, 0, 0, 0, 0, 0, 0, 0, 0, 0, 0, 0, 0, 2, 2, 2, 2, 2, 2, 2, 2, 2, 2, 2, 2, 2, 2, 2, 2, 2, 2, 2, 2, 2, 2, 2, 2, 2, 2, 2, 2, 2, 2, 2, 2, 2, 2, 2, 2, 2, 2, 2, 2, 2, 2, 2, 2, 2, 2, 2, 2, 2], [0, 1, 2, 3, 4, 5, 6, 7, 8, 9, 10, 11, 12, 13, 14, 15, 16, 17, 18, 19, 20, 21, 22, 23, 24, 25, 26, 27, 28, 29, 30, 31, 32, 33, 34, 35, 36, 37, 38, 39, 40, 41, 42, 43, 44, 45, 46, 47, 48, 49, 50, 51, 52, 53, 54, 55, 56, 57, 58, 59, 60, 61, 62, 63, 64, 65, 66, 67, 68, 69, 70, 71, 72, 73, 74, 75, 76, 77, 78, 79, 80, 81, 82, 83, 84, 85, 86, 87, 88, 89, 90, 91, 92, 93, 94, 95, 96, 97, 49, 50, 51, 52, 53, 54, 55, 56, 57, 58, 59, 60, 61, 62, 63, 64, 65, 66, 67, 68, 69, 70, 71, 72, 73, 74, 75, 76, 77, 78, 79, 80, 81, 82, 83, 84, 85, 86, 87, 88, 89, 90, 91, 92, 93, 94, 95, 96, 97, 98, 99, 100, 101, 102, 103, 104, 105, 106, 107, 108, 109, 110, 111, 112, 113, 114, 115, 116, 117, 118, 119, 120, 121, 122, 123, 124, 125, 126, 127, 128, 129, 130, 131, 132, 133, 134, 135, 136, 137, 138, 139, 140, 141, 142, 143, 144, 145, 146, 147, 148, 149, 150, 151, 152, 153, 154, 155, 156, 157, 158, 159, 160, 161, 162, 163, 164, 165, 166, 167, 168, 169, 170, 171, 172, 173, 174, 175, 176, 177, 178, 179, 180, 181, 182, 183, 184, 185, 186, 187, 188, 189, 190, 191, 192, 193, 194, 195, 196, 197, 198, 199, 200, 201, 202, 203, 204, 205, 206, 207, 208, 209, 210, 211, 212, 213, 214, 215, 216, 217, 218, 219, 220, 221, 222, 223, 224, 225, 226, 227, 228, 229, 230, 231, 232, 233, 234, 235, 236, 237, 238, 239, 240, 241, 242, 243, 244]], "data": [1.0, 1.0, 1.0, 1.0, 1.0, 1.0, 1.0, 1.0, 1.0, 1.0, 1.0, 1.0, 1.0, 1.0, 1.0, 1.0, 1.0, 1.0, 1.0, 1.0, 1.0, 1.0, 1.0, 1.0, 1.0, 1.0, 1.0, 1.0, 1.0, 1.0, 1.0, 1.0, 1.0, 1.0, 1.0, 1.0, 1.0, 1.0, 1.0, 1.0, 1.0, 1.0, 1.0, 1.0, 1.0, 1.0, 1.0, 1.0, 1.0, 1.0, 1.0, 1.0, 1.0, 1.0, 1.0, 1.0, 1.0, 1.0, 1.0, 1.0, 1.0, 1.0, 1.0, 1.0, 1.0, 1.0, 1.0, 1.0, 1.0, 1.0, 1.0, 1.0, 1.0, 1.0, 1.0, 1.0, 1.0, 1.0, 1.0, 1.0, 1.0, 1.0, 1.0, 1.0, 1.0, 1.0, 1.0, 1.0, 1.0, 1.0, 1.0, 1.0, 1.0, 1.0, 1.0, 1.0, 1.0, 1.0, 1.0, 1.0, 1.0, 1.0, 1.0, 1.0, 1.0, 1.0, 1.0, 1.0, 1.0, 1.0, 1.0, 1.0, 1.0, 1.0, 1.0, 1.0, 1.0, 1.0, 1.0, 1.0, 1.0, 1.0, 1.0, 1.0, 1.0, 1.0, 1.0, 1.0, 1.0, 1.0, 1.0, 1.0, 1.0, 1.0, 1.0, 1.0, 1.0, 1.0, 1.0, 1.0, 1.0, 1.0, 1.0, 1.0, 1.0, 1.0, 1.0, 1.0, 1.0, 1.0, 1.0, 1.0, 1.0, 1.0, 1.0, 1.0, 1.0, 1.0, 1.0, 1.0, 1.0, 1.0, 1.0, 1.0, 1.0, 1.0, 1.0, 1.0, 1.0, 1.0, 1.0, 1.0, 1.0, 1.0, 1.0, 1.0, 1.0, 1.0, 1.0, 1.0, 1.0, 1.0, 1.0, 1.0, 1.0, 1.0, 1.0, 1.0, 1.0, 1.0, 1.0, 1.0, 1.0, 1.0, 1.0, 1.0, 1.0, 1.0, 1.0, 1.0, 1.0, 1.0, 1.0, 1.0, 1.0, 1.0, 1.0, 1.0, 1.0, 1.0, 1.0, 1.0, 1.0, 1.0, 1.0, 1.0, 1.0, 1.0, 1.0, 1.0, 1.0, 1.0, 1.0, 1.0, 1.0, 1.0, 1.0, 1.0, 1.0, 1.0, 1.0, 1.0, 1.0, 1.0, 1.0, 1.0, 1.0, 1.0, 1.0, 1.0, 1.0, 1.0, 1.0, 1.0, 1.0, 1.0, 1.0, 1.0, 1.0, 1.0, 1.0, 1.0, 1.0, 1.0, 1.0, 1.0, 1.0, 1.0, 1.0, 1.0, 1.0, 1.0, 1.0, 1.0, 1.0, 1.0, 1.0, 1.0, 1.0, 1.0, 1.0, 1.0, 1.0, 1.0, 1.0, 1.0, 1.0, 1.0, 1.0, 1.0, 1.0, 1.0, 1.0, 1.0, 1.0, 1.0, 1.0, 1.0, 1.0, 1.0, 1.0, 1.0, 1.0, 1.0], "has_canonical_format": false, "myClass": "coo_array", "myShape": [4, 245]}, "MLPPos": {"maxprint": 50, "coords": [[2, 2, 2, 2, 2, 2, 2, 2, 2, 2, 2, 2, 2, 2, 2, 2, 2, 2, 2, 2, 2, 2, 2, 2, 2, 2, 2, 2, 2, 2, 2, 2, 2, 2, 2, 2, 2, 2, 2, 2, 2, 2, 2, 2, 2, 2, 2, 2, 2, 2, 2, 2, 2, 2, 2, 2, 2, 2, 2, 2, 2, 2, 2, 2, 2, 2, 2, 2, 2, 2, 2, 2, 2, 2, 2, 2, 2, 2, 2, 2, 2, 2, 2, 2, 2, 2, 2, 2, 2, 2, 2, 2, 2, 2, 2, 2, 2, 2, 1, 1, 1, 1, 1, 1, 1, 1, 1, 1, 1, 1, 1, 1, 1, 1, 1, 1, 1, 1, 1, 1, 1, 1, 1, 1, 1, 1, 1, 1, 1, 1, 1, 1, 1, 1, 1, 1, 1, 1, 1, 1, 1, 1, 1, 1, 1, 1, 1, 0, 0, 0, 0, 0, 0, 0, 0, 0, 0, 0, 0, 0, 0, 0, 0, 0, 0, 0, 0, 0, 0, 0, 0, 0, 0, 0, 0, 0, 0, 0, 0, 0, 0, 0, 0, 0, 0, 0, 0, 0, 0, 0, 0, 0, 0, 0, 0, 0, 2, 2, 2, 2, 2, 2, 2, 2, 2, 2, 2, 2, 2, 2, 2, 2, 2, 2, 2, 2, 2, 2, 2, 2, 2, 2, 2, 2, 2, 2, 2, 2, 2, 2, 2, 2, 2, 2, 2, 2, 2, 2, 2, 2, 2, 2, 2, 2, 2], [0, 1, 2, 3, 4, 5, 6, 7, 8, 9, 10, 11, 12, 13, 14, 15, 16, 17, 18, 19, 20, 21, 22, 23, 24, 25, 26, 27, 28, 29, 30, 31, 32, 33, 34, 35, 36, 37, 38, 39, 40, 41, 42, 43, 44, 45, 46, 47, 48, 49, 50, 51, 52, 53, 54, 55, 56, 57, 58, 59, 60, 61, 62, 63, 64, 65, 66, 67, 68, 69, 70, 71, 72, 73, 74, 75, 76, 77, 78, 79, 80, 81, 82, 83, 84, 85, 86, 87, 88, 89, 90, 91, 92, 93, 94, 95, 96, 97, 98, 99, 100, 101, 102, 103, 104, 105, 106, 107, 108, 109, 110, 111, 112, 113, 114, 115, 116, 117, 118, 119, 120, 121, 122, 123, 124, 125, 126, 127, 128, 129, 130, 131, 132, 133, 134, 135, 136, 137, 138, 139, 140, 141, 142, 143, 144, 145, 146, 147, 148, 149, 150, 151, 152, 153, 154, 155, 156, 157, 158, 159, 160, 161, 162, 163, 164, 165, 166, 167, 168, 169, 170, 171, 172, 173, 174, 175, 176, 177, 178, 179, 180, 181, 182, 183, 184, 185, 186, 187, 188, 189, 190, 191, 192, 193, 194, 195, 196, 197, 198, 199, 200, 201, 202, 203, 204, 205, 206, 207, 208, 209, 210, 211, 212, 213, 214, 215, 216, 217, 218, 219, 220, 221, 222, 223, 224, 225, 226, 227, 228, 229, 230, 231, 232, 233, 234, 235, 236, 237, 238, 239, 240, 241, 242, 243, 244]], "data": [1.0, 1.0, 1.0, 1.0, 1.0, 1.0, 1.0, 1.0, 1.0, 1.0, 1.0, 1.0, 1.0, 1.0, 1.0, 1.0, 1.0, 1.0, 1.0, 1.0, 1.0, 1.0, 1.0, 1.0, 1.0, 1.0, 1.0, 1.0, 1.0, 1.0, 1.0, 1.0, 1.0, 1.0, 1.0, 1.0, 1.0, 1.0, 1.0, 1.0, 1.0, 1.0, 1.0, 1.0, 1.0, 1.0, 1.0, 1.0, 1.0, 1.0, 1.0, 1.0, 1.0, 1.0, 1.0, 1.0, 1.0, 1.0, 1.0, 1.0, 1.0, 1.0, 1.0, 1.0, 1.0, 1.0, 1.0, 1.0, 1.0, 1.0, 1.0, 1.0, 1.0, 1.0, 1.0, 1.0, 1.0, 1.0, 1.0, 1.0, 1.0, 1.0, 1.0, 1.0, 1.0, 1.0, 1.0, 1.0, 1.0, 1.0, 1.0, 1.0, 1.0, 1.0, 1.0, 1.0, 1.0, 1.0, 1.0, 1.0, 1.0, 1.0, 1.0, 1.0, 1.0, 1.0, 1.0, 1.0, 1.0, 1.0, 1.0, 1.0, 1.0, 1.0, 1.0, 1.0, 1.0, 1.0, 1.0, 1.0, 1.0, 1.0, 1.0, 1.0, 1.0, 1.0, 1.0, 1.0, 1.0, 1.0, 1.0, 1.0, 1.0, 1.0, 1.0, 1.0, 1.0, 1.0, 1.0, 1.0, 1.0, 1.0, 1.0, 1.0, 1.0, 1.0, 1.0, 1.0, 1.0, 1.0, 1.0, 1.0, 1.0, 1.0, 1.0, 1.0, 1.0, 1.0, 1.0, 1.0, 1.0, 1.0, 1.0, 1.0, 1.0, 1.0, 1.0, 1.0, 1.0, 1.0, 1.0, 1.0, 1.0, 1.0, 1.0, 1.0, 1.0, 1.0, 1.0, 1.0, 1.0, 1.0, 1.0, 1.0, 1.0, 1.0, 1.0, 1.0, 1.0, 1.0, 1.0, 1.0, 1.0, 1.0, 1.0, 1.0, 1.0, 1.0, 1.0, 1.0, 1.0, 1.0, 1.0, 1.0, 1.0, 1.0, 1.0, 1.0, 1.0, 1.0, 1.0, 1.0, 1.0, 1.0, 1.0, 1.0, 1.0, 1.0, 1.0, 1.0, 1.0, 1.0, 1.0, 1.0, 1.0, 1.0, 1.0, 1.0, 1.0, 1.0, 1.0, 1.0, 1.0, 1.0, 1.0, 1.0, 1.0, 1.0, 1.0, 1.0, 1.0, 1.0, 1.0, 1.0, 1.0], "has_canonical_format": false, "myClass": "coo_array", "myShape": [4, 245]}, "number": 8, "numberMax": 49, "origin": ["House", "House", "Work Location", "Water Treatment Facility", "Solar PV", "Solar PV", "Work Location", "House"], "destination": ["House", "House", "Work Location", "House", "Water Treatment Facility", "House", "House", "Work Location"], "ref": ["park EV", "charge EV", "park EV", "hold potable water", "hold 132kV", "hold 132kV", "discharge EV", "discharge EV"], "nameRef": ["store ev @ house while park EV", "store ev @ house while charge EV", "store ev @ work location while park EV", "transport potable water f. water treatment facility t. house while hold potable water", "transport electricity f. solar pv t. water treatment facility while hold 132kV", "transport electricity f. solar pv t. house while hold 132kV", "transport ev f. work location t. house while discharge EV", "transport ev f. house t. work location while discharge EV"], "idxOrigin": [2, 2, 6, 0, 1, 1, 6, 2], "idxDestination": [2, 2, 6, 2, 0, 2, 2, 6], "idxHolding": [0, 1, 0, 2, 3, 3, 4, 4], "idxTransport": [16, 16, 48, 2, 7, 9, 44, 20], "numberRefMax": 245, "numberRef": 8, "myClass": "TransportProcess"}, "holdingProcess": {"name": ["park EV", "charge EV", "hold potable water", "hold 132kV", "discharge EV"], "idx": [0, 1, 2, 3, 4], "idxProcess": [], "status": [true, true, true, true, true], "inputOperand": ["EV", "EV, electricity", "potable water", "electricity", "EV"], "inputOperandWeight": [[1.0], [1.0, 1.0], [1.0], [1.0], [1.0]], "outputOperand": ["EV", "EV", "potable water", "electricity", "EV"], "outputOperandWeight": [[1.0], [1.0], [1.0], [1.0], [1.0]], "MLPNeg": {"maxprint": 50, "coords": [[2, 0, 2, 1, 0, 2], [0, 1, 1, 2, 3, 4]], "data": [1.0, 1.0, 1.0, 1.0, 1.0, 1.0], "has_canonical_format": true, "myClass": "coo_array", "myShape": [4, 5]}, "MLPPos": {"maxprint": 50, "coords": [[2, 2, 1, 0, 2], [0, 1, 2, 3, 4]], "data": [1.0, 1.0, 1.0, 1.0, 1.0], "has_canonical_format": true, "myClass": "coo_array", "myShape": [4, 5]}, "number": 5, "numberMax": [], "myClass": "HoldingProcess"}, "systemProcess": {"name": ["treat water", "generate electric power", "consume water", "make decision 1", "make decision 2", "make decision 3", "store ev @ house while park EV", "store ev @ house while charge EV", "store ev @ work location while park EV", "transport potable water f. water treatment facility t. house while hold potable water", "transport electricity f. solar pv t. water treatment facility while hold 132kV", "transport electricity f. solar pv t. house while hold 132kV", "transport ev f. work location t. house while discharge EV", "transport ev f. house t. work location while discharge EV"], "idx": [0, 1, 2, 3, 4, 5, 22, 71, 54, 106, 160, 162, 246, 222], "idxProcess": [0, 1, 2, 3, 4, 5, 22, 71, 54, 106, 160, 162, 246, 222], "status": [true, true, true, true, true, true, true, true, true, true, true, true, true, true], "inputOperand": ["electricity", "", "electricity,potable water", "info", "info", "info", "EV", "EV, electricity", "EV", "potable water", "electricity", "electricity", "EV", "EV"], "inputOperandWeight": [[1.0], [], [1.0, 1.0], [1.0], [1.0], [1.0], [1.0], [1.0, 1.0], [1.0], [1.0], [1.0], [1.0], [1.0], [1.0]], "outputOperand": ["potable water", "electricity", "", "info", "info", "info", "EV", "EV", "EV", "potable water", "electricity", "electricity", "EV", "EV"], "outputOperandWeight": [[1.0], [1.0], [], [1.0], [1.0], [1.0], [1.0], [1.0], [1.0], [1.0], [1.0], [1.0], [1.0], [1.0]], "MLPNeg": {"maxprint": 50, "coords": [[0, 0, 1, 3, 3, 3, 2, 2, 2, 2, 2, 2, 2, 2, 2, 2, 2, 2, 2, 2, 2, 2, 2, 2, 2, 2, 2, 2, 2, 2, 2, 2, 2, 2, 2, 2, 2, 2, 2, 2, 2, 2, 2, 2, 2, 2, 2, 2, 2, 2, 2, 2, 2, 2, 2, 0, 0, 0, 0, 0, 0, 0, 0, 0, 0, 0, 0, 0, 0, 0, 0, 0, 0, 0, 0, 0, 0, 0, 0, 0, 0, 0, 0, 0, 0, 0, 0, 0, 0, 0, 0, 0, 0, 0, 0, 0, 0, 0, 0, 0, 0, 0, 0, 0, 2, 2, 2, 2, 2, 2, 2, 2, 2, 2, 2, 2, 2, 2, 2, 2, 2, 2, 2, 2, 2, 2, 2, 2, 2, 2, 2, 2, 2, 2, 2, 2, 2, 2, 2, 2, 2, 2, 2, 2, 2, 2, 2, 2, 2, 2, 2, 2, 2, 1, 1, 1, 1, 1, 1, 1, 1, 1, 1, 1, 1, 1, 1, 1, 1, 1, 1, 1, 1, 1, 1, 1, 1, 1, 1, 1, 1, 1, 1, 1, 1, 1, 1, 1, 1, 1, 1, 1, 1, 1, 1, 1, 1, 1, 1, 1, 1, 1, 0, 0, 0, 0, 0, 0, 0, 0, 0, 0, 0, 0, 0, 0, 0, 0, 0, 0, 0, 0, 0, 0, 0, 0, 0, 0, 0, 0, 0, 0, 0, 0, 0, 0, 0, 0, 0, 0, 0, 0, 0, 0, 0, 0, 0, 0, 0, 0, 0, 2, 2, 2, 2, 2, 2, 2, 2, 2, 2, 2, 2, 2, 2, 2, 2, 2, 2, 2, 2, 2, 2, 2, 2, 2, 2, 2, 2, 2, 2, 2, 2, 2, 2, 2, 2, 2, 2, 2, 2, 2, 2, 2, 2, 2, 2, 2, 2, 2], [0, 2, 2, 3, 4, 5, 6, 7, 8, 9, 10, 11, 12, 13, 14, 15, 16, 17, 18, 19, 20, 21, 22, 23, 24, 25, 26, 27, 28, 29, 30, 31, 32, 33, 34, 35, 36, 37, 38, 39, 40, 41, 42, 43, 44, 45, 46, 47, 48, 49, 50, 51, 52, 53, 54, 55, 56, 57, 58, 59, 60, 61, 62, 63, 64, 65, 66, 67, 68, 69, 70, 71, 72, 73, 74, 75, 76, 77, 78, 79, 80, 81, 82, 83, 84, 85, 86, 87, 88, 89, 90, 91, 92, 93, 94, 95, 96, 97, 98, 99, 100, 101, 102, 103, 55, 56, 57, 58, 59, 60, 61, 62, 63, 64, 65, 66, 67, 68, 69, 70, 71, 72, 73, 74, 75, 76, 77, 78, 79, 80, 81, 82, 83, 84, 85, 86, 87, 88, 89, 90, 91, 92, 93, 94, 95, 96, 97, 98, 99, 100, 101, 102, 103, 104, 105, 106, 107, 108, 109, 110, 111, 112, 113, 114, 115, 116, 117, 118, 119, 120, 121, 122, 123, 124, 125, 126, 127, 128, 129, 130, 131, 132, 133, 134, 135, 136, 137, 138, 139, 140, 141, 142, 143, 144, 145, 146, 147, 148, 149, 150, 151, 152, 153, 154, 155, 156, 157, 158, 159, 160, 161, 162, 163, 164, 165, 166, 167, 168, 169, 170, 171, 172, 173, 174, 175, 176, 177, 178, 179, 180, 181, 182, 183, 184, 185, 186, 187, 188, 189, 190, 191, 192, 193, 194, 195, 196, 197, 198, 199, 200, 201, 202, 203, 204, 205, 206, 207, 208, 209, 210, 211, 212, 213, 214, 215, 216, 217, 218, 219, 220, 221, 222, 223, 224, 225, 226, 227, 228, 229, 230, 231, 232, 233, 234, 235, 236, 237, 238, 239, 240, 241, 242, 243, 244, 245, 246, 247, 248, 249, 250]], "data": [1.0, 1.0, 1.0, 1.0, 1.0, 1.0, 1.0, 1.0, 1.0, 1.0, 1.0, 1.0, 1.0, 1.0, 1.0, 1.0, 1.0, 1.0, 1.0, 1.0, 1.0, 1.0, 1.0, 1.0, 1.0, 1.0, 1.0, 1.0, 1.0, 1.0, 1.0, 1.0, 1.0, 1.0, 1.0, 1.0, 1.0, 1.0, 1.0, 1.0, 1.0, 1.0, 1.0, 1.0, 1.0, 1.0, 1.0, 1.0, 1.0, 1.0, 1.0, 1.0, 1.0, 1.0, 1.0, 1.0, 1.0, 1.0, 1.0, 1.0, 1.0, 1.0, 1.0, 1.0, 1.0, 1.0, 1.0, 1.0, 1.0, 1.0, 1.0, 1.0, 1.0, 1.0, 1.0, 1.0, 1.0, 1.0, 1.0, 1.0, 1.0, 1.0, 1.0, 1.0, 1.0, 1.0, 1.0, 1.0, 1.0, 1.0, 1.0, 1.0, 1.0, 1.0, 1.0, 1.0, 1.0, 1.0, 1.0, 1.0, 1.0, 1.0, 1.0, 1.0, 1.0, 1.0, 1.0, 1.0, 1.0, 1.0, 1.0, 1.0, 1.0, 1.0, 1.0, 1.0, 1.0, 1.0, 1.0, 1.0, 1.0, 1.0, 1.0, 1.0, 1.0, 1.0, 1.0, 1.0, 1.0, 1.0, 1.0, 1.0, 1.0, 1.0, 1.0, 1.0, 1.0, 1.0, 1.0, 1.0, 1.0, 1.0, 1.0, 1.0, 1.0, 1.0, 1.0, 1.0, 1.0, 1.0, 1.0, 1.0, 1.0, 1.0, 1.0, 1.0, 1.0, 1.0, 1.0, 1.0, 1.0, 1.0, 1.0, 1.0, 1.0, 1.0, 1.0, 1.0, 1.0, 1.0, 1.0, 1.0, 1.0, 1.0, 1.0, 1.0, 1.0, 1.0, 1.0, 1.0, 1.0, 1.0, 1.0, 1.0, 1.0, 1.0, 1.0, 1.0, 1.0, 1.0, 1.0, 1.0, 1.0, 1.0, 1.0, 1.0, 1.0, 1.0, 1.0, 1.0, 1.0, 1.0, 1.0, 1.0, 1.0, 1.0, 1.0, 1.0, 1.0, 1.0, 1.0, 1.0, 1.0, 1.0, 1.0, 1.0, 1.0, 1.0, 1.0, 1.0, 1.0, 1.0, 1.0, 1.0, 1.0, 1.0, 1.0, 1.0, 1.0, 1.0, 1.0, 1.0, 1.0, 1.0, 1.0, 1.0, 1.0, 1.0, 1.0, 1.0, 1.0, 1.0, 1.0, 1.0, 1.0, 1.0, 1.0, 1.0, 1.0, 1.0, 1.0, 1.0, 1.0, 1.0, 1.0, 1.0, 1.0, 1.0, 1.0, 1.0, 1.0, 1.0, 1.0, 1.0, 1.0, 1.0, 1.0, 1.0, 1.0, 1.0, 1.0, 1.0, 1.0, 1.0, 1.0, 1.0, 1.0, 1.0, 1.0, 1.0, 1.0, 1.0, 1.0, 1.0, 1.0, 1.0, 1.0, 1.0, 1.0, 1.0, 1.0, 1.0, 1.0, 1.0, 1.0, 1.0, 1.0, 1.0, 1.0, 1.0], "has_canonical_format": false, "myClass": "coo_array", "myShape": [4, 251]}, "MLPPos": {"maxprint": 50, "coords": [[1, 0, 3, 3, 3, 2, 2, 2, 2, 2, 2, 2, 2, 2, 2, 2, 2, 2, 2, 2, 2, 2, 2, 2, 2, 2, 2, 2, 2, 2, 2, 2, 2, 2, 2, 2, 2, 2, 2, 2, 2, 2, 2, 2, 2, 2, 2, 2, 2, 2, 2, 2, 2, 2, 2, 2, 2, 2, 2, 2, 2, 2, 2, 2, 2, 2, 2, 2, 2, 2, 2, 2, 2, 2, 2, 2, 2, 2, 2, 2, 2, 2, 2, 2, 2, 2, 2, 2, 2, 2, 2, 2, 2, 2, 2, 2, 2, 2, 2, 2, 2, 2, 2, 1, 1, 1, 1, 1, 1, 1, 1, 1, 1, 1, 1, 1, 1, 1, 1, 1, 1, 1, 1, 1, 1, 1, 1, 1, 1, 1, 1, 1, 1, 1, 1, 1, 1, 1, 1, 1, 1, 1, 1, 1, 1, 1, 1, 1, 1, 1, 1, 1, 0, 0, 0, 0, 0, 0, 0, 0, 0, 0, 0, 0, 0, 0, 0, 0, 0, 0, 0, 0, 0, 0, 0, 0, 0, 0, 0, 0, 0, 0, 0, 0, 0, 0, 0, 0, 0, 0, 0, 0, 0, 0, 0, 0, 0, 0, 0, 0, 0, 2, 2, 2, 2, 2, 2, 2, 2, 2, 2, 2, 2, 2, 2, 2, 2, 2, 2, 2, 2, 2, 2, 2, 2, 2, 2, 2, 2, 2, 2, 2, 2, 2, 2, 2, 2, 2, 2, 2, 2, 2, 2, 2, 2, 2, 2, 2, 2, 2], [0, 1, 3, 4, 5, 6, 7, 8, 9, 10, 11, 12, 13, 14, 15, 16, 17, 18, 19, 20, 21, 22, 23, 24, 25, 26, 27, 28, 29, 30, 31, 32, 33, 34, 35, 36, 37, 38, 39, 40, 41, 42, 43, 44, 45, 46, 47, 48, 49, 50, 51, 52, 53, 54, 55, 56, 57, 58, 59, 60, 61, 62, 63, 64, 65, 66, 67, 68, 69, 70, 71, 72, 73, 74, 75, 76, 77, 78, 79, 80, 81, 82, 83, 84, 85, 86, 87, 88, 89, 90, 91, 92, 93, 94, 95, 96, 97, 98, 99, 100, 101, 102, 103, 104, 105, 106, 107, 108, 109, 110, 111, 112, 113, 114, 115, 116, 117, 118, 119, 120, 121, 122, 123, 124, 125, 126, 127, 128, 129, 130, 131, 132, 133, 134, 135, 136, 137, 138, 139, 140, 141, 142, 143, 144, 145, 146, 147, 148, 149, 150, 151, 152, 153, 154, 155, 156, 157, 158, 159, 160, 161, 162, 163, 164, 165, 166, 167, 168, 169, 170, 171, 172, 173, 174, 175, 176, 177, 178, 179, 180, 181, 182, 183, 184, 185, 186, 187, 188, 189, 190, 191, 192, 193, 194, 195, 196, 197, 198, 199, 200, 201, 202, 203, 204, 205, 206, 207, 208, 209, 210, 211, 212, 213, 214, 215, 216, 217, 218, 219, 220, 221, 222, 223, 224, 225, 226, 227, 228, 229, 230, 231, 232, 233, 234, 235, 236, 237, 238, 239, 240, 241, 242, 243, 244, 245, 246, 247, 248, 249, 250]], "data": [1.0, 1.0, 1.0, 1.0, 1.0, 1.0, 1.0, 1.0, 1.0, 1.0, 1.0, 1.0, 1.0, 1.0, 1.0, 1.0, 1.0, 1.0, 1.0, 1.0, 1.0, 1.0, 1.0, 1.0, 1.0, 1.0, 1.0, 1.0, 1.0, 1.0, 1.0, 1.0, 1.0, 1.0, 1.0, 1.0, 1.0, 1.0, 1.0, 1.0, 1.0, 1.0, 1.0, 1.0, 1.0, 1.0, 1.0, 1.0, 1.0, 1.0, 1.0, 1.0, 1.0, 1.0, 1.0, 1.0, 1.0, 1.0, 1.0, 1.0, 1.0, 1.0, 1.0, 1.0, 1.0, 1.0, 1.0, 1.0, 1.0, 1.0, 1.0, 1.0, 1.0, 1.0, 1.0, 1.0, 1.0, 1.0, 1.0, 1.0, 1.0, 1.0, 1.0, 1.0, 1.0, 1.0, 1.0, 1.0, 1.0, 1.0, 1.0, 1.0, 1.0, 1.0, 1.0, 1.0, 1.0, 1.0, 1.0, 1.0, 1.0, 1.0, 1.0, 1.0, 1.0, 1.0, 1.0, 1.0, 1.0, 1.0, 1.0, 1.0, 1.0, 1.0, 1.0, 1.0, 1.0, 1.0, 1.0, 1.0, 1.0, 1.0, 1.0, 1.0, 1.0, 1.0, 1.0, 1.0, 1.0, 1.0, 1.0, 1.0, 1.0, 1.0, 1.0, 1.0, 1.0, 1.0, 1.0, 1.0, 1.0, 1.0, 1.0, 1.0, 1.0, 1.0, 1.0, 1.0, 1.0, 1.0, 1.0, 1.0, 1.0, 1.0, 1.0, 1.0, 1.0, 1.0, 1.0, 1.0, 1.0, 1.0, 1.0, 1.0, 1.0, 1.0, 1.0, 1.0, 1.0, 1.0, 1.0, 1.0, 1.0, 1.0, 1.0, 1.0, 1.0, 1.0, 1.0, 1.0, 1.0, 1.0, 1.0, 1.0, 1.0, 1.0, 1.0, 1.0, 1.0, 1.0, 1.0, 1.0, 1.0, 1.0, 1.0, 1.0, 1.0, 1.0, 1.0, 1.0, 1.0, 1.0, 1.0, 1.0, 1.0, 1.0, 1.0, 1.0, 1.0, 1.0, 1.0, 1.0, 1.0, 1.0, 1.0, 1.0, 1.0, 1.0, 1.0, 1.0, 1.0, 1.0, 1.0, 1.0, 1.0, 1.0, 1.0, 1.0, 1.0, 1.0, 1.0, 1.0, 1.0, 1.0, 1.0, 1.0, 1.0, 1.0, 1.0, 1.0, 1.0, 1.0, 1.0, 1.0, 1.0, 1.0, 1.0, 1.0, 1.0, 1.0], "has_canonical_format": false, "myClass": "coo_array", "myShape": [4, 251]}, "number": 14, "numberMax": 251, "myClass": "SystemProcess"}, "systemConcept": {"name": ["Water Treatment Facility treat water", "Solar PV generate electric power", "House consume water", "House store ev @ house while park EV", "House store ev @ house while charge EV", "water utility decision maker make decision 1", "electric power utility decision maker make decision 2", "end user decision maker make decision 3", "Work Location store ev @ work location while park EV", "Water Pipeline transport potable water f. water treatment facility t. house while hold potable water", "Power Line 1 transport electricity f. solar pv t. water treatment facility while hold 132kV", "Power Line 2 transport electricity f. solar pv t. house while hold 132kV", "Road transport ev f. house t. work location while discharge EV", "Road transport ev f. work location t. house while discharge EV"], "nameSoS": [], "idxPsiCapability": [0, 1, 2, 3, 4, 5, 6, 7, 8, 9, 10, 11, 12, 13], "idxChiCapability": [0, 252, 504, 524, 573, 756, 1008, 1260, 1560, 1863, 2168, 2421, 2732, 2756], "idxResource": [0, 1, 2, 2, 2, 3, 4, 5, 6, 7, 8, 9, 10, 10], "idxProcess": [0, 1, 2, 22, 71, 3, 4, 5, 54, 106, 160, 162, 222, 246], "idxOperand": {"maxprint": 50, "coords": [[0, 0, 0, 0, 0, 1, 1, 2, 2, 2, 2, 2, 3, 3, 3], [11, 10, 4, 2, 0, 9, 2, 13, 12, 4, 8, 3, 7, 6, 5]], "data": [1.0, 1.0, 1.0, 1.0, 1.0, 1.0, 1.0, 1.0, 1.0, 1.0, 1.0, 1.0, 1.0, 1.0, 1.0], "has_canonical_format": false, "myClass": "coo_array", "myShape": [4, 14]}, "idxOutput": {"maxprint": 50, "coords": [[0, 0, 0, 1, 1, 2, 2, 2, 2, 2, 3, 3, 3], [11, 10, 1, 9, 0, 13, 12, 4, 8, 3, 7, 6, 5]], "data": [1.0, 1.0, 1.0, 1.0, 1.0, 1.0, 1.0, 1.0, 1.0, 1.0, 1.0, 1.0, 1.0], "has_canonical_format": false, "myClass": "coo_array", "myShape": [4, 14]}, "DOFM": 6, "DOFHRef": 8, "DOFG": 7, "DOFH": 7, "DOFS": 14, "JM": {"maxprint": 50, "coords": [[0, 1, 2, 3, 4, 5], [0, 1, 2, 3, 4, 5]], "data": [1, 1, 1, 1, 1, 1], "has_canonical_format": true, "myClass": "coo_array", "myShape": [6, 6]}, "KM": {"maxprint": 50, "coords": [[], []], "data": [], "has_canonical_format": true, "myClass": "coo_array", "myShape": [6, 6]}, "AM": {"maxprint": 50, "coords": [[0, 1, 2, 3, 4, 5], [0, 1, 2, 3, 4, 5]], "data": [1, 1, 1, 1, 1, 1], "has_canonical_format": false, "myClass": "coo_array", "myShape": [6, 6]}, "JH": {"maxprint": 50, "coords": [[16, 48, 2, 7, 9, 44, 20], [2, 6, 7, 8, 9, 10, 10]], "data": [1, 1, 1, 1, 1, 1, 1], "has_canonical_format": true, "myClass": "coo_array", "myShape": [49, 11]}, "KH": {"maxprint": 50, "coords": [[], []], "data": [], "has_canonical_format": true, "myClass": "coo_array", "myShape": [49, 11]}, "AH": {"maxprint": 50, "coords": [[2, 7, 9, 16, 20, 44, 48], [7, 8, 9, 2, 10, 10, 6]], "data": [1, 1, 1, 1, 1, 1, 1], "has_canonical_format": false, "myClass": "coo_array", "myShape": [49, 11]}, "JG": {"maxprint": 50, "coords": [[0, 1, 0, 2, 3, 3, 4], [2, 2, 6, 7, 8, 9, 10]], "data": [1, 1, 1, 1, 1, 1, 1], "has_canonical_format": true, "myClass": "coo_array", "myShape": [5, 11]}, "KG": {"maxprint": 50, "coords": [[], []], "data": [], "has_canonical_format": true, "myClass": "coo_array", "myShape": [5, 11]}, "AG": {"maxprint": 50, "coords": [[0, 0, 1, 2, 3, 3, 4], [2, 6, 2, 7, 8, 9, 10]], "data": [1, 1, 1, 1, 1, 1, 1], "has_canonical_format": false, "myClass": "coo_array", "myShape": [5, 11]}, "JHRef": {"maxprint": 50, "coords": [[16, 65, 48, 100, 154, 156, 240, 216], [2, 2, 6, 7, 8, 9, 10, 10]], "data": [1, 1, 1, 1, 1, 1, 1, 1], "has_canonical_format": true, "myClass": "coo_array", "myShape": [245, 11]}, "KHRef": {"maxprint": 50, "coords": [[], []], "data": [], "has_canonical_format": true, "myClass": "coo_array", "myShape": [245, 11]}, "AHRef": {"maxprint": 50, "coords": [[16, 48, 65, 100, 154, 156, 216, 240], [2, 6, 2, 7, 8, 9, 10, 10]], "data": [1, 1, 1, 1, 1, 1, 1, 1], "has_canonical_format": false, "myClass": "coo_array", "myShape": [245, 11]}, "JS": {"maxprint": 50, "coords": [[0, 1, 2, 3, 4, 5, 22, 71, 54, 106, 160, 162, 246, 222], [0, 1, 2, 3, 4, 5, 2, 2, 6, 7, 8, 9, 10, 10]], "data": [1, 1, 1, 1, 1, 1, 1, 1, 1, 1, 1, 1, 1, 1], "has_canonical_format": false, "myClass": "coo_array", "myShape": [251, 11]}, "KS": {"maxprint": 50, "coords": [[], []], "data": [], "has_canonical_format": false, "myClass": "coo_array", "myShape": [251, 11]}, "AS": {"maxprint": 50, "coords": [[0, 1, 2, 22, 71, 3, 4, 5, 54, 106, 160, 162, 222, 246], [0, 1, 2, 2, 2, 3, 4, 5, 6, 7, 8, 9, 10, 10]], "data": [1, 1, 1, 1, 1, 1, 1, 1, 1, 1, 1, 1, 1, 1], "has_canonical_format": false, "myClass": "coo_array", "myShape": [251, 11]}, "JHT": {"coords": [[0, 1, 1, 2, 2, 6, 6], [2, 0, 2, 2, 6, 2, 6], [7, 8, 9, 2, 10, 10, 6]], "data": [1, 1, 1, 1, 1, 1, 1], "fill_value": 0, "_cache": [], "myClass": "COO", "myShape": [7, 7, 11]}, "KHT": {"coords": [[], [], []], "data": [], "fill_value": 0, "_cache": [], "myClass": "COO", "myShape": [7, 7, 11]}, "AHT": {"coords": [[0, 1, 1, 2, 2, 6, 6], [2, 0, 2, 2, 6, 2, 6], [7, 8, 9, 2, 10, 10, 6]], "data": [1, 1, 1, 1, 1, 1, 1], "fill_value": 0, "_cache": [], "myClass": "COO", "myShape": [7, 7, 11]}, "JHRefT": {"coords": [[0, 0, 1, 2, 3, 3, 4, 4], [2, 6, 2, 0, 1, 1, 2, 6], [2, 6, 2, 2, 0, 2, 6, 2], [2, 6, 2, 7, 8, 9, 10, 10]], "data": [1, 1, 1, 1, 1, 1, 1, 1], "fill_value": 0, "_cache": [], "myClass": "COO", "myShape": [5, 7, 7, 11]}, "KHRefT": {"coords": [[], [], [], []], "data": [], "fill_value": 0, "_cache": [], "myClass": "COO", "myShape": [5, 7, 7, 11]}, "AHRefT": {"coords": [[0, 0, 1, 2, 3, 3, 4, 4], [2, 6, 2, 0, 1, 1, 2, 6], [2, 6, 2, 2, 0, 2, 6, 2], [2, 6, 2, 7, 8, 9, 10, 10]], "data": [1, 1, 1, 1, 1, 1, 1, 1], "fill_value": 0, "_cache": [], "myClass": "COO", "myShape": [5, 7, 7, 11]}, "PS": {"maxprint": 50, "coords": [[0, 1, 2, 3, 4, 5, 6, 7, 8, 9, 10, 11, 12, 13], [0, 252, 504, 524, 573, 756, 1008, 1260, 1560, 1863, 2168, 2421, 2732, 2756]], "data": [1, 1, 1, 1, 1, 1, 1, 1, 1, 1, 1, 1, 1, 1], "has_canonical_format": true, "myClass": "coo_array", "myShape": [14, 2761]}, "PPS": {"maxprint": 50, "coords": [[0, 1, 2, 22, 71, 3, 4, 5, 54, 106, 160, 162, 222, 246], [0, 1, 2, 3, 4, 5, 6, 7, 8, 9, 10, 11, 12, 13]], "data": [1, 1, 1, 1, 1, 1, 1, 1, 1, 1, 1, 1, 1, 1], "has_canonical_format": true, "myClass": "coo_array", "myShape": [251, 14]}, "PRS": {"maxprint": 50, "coords": [[0, 1, 2, 2, 2, 3, 4, 5, 6, 7, 8, 9, 10, 10], [0, 1, 2, 3, 4, 5, 6, 7, 8, 9, 10, 11, 12, 13]], "data": [1, 1, 1, 1, 1, 1, 1, 1, 1, 1, 1, 1, 1, 1], "has_canonical_format": true, "myClass": "coo_array", "myShape": [11, 14]}, "ABS": {"maxprint": 50, "coords": [[0, 2, 2, 2, 2, 6, 6], [1, 0, 1, 2, 6, 2, 6]], "data": [1, 1, 1, 1, 1, 1, 1], "has_canonical_format": false, "myClass": "coo_array", "myShape": [7, 7]}, "ALBS": {"coords": [[0, 2, 2, 2, 2, 2, 6, 6], [1, 0, 1, 2, 2, 6, 2, 6], [3, 2, 3, 0, 1, 4, 4, 0]], "data": [1, 1, 1, 1, 1, 1, 1, 1], "fill_value": 0, "_cache": [], "myClass": "COO", "myShape": [7, 7, 5]}, "DOFMax": 2761, "myClass": "SystemConcept"}, "analytics": {"MPR4Neg": {"coords": [[0, 0, 0, 0, 0, 1, 1, 2, 2, 2, 2, 2, 3, 3, 3], [0, 1, 1, 2, 2, 0, 2, 2, 2, 2, 6, 6, 3, 4, 5], [0, 160, 162, 2, 71, 106, 2, 22, 71, 222, 54, 246, 3, 4, 5], [0, 8, 9, 2, 2, 7, 2, 2, 2, 10, 6, 10, 3, 4, 5]], "data": [1, 1, 1, 1, 1, 1, 1, 1, 1, 1, 1, 1, 1, 1, 1], "fill_value": 0, "_cache": [], "myClass": "COO", "myShape": [4, 7, 251, 11]}, "MRho3Neg": {"coords": [[0, 0, 0, 0, 0, 1, 1, 2, 2, 2, 2, 2, 3, 3, 3], [0, 1, 1, 2, 2, 0, 2, 2, 2, 2, 6, 6, 3, 4, 5], [0, 10, 11, 2, 4, 9, 2, 3, 4, 12, 8, 13, 5, 6, 7]], "data": [1, 1, 1, 1, 1, 1, 1, 1, 1, 1, 1, 1, 1, 1, 1], "fill_value": 0, "_cache": [], "myClass": "COO", "myShape": [4, 7, 14]}, "MRho2Neg": {"maxprint": 50, "coords": [[0, 1, 1, 2, 2, 7, 9, 16, 16, 16, 20, 20, 24, 25, 26], [0, 10, 11, 2, 4, 9, 2, 3, 4, 12, 8, 13, 5, 6, 7]], "data": [1, 1, 1, 1, 1, 1, 1, 1, 1, 1, 1, 1, 1, 1, 1], "has_canonical_format": false, "myClass": "coo_array", "myShape": [28, 14]}, "MPR4Pos": {"coords": [[0, 0, 0, 1, 1, 2, 2, 2, 2, 2, 3, 3, 3], [0, 1, 2, 0, 2, 2, 2, 2, 6, 6, 3, 4, 5], [160, 1, 162, 0, 106, 22, 71, 246, 54, 222, 3, 4, 5], [8, 1, 9, 0, 7, 2, 2, 10, 6, 10, 3, 4, 5]], "data": [1, 1, 1, 1, 1, 1, 1, 1, 1, 1, 1, 1, 1], "fill_value": 0, "_cache": [], "myClass": "COO", "myShape": [4, 7, 251, 11]}, "MRho3Pos": {"coords": [[0, 0, 0, 1, 1, 2, 2, 2, 2, 2, 3, 3, 3], [0, 1, 2, 0, 2, 2, 2, 2, 6, 6, 3, 4, 5], [10, 1, 11, 0, 9, 3, 4, 13, 8, 12, 5, 6, 7]], "data": [1, 1, 1, 1, 1, 1, 1, 1, 1, 1, 1, 1, 1], "fill_value": 0, "_cache": [], "myClass": "COO", "myShape": [4, 7, 14]}, "MRho2Pos": {"maxprint": 50, "coords": [[0, 1, 2, 7, 9, 16, 16, 16, 20, 20, 24, 25, 26], [10, 1, 11, 0, 9, 3, 4, 13, 8, 12, 5, 6, 7]], "data": [1, 1, 1, 1, 1, 1, 1, 1, 1, 1, 1, 1, 1], "has_canonical_format": false, "myClass": "coo_array", "myShape": [28, 14]}, "MPR4": {"coords": [[0, 0, 0, 0, 0, 0, 0, 0, 1, 1, 1, 1, 2, 2, 2, 2], [0, 0, 1, 1, 1, 2, 2, 2, 0, 0, 2, 2, 2, 2, 6, 6], [0, 160, 1, 160, 162, 2, 71, 162, 0, 106, 2, 106, 222, 246, 222, 246], [0, 8, 1, 8, 9, 2, 2, 9, 0, 7, 2, 7, 10, 10, 10, 10]], "data": [-1, 1, 1, -1, -1, -1, -1, 1, 1, -1, -1, 1, -1, 1, 1, -1], "fill_value": 0, "_cache": [], "myClass": "COO", "myShape": [4, 7, 251, 11]}, "MRho3": {"coords": [[0, 0, 0, 0, 0, 0, 0, 0, 1, 1, 1, 1, 2, 2, 2, 2], [0, 0, 1, 1, 1, 2, 2, 2, 0, 0, 2, 2, 2, 2, 6, 6], [0, 10, 1, 10, 11, 2, 4, 11, 0, 9, 2, 9, 12, 13, 12, 13]], "data": [-1, 1, 1, -1, -1, -1, -1, 1, 1, -1, -1, 1, -1, 1, 1, -1], "fill_value": 0, "_cache": [], "myClass": "COO", "myShape": [4, 7, 14]}, "MRho2": {"maxprint": 50, "coords": [[0, 0, 1, 1, 1, 2, 2, 2, 7, 7, 9, 9, 16, 16, 20, 20], [0, 10, 1, 10, 11, 2, 4, 11, 0, 9, 2, 9, 12, 13, 12, 13]], "data": [-1, 1, 1, -1, -1, -1, -1, 1, 1, -1, -1, 1, -1, 1, 1, -1], "has_canonical_format": false, "myClass": "coo_array", "myShape": [28, 14]}, "ARho": {"maxprint": 50, "coords": [[0, 1, 1, 3, 3, 3, 4, 4, 4, 5, 6, 7, 8, 8, 9, 10, 11, 11, 12, 12, 13, 13, 13], [9, 11, 10, 12, 4, 3, 12, 4, 3, 5, 6, 7, 13, 8, 2, 0, 4, 2, 13, 8, 12, 4, 3]], "data": [1, 1, 1, 1, 1, 1, 1, 1, 1, 1, 1, 1, 1, 1, 1, 1, 1, 1, 1, 1, 1, 1, 1], "has_canonical_format": false, "myClass": "coo_array", "myShape": [14, 14]}, "APR": {"maxprint": 50, "coords": [[0, 252, 252, 524, 524, 524, 573, 573, 573, 756, 1008, 1260, 1560, 1560, 1863, 2168, 2421, 2421, 2732, 2732, 2756, 2756, 2756], [1863, 2421, 2168, 2732, 573, 524, 2732, 573, 524, 756, 1008, 1260, 2756, 1560, 504, 0, 573, 504, 2756, 1560, 2732, 573, 524]], "data": [1, 1, 1, 1, 1, 1, 1, 1, 1, 1, 1, 1, 1, 1, 1, 1, 1, 1, 1, 1, 1, 1, 1], "has_canonical_format": true, "myClass": "coo_array", "myShape": [2761, 2761]}, "APR4": {"coords": [[0, 1, 1, 3, 4, 5, 22, 22, 22, 54, 54, 71, 71, 71, 106, 160, 162, 162, 222, 222, 246, 246, 246], [0, 1, 1, 3, 4, 5, 2, 2, 2, 6, 6, 2, 2, 2, 7, 8, 9, 9, 10, 10, 10, 10, 10], [106, 160, 162, 3, 4, 5, 22, 71, 222, 54, 246, 22, 71, 222, 2, 0, 2, 71, 54, 246, 22, 71, 222], [7, 8, 9, 3, 4, 5, 2, 2, 10, 6, 10, 2, 2, 10, 2, 0, 2, 2, 6, 10, 2, 2, 10]], "data": [1, 1, 1, 1, 1, 1, 1, 1, 1, 1, 1, 1, 1, 1, 1, 1, 1, 1, 1, 1, 1, 1, 1], "fill_value": 0, "_cache": [], "myClass": "COO", "myShape": [251, 11, 251, 11]}, "ARhoSoS": [], "AFormal": {"maxprint": 50, "coords": [[0, 1, 1, 2, 7, 16, 16, 20, 20, 24, 25, 26], [7, 2, 0, 16, 9, 20, 16, 16, 20, 24, 25, 26]], "data": [1, 1, 1, 1, 1, 1, 2, 1, 1, 1, 1, 1], "has_canonical_format": false, "myClass": "coo_array", "myShape": [28, 28]}, "AFormalT": {"coords": [[0, 0, 0, 0, 0, 0, 1, 1, 1, 2, 2, 3], [0, 4, 4, 5, 5, 6, 0, 0, 6, 0, 6, 1], [3, 0, 0, 0, 0, 0, 0, 2, 1, 0, 2, 1], [1, 4, 5, 4, 5, 6, 0, 0, 6, 4, 6, 2]], "data": [1, 2, 1, 1, 1, 1, 1, 1, 1, 1, 1, 1], "fill_value": 0, "_cache": [], "myClass": "COO", "myShape": [4, 7, 4, 7]}, "ASys": {"maxprint": 50, "coords": [[0, 0, 0, 0, 1, 1, 1, 1, 5, 5, 6, 6, 8, 8, 9, 9, 11, 11, 11, 12, 12, 12, 13, 13, 13, 0, 1, 1, 2, 3, 4, 5, 6, 7, 8, 9, 9, 10, 10, 11, 12, 13, 15, 25, 24, 14, 16, 18, 14, 23, 16, 18, 22, 17, 27, 26, 19, 20, 21, 14, 15, 15, 17, 17, 17, 18, 18, 18, 19, 20, 21, 22, 22, 23, 24, 25, 25, 26, 26, 27, 27, 27], [4, 3, 2, 1, 4, 3, 2, 1, 7, 6, 7, 6, 10, 9, 10, 9, 13, 12, 11, 13, 12, 11, 13, 12, 11, 15, 25, 24, 14, 16, 18, 14, 23, 16, 18, 22, 17, 27, 26, 19, 20, 21, 0, 1, 1, 2, 3, 4, 5, 6, 7, 8, 9, 9, 10, 10, 11, 12, 13, 23, 25, 24, 26, 18, 17, 26, 18, 17, 19, 20, 21, 27, 22, 16, 14, 18, 16, 27, 22, 26, 18, 17]], "data": [1.0, 1.0, 1.0, 1.0, 1.0, 1.0, 1.0, 1.0, 1.0, 1.0, 1.0, 1.0, 1.0, 1.0, 1.0, 1.0, 1.0, 1.0, 1.0, 1.0, 1.0, 1.0, 1.0, 1.0, 1.0, 1.0, 1.0, 1.0, 1.0, 1.0, 1.0, 1.0, 1.0, 1.0, 1.0, 1.0, 1.0, 1.0, 1.0, 1.0, 1.0, 1.0, 1.0, 1.0, 1.0, 1.0, 1.0, 1.0, 1.0, 1.0, 1.0, 1.0, 1.0, 1.0, 1.0, 1.0, 1.0, 1.0, 1.0, 1.0, 1.0, 1.0, 1.0, 1.0, 1.0, 1.0, 1.0, 1.0, 1.0, 1.0, 1.0, 1.0, 1.0, 1.0, 1.0, 1.0, 1.0, 1.0, 1.0, 1.0, 1.0, 1.0], "has_canonical_format": false, "myClass": "coo_array", "myShape": [28, 28]}, "myClass": "Analytics"}, "myClass": "LFES"}