{"outputDirectory": "1_Output_Data", "outputFileType": ["csv"], "outputDataFormat": ["mini"], "MLPNegMU": {"maxprint": 50, "coords": [[0, 0, 1, 3, 3, 3], [0, 2, 2, 3, 4, 5]], "data": [1.0, 1.0, 1.0, 1.0, 1.0, 1.0], "has_canonical_format": true, "myClass": "coo_array", "myShape": [4, 6]}, "MLPNegG": {"maxprint": 50, "coords": [[2, 0, 2, 1, 0, 2], [0, 1, 1, 2, 3, 4]], "data": [1.0, 1.0, 1.0, 1.0, 1.0, 1.0], "has_canonical_format": true, "myClass": "coo_array", "myShape": [4, 5]}, "numOperands": 4, "numTransformationResource": 6, "numTransformProcess": 6, "numBuffer": 7, "numPhysicalResource": 11, "name": ["ExampleNetwork2"], "inputDataFormat": ["default"], "scenario": ["base"], "runCode": ["2025-02-10"], "idxChiCapability": [0, 252, 504, 524, 573, 756, 1008, 1260, 1560, 1863, 2168, 2421, 2732, 2756], "myClass": "GenericClass"}