{"outputDirectory": "1_Output_Data", "outputFileType": ["hdf5"], "outputDataFormat": ["mini"], "MLPNegMU": {"maxprint": 50, "coords": [[], []], "data": [], "has_canonical_format": true, "myClass": "coo_array", "myShape": [2, 2]}, "MLPNegG": {"maxprint": 50, "coords": [[0, 1, 0], [0, 0, 1]], "data": [1.0, 1.0, 1.0], "has_canonical_format": true, "myClass": "coo_array", "myShape": [2, 2]}, "numOperands": 2, "numTransformationResource": 6, "numTransformProcess": 2, "numBuffer": 8, "numPhysicalResource": 12, "name": ["Three Lake Land System Both Operands"], "inputDataFormat": ["default"], "scenario": ["base"], "runCode": "2025-02-18-NoGit", "idxChiCapability": [0, 130, 260, 390, 391, 416, 520, 521, 555, 650, 651, 694, 1112, 1186, 1352, 1455], "myClass": "GenericClass"}