{"name": ["Simulation 1"], "scenario": ["base"], "refArchitecture": ["Lake-Land System"], "dataState": ["final"], "version": ["4.0"], "runCode": "2025-04-15-NoGit", "verboseMode": ["true"], "analyzeSoS": false, "inputDataFormat": ["default"], "inputFilePath": "0_Input_Data/XMLs/Simulation 1-Default-Base-2.xml", "outputFileType": ["hdf5"], "outputDirectory": "1_Output_Data", "outputDataFormat": ["full"], "operand": {"idx": [0, 1], "operandName": ["water", "nitrogen"], "operandNet": [{"myClass": "GenericClass"}, {"myClass": "GenericClass"}], "number": 2, "sosType": [], "operandType": ["matter", "matter"], "AL": {"maxprint": 50, "coords": [[], []], "data": [], "has_canonical_format": false, "myClass": "coo_array", "myShape": [0, 0]}, "ALrho": {"maxprint": 50, "coords": [[], []], "data": [], "has_canonical_format": false, "myClass": "coo_array", "myShape": [0, 0]}, "myClass": "Operand"}, "sosService": {"idx": [], "operandName": [], "operandNet": [], "number": [], "sosType": [], "operandType": [], "AL": [], "ALrho": [], "myClass": "Operand"}, "transformationResource": {"name": ["Lake 1"], "idx": [0], "number": 1, "status": [true], "idxResource": [0], "decisionMaker": [""], "autonomous": [true], "idxBuffer": [0], "gpsX": [0.0], "gpsY": [0.0], "transformationResourceName": ["Lake 1"], "transformProcess": [{"name": ["accept water", "mix lakewater"], "idx": [0, 1], "idxProcess": [], "status": [true, true], "inputOperand": ["", "water,nitrogen"], "inputOperandWeight": [[], [1.0, 1.0]], "outputOperand": ["water", "water,nitrogen"], "outputOperandWeight": [[1.0], [1.0, 1.0]], "MLPNeg": [], "MLPPos": [], "number": 2, "numberMax": 2, "QEmax": ["", ""], "hasQEfinalCond": ["false", "false"], "CUPlus": ["", ""], "costCoeffQE": ["0", "0"], "UEPlusMax": ["", ""], "resistanceUnits": ["s/m^3", "s/m^3"], "hasUEMinusCapacityConstraint": ["false", "false"], "QEinitCond": ["", ""], "hasUEMinusExoConstraint": ["true", "false"], "hasUEPlusExoConstraint": ["false", "false"], "CUMinus": ["rainfall", ""], "UEMinusMax": ["", ""], "hasResistance": ["false", "false"], "hasQEinitCond": ["false", "false"], "hasQECapacityConstraint": ["false", "false"], "hasUEPlusCapacityConstraint": ["false", "false"], "QEfinalCond": ["", ""], "resistance": ["1000", ""], "duration": ["", ""], "myClass": "TransformProcess"}], "transportProcess": [{"name": [], "idx": [], "idxProcess": [], "status": [], "inputOperand": [], "inputOperandWeight": [], "outputOperand": [], "outputOperandWeight": [], "MLPNeg": [], "MLPPos": [], "number": 0, "numberMax": 4, "origin": [], "destination": [], "ref": [], "nameRef": [], "idxOrigin": [], "idxDestination": [], "idxHolding": [], "idxTransport": [], "numberRefMax": 8, "numberRef": 0, "myClass": "TransportProcess"}], "QBminFlow_1": ["5000000"], "hasQBfinalCond_2": ["false"], "QBfinalCond_1": [""], "QBunits": ["m^3"], "hasQBinitCond_2": ["true"], "hasQBfinalCond_1": ["false"], "costCoeffQB_1": ["0"], "elevation_2": ["100"], "area_2": ["3000000"], "area_1": ["3000000"], "QBfinalCond_2": [""], "costCoeffQB_2": ["0"], "QBinitCond_1": ["15000000"], "hasQBinitCond_1": ["true"], "QBmax_2": ["10000000"], "elevationUnits": ["m"], "areaUnits": ["m^2"], "hasQBCapacityConstraint_1": ["false"], "QBminFlow_2": ["150"], "QBmax_1": ["10000000"], "elevation_1": ["100"], "hasQBCapacityConstraint_2": ["false"], "QBinitCond_2": ["7500000"], "controller": [""], "myClass": "TransformationResource"}, "independentBuffer": {"name": ["Point 1"], "idx": [0], "number": 1, "status": [true], "idxResource": [1], "decisionMaker": [""], "autonomous": [true], "idxBuffer": [1], "gpsX": [1.0], "gpsY": [0.0], "independentBufferName": ["Point 1"], "transportProcess": [{"name": [], "idx": [], "idxProcess": [], "status": [], "inputOperand": [], "inputOperandWeight": [], "outputOperand": [], "outputOperandWeight": [], "MLPNeg": [], "MLPPos": [], "number": 0, "numberMax": 4, "origin": [], "destination": [], "ref": [], "nameRef": [], "idxOrigin": [], "idxDestination": [], "idxHolding": [], "idxTransport": [], "numberRefMax": 8, "numberRef": 0, "myClass": "TransportProcess"}], "QBminFlow_1": ["100"], "hasQBfinalCond_2": ["false"], "QBfinalCond_1": [""], "QBunits": ["m^3"], "hasQBinitCond_2": ["true"], "hasQBfinalCond_1": ["false"], "costCoeffQB_1": ["0"], "elevation_2": ["80"], "area_2": ["500"], "area_1": ["500"], "QBfinalCond_2": [""], "costCoeffQB_2": ["0"], "QBinitCond_1": ["10000"], "hasQBinitCond_1": ["true"], "QBmax_2": ["0"], "elevationUnits": ["m"], "areaUnits": ["m^2"], "hasQBCapacityConstraint_1": ["false"], "QBminFlow_2": ["0"], "QBmax_1": ["0"], "elevation_1": ["80"], "hasQBCapacityConstraint_2": ["false"], "QBinitCond_2": ["450"], "controller": [""], "myClass": "IndependentBuffer"}, "transportationResource": {"name": ["River Segment 1"], "idx": [0], "number": 1, "status": [true], "idxResource": [2], "decisionMaker": [""], "autonomous": [true], "transportationResourceName": ["River Segment 1"], "transportProcess": [{"name": ["transport f. Lake 1 t. Point 1", "transport f. Lake 1 t. Point 1"], "idx": [1, 5], "idxProcess": [], "status": [true, true], "inputOperand": ["water", "nitrogen"], "inputOperandWeight": [[1.0], [1.0]], "outputOperand": ["water", "nitrogen"], "outputOperandWeight": [[1.0], [1.0]], "MLPNeg": [], "MLPPos": [], "number": 2, "numberMax": 4, "origin": ["Lake 1", "Lake 1"], "destination": ["Point 1", "Point 1"], "ref": ["water", "nitrogen"], "nameRef": ["transport f. lake 1 t. point 1 while water", "transport f. lake 1 t. point 1 while nitrogen"], "idxOrigin": [0, 0], "idxDestination": [1, 1], "idxHolding": [0, 1], "idxTransport": [1, 1], "numberRefMax": 8, "QEmax": ["", ""], "hasQEfinalCond": ["false", "false"], "CUPlus": ["", ""], "costCoeffQE": ["0", "0"], "UEPlusMax": ["", ""], "resistanceUnits": ["s/m^3", "s/m^3"], "hasUEMinusCapacityConstraint": ["false", "false"], "QEinitCond": ["", ""], "hasUEMinusExoConstraint": ["false", "false"], "hasUEPlusExoConstraint": ["false", "false"], "CUMinus": ["", ""], "UEMinusMax": ["", ""], "hasResistance": ["true", "false"], "hasQEinitCond": ["false", "false"], "hasQECapacityConstraint": ["false", "false"], "hasUEPlusCapacityConstraint": ["false", "false"], "QEfinalCond": ["", ""], "resistance": ["500000000", ""], "duration": ["", ""], "numberRef": 2, "myClass": "TransportProcess"}], "myClass": "TransportationResource"}, "buffer": {"name": ["Lake 1", "Point 1"], "idx": [0, 1], "number": 2, "status": [true, true], "idxResource": [0, 1], "decisionMaker": ["", ""], "autonomous": [true, true], "idxBuffer": [0, 1], "gpsX": [0.0, 1.0], "gpsY": [0.0, 0.0], "myClass": "Buffer"}, "physicalResource": {"name": ["Lake 1", "Point 1", "River Segment 1"], "idx": [0, 1, 2], "number": 3, "status": [true, true, true], "idxResource": [0, 1, 2], "decisionMaker": ["", "", ""], "autonomous": [true, true, true], "myClass": "PhysicalResource"}, "decisionMaker": {"name": [], "idx": [], "number": 0, "status": [], "peerRecipient": [], "A_DD": {"maxprint": 50, "coords": [[], []], "data": [], "has_canonical_format": true, "myClass": "coo_array", "myShape": [0, 0]}, "A_RD": {"maxprint": 50, "coords": [[], []], "data": [], "has_canonical_format": false, "myClass": "coo_array", "myShape": [3, 0]}, "ARhoD": {"maxprint": 50, "coords": [[], []], "data": [], "has_canonical_format": false, "myClass": "coo_array", "myShape": [4, 0]}, "myClass": "DecisionMaker"}, "transformProcess": {"name": ["accept water", "mix lakewater"], "idx": [0, 1], "idxProcess": [0, 1], "status": [true, true], "inputOperand": ["", "water,nitrogen"], "inputOperandWeight": [[], [1.0, 1.0]], "outputOperand": ["water", "water,nitrogen"], "outputOperandWeight": [[1.0], [1.0, 1.0]], "MLPNeg": {"maxprint": 50, "coords": [[0, 1], [1, 1]], "data": [1.0, 1.0], "has_canonical_format": true, "myClass": "coo_array", "myShape": [2, 2]}, "MLPPos": {"maxprint": 50, "coords": [[0, 0, 1], [0, 1, 1]], "data": [1.0, 1.0, 1.0], "has_canonical_format": true, "myClass": "coo_array", "myShape": [2, 2]}, "number": 2, "numberMax": 2, "QEmax": ["", ""], "hasQEfinalCond": ["false", "false"], "CUPlus": ["", ""], "costCoeffQE": ["0", "0"], "UEPlusMax": ["", ""], "resistanceUnits": ["s/m^3", "s/m^3"], "hasUEMinusCapacityConstraint": ["false", "false"], "QEinitCond": ["", ""], "hasUEMinusExoConstraint": ["true", "false"], "hasUEPlusExoConstraint": ["false", "false"], "CUMinus": ["rainfall", ""], "UEMinusMax": ["", ""], "hasResistance": ["false", "false"], "hasQEinitCond": ["false", "false"], "hasQECapacityConstraint": ["false", "false"], "hasUEPlusCapacityConstraint": ["false", "false"], "QEfinalCond": ["", ""], "resistance": ["1000", ""], "duration": ["", ""], "myClass": "TransformProcess"}, "transportProcess": {"name": ["transport f. Lake 1 t. Point 1", "transport f. Lake 1 t. Point 1"], "idx": [1, 5], "idxProcess": [3, 7], "status": [true, true], "inputOperand": ["water", "nitrogen"], "inputOperandWeight": [[1.0], [1.0]], "outputOperand": ["water", "nitrogen"], "outputOperandWeight": [[1.0], [1.0]], "MLPNeg": {"maxprint": 50, "coords": [[0, 0, 0, 0, 1, 1, 1, 1], [0, 1, 2, 3, 4, 5, 6, 7]], "data": [1.0, 1.0, 1.0, 1.0, 1.0, 1.0, 1.0, 1.0], "has_canonical_format": false, "myClass": "coo_array", "myShape": [2, 8]}, "MLPPos": {"maxprint": 50, "coords": [[0, 0, 0, 0, 1, 1, 1, 1], [0, 1, 2, 3, 4, 5, 6, 7]], "data": [1.0, 1.0, 1.0, 1.0, 1.0, 1.0, 1.0, 1.0], "has_canonical_format": false, "myClass": "coo_array", "myShape": [2, 8]}, "number": 2, "numberMax": 4, "origin": ["Lake 1", "Lake 1"], "destination": ["Point 1", "Point 1"], "ref": ["water", "nitrogen"], "nameRef": ["transport f. lake 1 t. point 1 while water", "transport f. lake 1 t. point 1 while nitrogen"], "idxOrigin": [0, 0], "idxDestination": [1, 1], "idxHolding": [0, 1], "idxTransport": [1, 1], "numberRefMax": 8, "QEmax": ["", ""], "hasQEfinalCond": ["false", "false"], "CUPlus": ["", ""], "costCoeffQE": ["0", "0"], "UEPlusMax": ["", ""], "resistanceUnits": ["s/m^3", "s/m^3"], "hasUEMinusCapacityConstraint": ["false", "false"], "QEinitCond": ["", ""], "hasUEMinusExoConstraint": ["false", "false"], "hasUEPlusExoConstraint": ["false", "false"], "CUMinus": ["", ""], "UEMinusMax": ["", ""], "hasResistance": ["true", "false"], "hasQEinitCond": ["false", "false"], "hasQECapacityConstraint": ["false", "false"], "hasUEPlusCapacityConstraint": ["false", "false"], "QEfinalCond": ["", ""], "resistance": ["500000000", ""], "duration": ["", ""], "numberRef": 2, "myClass": "TransportProcess"}, "holdingProcess": {"name": ["water", "nitrogen"], "idx": [0, 1], "idxProcess": [], "status": [true, true], "inputOperand": ["water", "nitrogen"], "inputOperandWeight": [[1.0], [1.0]], "outputOperand": ["water", "nitrogen"], "outputOperandWeight": [[1.0], [1.0]], "MLPNeg": {"maxprint": 50, "coords": [[0, 1], [0, 1]], "data": [1.0, 1.0], "has_canonical_format": true, "myClass": "coo_array", "myShape": [2, 2]}, "MLPPos": {"maxprint": 50, "coords": [[0, 1], [0, 1]], "data": [1.0, 1.0], "has_canonical_format": true, "myClass": "coo_array", "myShape": [2, 2]}, "number": 2, "numberMax": [], "myClass": "HoldingProcess"}, "systemProcess": {"name": ["accept water", "mix lakewater", "transport f. lake 1 t. point 1 while water", "transport f. lake 1 t. point 1 while nitrogen"], "idx": [0, 1, 3, 7], "idxProcess": [0, 1, 3, 7], "status": [true, true, true, true], "inputOperand": ["", "water,nitrogen", "water", "nitrogen"], "inputOperandWeight": [[], [1.0, 1.0], [1.0], [1.0]], "outputOperand": ["water", "water,nitrogen", "water", "nitrogen"], "outputOperandWeight": [[1.0], [1.0, 1.0], [1.0], [1.0]], "MLPNeg": {"maxprint": 50, "coords": [[0, 1, 0, 0, 0, 0, 1, 1, 1, 1], [1, 1, 2, 3, 4, 5, 6, 7, 8, 9]], "data": [1.0, 1.0, 1.0, 1.0, 1.0, 1.0, 1.0, 1.0, 1.0, 1.0], "has_canonical_format": false, "myClass": "coo_array", "myShape": [2, 10]}, "MLPPos": {"maxprint": 50, "coords": [[0, 0, 1, 0, 0, 0, 0, 1, 1, 1, 1], [0, 1, 1, 2, 3, 4, 5, 6, 7, 8, 9]], "data": [1.0, 1.0, 1.0, 1.0, 1.0, 1.0, 1.0, 1.0, 1.0, 1.0, 1.0], "has_canonical_format": false, "myClass": "coo_array", "myShape": [2, 10]}, "number": 4, "numberMax": 10, "myClass": "SystemProcess"}, "systemConcept": {"name": ["Lake 1 accept water", "Lake 1 mix lakewater", "River Segment 1 transport f. lake 1 t. point 1 while water", "River Segment 1 transport f. lake 1 t. point 1 while nitrogen"], "nameSoS": [], "idxPsiCapability": [0, 1, 2, 3], "idxChiCapability": [0, 1, 23, 27], "idxResource": [0, 0, 2, 2], "idxProcess": [0, 1, 3, 7], "idxOperand": {"maxprint": 50, "coords": [[0, 0, 1, 1], [2, 1, 3, 1]], "data": [1.0, 1.0, 1.0, 1.0], "has_canonical_format": false, "myClass": "coo_array", "myShape": [2, 4]}, "idxOutput": {"maxprint": 50, "coords": [[0, 0, 0, 1, 1], [2, 1, 0, 3, 1]], "data": [1.0, 1.0, 1.0, 1.0, 1.0], "has_canonical_format": false, "myClass": "coo_array", "myShape": [2, 4]}, "DOFM": 2, "DOFHRef": 2, "DOFG": 2, "DOFH": 1, "DOFS": 4, "JM": {"maxprint": 50, "coords": [[0, 1], [0, 0]], "data": [1, 1], "has_canonical_format": true, "myClass": "coo_array", "myShape": [2, 1]}, "KM": {"maxprint": 50, "coords": [[], []], "data": [], "has_canonical_format": true, "myClass": "coo_array", "myShape": [2, 1]}, "AM": {"maxprint": 50, "coords": [[0, 1], [0, 0]], "data": [1, 1], "has_canonical_format": false, "myClass": "coo_array", "myShape": [2, 1]}, "JH": {"maxprint": 50, "coords": [[1], [2]], "data": [1], "has_canonical_format": true, "myClass": "coo_array", "myShape": [4, 3]}, "KH": {"maxprint": 50, "coords": [[], []], "data": [], "has_canonical_format": true, "myClass": "coo_array", "myShape": [4, 3]}, "AH": {"maxprint": 50, "coords": [[1], [2]], "data": [1], "has_canonical_format": false, "myClass": "coo_array", "myShape": [4, 3]}, "JG": {"maxprint": 50, "coords": [[0, 1], [2, 2]], "data": [1, 1], "has_canonical_format": true, "myClass": "coo_array", "myShape": [2, 3]}, "KG": {"maxprint": 50, "coords": [[], []], "data": [], "has_canonical_format": true, "myClass": "coo_array", "myShape": [2, 3]}, "AG": {"maxprint": 50, "coords": [[0, 1], [2, 2]], "data": [1, 1], "has_canonical_format": false, "myClass": "coo_array", "myShape": [2, 3]}, "JHRef": {"maxprint": 50, "coords": [[1, 5], [2, 2]], "data": [1, 1], "has_canonical_format": true, "myClass": "coo_array", "myShape": [8, 3]}, "KHRef": {"maxprint": 50, "coords": [[], []], "data": [], "has_canonical_format": true, "myClass": "coo_array", "myShape": [8, 3]}, "AHRef": {"maxprint": 50, "coords": [[1, 5], [2, 2]], "data": [1, 1], "has_canonical_format": false, "myClass": "coo_array", "myShape": [8, 3]}, "JS": {"maxprint": 50, "coords": [[0, 1, 3, 7], [0, 0, 2, 2]], "data": [1, 1, 1, 1], "has_canonical_format": false, "myClass": "coo_array", "myShape": [10, 3]}, "KS": {"maxprint": 50, "coords": [[], []], "data": [], "has_canonical_format": false, "myClass": "coo_array", "myShape": [10, 3]}, "AS": {"maxprint": 50, "coords": [[0, 1, 3, 7], [0, 0, 2, 2]], "data": [1, 1, 1, 1], "has_canonical_format": false, "myClass": "coo_array", "myShape": [10, 3]}, "JHT": {"coords": [[0], [1], [2]], "data": [1], "fill_value": 0, "_cache": [], "myClass": "COO", "myShape": [2, 2, 3]}, "KHT": {"coords": [[], [], []], "data": [], "fill_value": 0, "_cache": [], "myClass": "COO", "myShape": [2, 2, 3]}, "AHT": {"coords": [[0], [1], [2]], "data": [1], "fill_value": 0, "_cache": [], "myClass": "COO", "myShape": [2, 2, 3]}, "JHRefT": {"coords": [[0, 1], [0, 0], [1, 1], [2, 2]], "data": [1, 1], "fill_value": 0, "_cache": [], "myClass": "COO", "myShape": [2, 2, 2, 3]}, "KHRefT": {"coords": [[], [], [], []], "data": [], "fill_value": 0, "_cache": [], "myClass": "COO", "myShape": [2, 2, 2, 3]}, "AHRefT": {"coords": [[0, 1], [0, 0], [1, 1], [2, 2]], "data": [1, 1], "fill_value": 0, "_cache": [], "myClass": "COO", "myShape": [2, 2, 2, 3]}, "PS": {"maxprint": 50, "coords": [[0, 1, 2, 3], [0, 1, 23, 27]], "data": [1, 1, 1, 1], "has_canonical_format": true, "myClass": "coo_array", "myShape": [4, 30]}, "PPS": {"maxprint": 50, "coords": [[0, 1, 3, 7], [0, 1, 2, 3]], "data": [1, 1, 1, 1], "has_canonical_format": true, "myClass": "coo_array", "myShape": [10, 4]}, "PRS": {"maxprint": 50, "coords": [[0, 0, 2, 2], [0, 1, 2, 3]], "data": [1, 1, 1, 1], "has_canonical_format": true, "myClass": "coo_array", "myShape": [3, 4]}, "ABS": {"maxprint": 50, "coords": [[1], [0]], "data": [1], "has_canonical_format": false, "myClass": "coo_array", "myShape": [2, 2]}, "ALBS": {"coords": [[1, 1], [0, 0], [0, 1]], "data": [1, 1], "fill_value": 0, "_cache": [], "myClass": "COO", "myShape": [2, 2, 2]}, "DOFMax": 30, "myClass": "SystemConcept"}, "analytics": {"MPR4Neg": {"coords": [[0, 0, 1, 1], [0, 0, 0, 0], [1, 3, 1, 7], [0, 2, 0, 2]], "data": [1, 1, 1, 1], "fill_value": 0, "_cache": [], "myClass": "COO", "myShape": [2, 2, 10, 3]}, "MRho3Neg": {"coords": [[0, 0, 1, 1], [0, 0, 0, 0], [1, 2, 1, 3]], "data": [1, 1, 1, 1], "fill_value": 0, "_cache": [], "myClass": "COO", "myShape": [2, 2, 4]}, "MRho2Neg": {"maxprint": 50, "coords": [[0, 0, 2, 2], [1, 2, 1, 3]], "data": [1, 1, 1, 1], "has_canonical_format": false, "myClass": "coo_array", "myShape": [4, 4]}, "MPR4Pos": {"coords": [[0, 0, 0, 0, 1, 1, 1], [0, 0, 0, 1, 0, 0, 1], [0, 1, 3, 3, 1, 7, 7], [0, 0, 2, 2, 0, 2, 2]], "data": [1, 1, 1, 1, 1, 1, 1], "fill_value": 0, "_cache": [], "myClass": "COO", "myShape": [2, 2, 10, 3]}, "MRho3Pos": {"coords": [[0, 0, 0, 0, 1, 1, 1], [0, 0, 0, 1, 0, 0, 1], [0, 1, 2, 2, 1, 3, 3]], "data": [1, 1, 1, 1, 1, 1, 1], "fill_value": 0, "_cache": [], "myClass": "COO", "myShape": [2, 2, 4]}, "MRho2Pos": {"maxprint": 50, "coords": [[0, 0, 0, 1, 2, 2, 3], [0, 1, 2, 2, 1, 3, 3]], "data": [1, 1, 1, 1, 1, 1, 1], "has_canonical_format": false, "myClass": "coo_array", "myShape": [4, 4]}, "MPR4": {"coords": [[0, 0, 1], [0, 1, 1], [0, 3, 7], [0, 2, 2]], "data": [1, 1, 1], "fill_value": 0, "_cache": [], "myClass": "COO", "myShape": [2, 2, 10, 3]}, "MRho3": {"coords": [[0, 0, 1], [0, 1, 1], [0, 2, 3]], "data": [1, 1, 1], "fill_value": 0, "_cache": [], "myClass": "COO", "myShape": [2, 2, 4]}, "MRho2": {"maxprint": 50, "coords": [[0, 1, 3], [0, 2, 3]], "data": [1, 1, 1], "has_canonical_format": false, "myClass": "coo_array", "myShape": [4, 4]}, "ARho": {"maxprint": 50, "coords": [[0, 0, 1, 1, 1, 2, 2, 3, 3], [2, 1, 3, 2, 1, 2, 1, 3, 1]], "data": [1, 1, 1, 1, 2, 1, 1, 1, 1], "has_canonical_format": false, "myClass": "coo_array", "myShape": [4, 4]}, "APR": {"maxprint": 50, "coords": [[0, 0, 1, 1, 1, 23, 23, 27, 27], [23, 1, 27, 23, 1, 23, 1, 27, 1]], "data": [1, 1, 1, 1, 2, 1, 1, 1, 1], "has_canonical_format": true, "myClass": "coo_array", "myShape": [30, 30]}, "APR4": {"coords": [[0, 0, 1, 1, 1, 3, 3, 7, 7], [0, 0, 0, 0, 0, 2, 2, 2, 2], [1, 3, 1, 3, 7, 1, 3, 1, 7], [0, 2, 0, 2, 2, 0, 2, 0, 2]], "data": [1, 1, 2, 1, 1, 1, 1, 1, 1], "fill_value": 0, "_cache": [], "myClass": "COO", "myShape": [10, 3, 10, 3]}, "ARhoSoS": [], "AFormal": {"maxprint": 50, "coords": [[0, 0, 0, 2, 2, 2], [1, 2, 0, 3, 2, 0]], "data": [1, 1, 2, 1, 2, 1], "has_canonical_format": false, "myClass": "coo_array", "myShape": [4, 4]}, "AFormalT": {"coords": [[0, 0, 0, 0, 0, 0], [0, 0, 0, 1, 1, 1], [0, 0, 1, 0, 0, 1], [0, 1, 0, 0, 1, 1]], "data": [2, 1, 1, 1, 2, 1], "fill_value": 0, "_cache": [], "myClass": "COO", "myShape": [2, 2, 2, 2]}, "ASys": {"maxprint": 50, "coords": [[0, 0, 1, 1, 1, 2, 2, 3, 3], [2, 1, 3, 2, 1, 2, 1, 3, 1]], "data": [1, 1, 1, 1, 2, 1, 1, 1, 1], "has_canonical_format": false, "myClass": "coo_array", "myShape": [4, 4]}, "myClass": "Analytics"}, "myClass": "LFES"}