{"outputDirectory": "1_Output_Data", "outputFileType": ["hdf5"], "outputDataFormat": ["mini"], "MLPNegMU": {"maxprint": 50, "coords": [[0, 1], [1, 1]], "data": [1.0, 1.0], "has_canonical_format": true, "myClass": "coo_array", "myShape": [2, 2]}, "MLPNegG": {"maxprint": 50, "coords": [[0, 1], [0, 1]], "data": [1.0, 1.0], "has_canonical_format": true, "myClass": "coo_array", "myShape": [2, 2]}, "numOperands": 2, "numTransformationResource": 1, "numTransformProcess": 2, "numBuffer": 2, "numPhysicalResource": 3, "name": ["Simulation 1"], "inputDataFormat": ["default"], "scenario": ["base"], "runCode": "2025-04-15-NoGit", "idxChiCapability": [0, 1, 23, 27], "myClass": "GenericClass"}