{"outputDirectory": "1_Output_Data", "outputFileType": ["hdf5"], "outputDataFormat": ["mini"], "MLPNegMU": {"maxprint": 50, "coords": [[0, 1, 2, 3], [0, 1, 1, 1]], "data": [1.0, 1.0, 1.0, 1.0], "has_canonical_format": true, "myClass": "coo_array", "myShape": [4, 2]}, "MLPNegG": {"maxprint": 50, "coords": [[0, 1, 2, 3], [0, 0, 0, 0]], "data": [1.0, 1.0, 1.0, 1.0], "has_canonical_format": true, "myClass": "coo_array", "myShape": [4, 1]}, "numOperands": 4, "numTransformationResource": 9402, "numTransformProcess": 2, "numBuffer": 10435, "numPhysicalResource": 11045, "name": ["Chesapeake Bay System"], "inputDataFormat": ["default"], "scenario": ["Base Scenario"], "runCode": ["2025-02-02"], "myClass": "GenericClass"}