{"name": ["ExampleNetwork"], "scenario": ["base"], "refArchitecture": ["Smart City"], "dataState": ["final"], "version": ["4.0"], "runCode": ["2025-02-10"], "verboseMode": ["false"], "analyzeSoS": false, "inputDataFormat": ["capability"], "inputFilePath": "0_Input_Data/XMLs/ExampleNetwork-Capability-Base-2025-02-10.xml", "outputFileType": ["json"], "outputDirectory": "1_Output_Data", "outputDataFormat": ["full"], "operand": {"idx": [0, 1, 2], "operandName": ["electricity", "potable water", "EV"], "operandNet": [{"operandNetName": "deliver electricity", "number": 1, "status": ["true"], "Aprime": {"maxprint": 50, "coords": [[0], [0]], "data": [1], "has_canonical_format": false, "myClass": "coo_array", "myShape": [1, 1]}, "Adual": {"maxprint": 50, "coords": [[0, 0, 0, 0, 1, 1, 1, 1], [4, 3, 2, 1, 4, 3, 2, 1]], "data": [1, 1, 1, 1, 1, 1, 1, 1], "has_canonical_format": false, "myClass": "coo_array", "myShape": [5, 5]}, "LambdaTransform": {"maxprint": 50, "coords": [[0, 2, 3], [1, 0, 2]], "data": [1, 1, 1], "has_canonical_format": false, "myClass": "coo_array", "myShape": [5, 3]}, "LambdaHolding": {"maxprint": 50, "coords": [[1, 4], [3, 1]], "data": [1, 1], "has_canonical_format": false, "myClass": "coo_array", "myShape": [5, 5]}, "LambdaTransport": {"maxprint": 50, "coords": [[1, 1, 1, 1, 1, 1, 1, 1, 1, 1, 1, 1, 1, 1, 1, 1, 4, 4, 4, 4, 4, 4, 4, 4, 4, 4, 4, 4, 4, 4, 4, 4], [48, 49, 50, 51, 52, 53, 54, 55, 56, 57, 58, 59, 60, 61, 62, 63, 16, 17, 18, 19, 20, 21, 22, 23, 24, 25, 26, 27, 28, 29, 30, 31]], "data": [1.0, 1.0, 1.0, 1.0, 1.0, 1.0, 1.0, 1.0, 1.0, 1.0, 1.0, 1.0, 1.0, 1.0, 1.0, 1.0, 1.0, 1.0, 1.0, 1.0, 1.0, 1.0, 1.0, 1.0, 1.0, 1.0, 1.0, 1.0, 1.0, 1.0, 1.0, 1.0], "has_canonical_format": false, "myClass": "coo_array", "myShape": [5, 80]}, "Lambda": {"maxprint": 50, "coords": [[0, 2, 3, 1, 1, 1, 1, 1, 1, 1, 1, 1, 1, 1, 1, 1, 1, 1, 1, 4, 4, 4, 4, 4, 4, 4, 4, 4, 4, 4, 4, 4, 4, 4, 4], [1, 0, 2, 51, 52, 53, 54, 55, 56, 57, 58, 59, 60, 61, 62, 63, 64, 65, 66, 19, 20, 21, 22, 23, 24, 25, 26, 27, 28, 29, 30, 31, 32, 33, 34]], "data": [1.0, 1.0, 1.0, 1.0, 1.0, 1.0, 1.0, 1.0, 1.0, 1.0, 1.0, 1.0, 1.0, 1.0, 1.0, 1.0, 1.0, 1.0, 1.0, 1.0, 1.0, 1.0, 1.0, 1.0, 1.0, 1.0, 1.0, 1.0, 1.0, 1.0, 1.0, 1.0, 1.0, 1.0, 1.0], "has_canonical_format": false, "myClass": "coo_array", "myShape": [5, 83]}, "syncMat": {"maxprint": 50, "coords": [[0, 1, 1, 2, 3, 4], [1, 8, 7, 0, 2, 4]], "data": [1.0, 1.0, 1.0, 1.0, 1.0, 1.0], "has_canonical_format": false, "myClass": "coo_array", "myShape": [5, 11]}, "Mneg": {"maxprint": 50, "coords": [[0, 0, 0, 0], [1, 2, 3, 4]], "data": [1, 1, 1, 1], "has_canonical_format": true, "myClass": "coo_array", "myShape": [1, 5]}, "Mpos": {"maxprint": 50, "coords": [[0, 0], [0, 1]], "data": [1, 1], "has_canonical_format": true, "myClass": "coo_array", "myShape": [1, 5]}, "operandPlace": {"name": ["electric power"], "type": ["internal"], "operandNetName": ["deliver electricity"], "operandType": ["energy"], "status": ["true"], "operandName": ["electricity"], "myClass": "OperandPlace"}, "operandTransition": {"name": ["generate electric power", "continuing electric power", "treat water", "consume water", "charge EV"], "preset": ["", "electric power", "electric power", "electric power", "electric power"], "postset": ["electric power", "electric power", "", "", ""], "processLinkName": ["generate electric power", "transport electricity", "treat water", "consume water", "store EV"], "processLinkRef": ["", "hold 132kV", "", "", "charge EV"], "operandNetName": ["deliver electricity", "deliver electricity", "deliver electricity", "deliver electricity", "deliver electricity"], "operandType": ["energy", "energy", "energy", "energy", "energy"], "status": ["true", "true", "true", "true", "true"], "operandName": ["electricity", "electricity", "electricity", "electricity", "electricity"], "myClass": "OperandTransition"}, "name": ["electric power"], "operandType": ["energy"], "type": ["internal"], "operandName": ["electricity"], "myClass": "OperandNet"}, {"operandNetName": "deliver potable Water", "number": 1, "status": ["true"], "Aprime": {"maxprint": 50, "coords": [[0], [0]], "data": [1], "has_canonical_format": false, "myClass": "coo_array", "myShape": [1, 1]}, "Adual": {"maxprint": 50, "coords": [[0, 0, 1, 1], [2, 1, 2, 1]], "data": [1, 1, 1, 1], "has_canonical_format": false, "myClass": "coo_array", "myShape": [3, 3]}, "LambdaTransform": {"maxprint": 50, "coords": [[0, 2], [0, 2]], "data": [1, 1], "has_canonical_format": false, "myClass": "coo_array", "myShape": [3, 3]}, "LambdaHolding": {"maxprint": 50, "coords": [[1], [2]], "data": [1], "has_canonical_format": false, "myClass": "coo_array", "myShape": [3, 5]}, "LambdaTransport": {"maxprint": 50, "coords": [[1, 1, 1, 1, 1, 1, 1, 1, 1, 1, 1, 1, 1, 1, 1, 1], [32, 33, 34, 35, 36, 37, 38, 39, 40, 41, 42, 43, 44, 45, 46, 47]], "data": [1.0, 1.0, 1.0, 1.0, 1.0, 1.0, 1.0, 1.0, 1.0, 1.0, 1.0, 1.0, 1.0, 1.0, 1.0, 1.0], "has_canonical_format": false, "myClass": "coo_array", "myShape": [3, 80]}, "Lambda": {"maxprint": 50, "coords": [[0, 2, 1, 1, 1, 1, 1, 1, 1, 1, 1, 1, 1, 1, 1, 1, 1, 1], [0, 2, 35, 36, 37, 38, 39, 40, 41, 42, 43, 44, 45, 46, 47, 48, 49, 50]], "data": [1.0, 1.0, 1.0, 1.0, 1.0, 1.0, 1.0, 1.0, 1.0, 1.0, 1.0, 1.0, 1.0, 1.0, 1.0, 1.0, 1.0, 1.0], "has_canonical_format": false, "myClass": "coo_array", "myShape": [3, 83]}, "syncMat": {"maxprint": 50, "coords": [[0, 1, 2], [0, 6, 2]], "data": [1.0, 1.0, 1.0], "has_canonical_format": false, "myClass": "coo_array", "myShape": [3, 11]}, "Mneg": {"maxprint": 50, "coords": [[0, 0], [1, 2]], "data": [1, 1], "has_canonical_format": true, "myClass": "coo_array", "myShape": [1, 3]}, "Mpos": {"maxprint": 50, "coords": [[0, 0], [0, 1]], "data": [1, 1], "has_canonical_format": true, "myClass": "coo_array", "myShape": [1, 3]}, "operandPlace": {"name": ["potable water"], "type": ["internal"], "operandNetName": ["deliver potable Water"], "operandType": ["matter"], "status": ["true"], "operandName": ["potable water"], "myClass": "OperandPlace"}, "operandTransition": {"name": ["treat water", "continuing water", "consume water"], "preset": ["", "potable water", "potable water"], "postset": ["potable water", "potable water", ""], "processLinkName": ["treat water", "transport potable water", "consume water"], "processLinkRef": ["", "hold potable water", ""], "operandNetName": ["deliver potable Water", "deliver potable Water", "deliver potable Water"], "operandType": ["matter", "matter", "matter"], "status": ["true", "true", "true"], "operandName": ["potable water", "potable water", "potable water"], "myClass": "OperandTransition"}, "name": ["potable water"], "operandType": ["matter"], "type": ["internal"], "operandName": ["potable water"], "myClass": "OperandNet"}, {"operandNetName": "deliver EV", "number": 1, "status": ["true"], "Aprime": {"maxprint": 50, "coords": [[0], [0]], "data": [1], "has_canonical_format": false, "myClass": "coo_array", "myShape": [1, 1]}, "Adual": {"maxprint": 50, "coords": [[0, 0, 1, 1], [2, 1, 2, 1]], "data": [1, 1, 1, 1], "has_canonical_format": false, "myClass": "coo_array", "myShape": [3, 3]}, "LambdaTransform": {"maxprint": 50, "coords": [[], []], "data": [], "has_canonical_format": false, "myClass": "coo_array", "myShape": [3, 3]}, "LambdaHolding": {"maxprint": 50, "coords": [[0, 1, 2], [1, 0, 4]], "data": [1, 1, 1], "has_canonical_format": false, "myClass": "coo_array", "myShape": [3, 5]}, "LambdaTransport": {"maxprint": 50, "coords": [[0, 0, 0, 0, 0, 0, 0, 0, 0, 0, 0, 0, 0, 0, 0, 0, 1, 1, 1, 1, 1, 1, 1, 1, 1, 1, 1, 1, 1, 1, 1, 1, 2, 2, 2, 2, 2, 2, 2, 2, 2, 2, 2, 2, 2, 2, 2, 2], [16, 17, 18, 19, 20, 21, 22, 23, 24, 25, 26, 27, 28, 29, 30, 31, 0, 1, 2, 3, 4, 5, 6, 7, 8, 9, 10, 11, 12, 13, 14, 15, 64, 65, 66, 67, 68, 69, 70, 71, 72, 73, 74, 75, 76, 77, 78, 79]], "data": [1.0, 1.0, 1.0, 1.0, 1.0, 1.0, 1.0, 1.0, 1.0, 1.0, 1.0, 1.0, 1.0, 1.0, 1.0, 1.0, 1.0, 1.0, 1.0, 1.0, 1.0, 1.0, 1.0, 1.0, 1.0, 1.0, 1.0, 1.0, 1.0, 1.0, 1.0, 1.0, 1.0, 1.0, 1.0, 1.0, 1.0, 1.0, 1.0, 1.0, 1.0, 1.0, 1.0, 1.0, 1.0, 1.0, 1.0, 1.0], "has_canonical_format": false, "myClass": "coo_array", "myShape": [3, 80]}, "Lambda": {"maxprint": 50, "coords": [[0, 0, 0, 0, 0, 0, 0, 0, 0, 0, 0, 0, 0, 0, 0, 0, 1, 1, 1, 1, 1, 1, 1, 1, 1, 1, 1, 1, 1, 1, 1, 1, 2, 2, 2, 2, 2, 2, 2, 2, 2, 2, 2, 2, 2, 2, 2, 2], [19, 20, 21, 22, 23, 24, 25, 26, 27, 28, 29, 30, 31, 32, 33, 34, 3, 4, 5, 6, 7, 8, 9, 10, 11, 12, 13, 14, 15, 16, 17, 18, 67, 68, 69, 70, 71, 72, 73, 74, 75, 76, 77, 78, 79, 80, 81, 82]], "data": [1.0, 1.0, 1.0, 1.0, 1.0, 1.0, 1.0, 1.0, 1.0, 1.0, 1.0, 1.0, 1.0, 1.0, 1.0, 1.0, 1.0, 1.0, 1.0, 1.0, 1.0, 1.0, 1.0, 1.0, 1.0, 1.0, 1.0, 1.0, 1.0, 1.0, 1.0, 1.0, 1.0, 1.0, 1.0, 1.0, 1.0, 1.0, 1.0, 1.0, 1.0, 1.0, 1.0, 1.0, 1.0, 1.0, 1.0, 1.0], "has_canonical_format": false, "myClass": "coo_array", "myShape": [3, 83]}, "syncMat": {"maxprint": 50, "coords": [[0, 1, 1, 2, 2], [4, 5, 3, 10, 9]], "data": [1.0, 1.0, 1.0, 1.0, 1.0], "has_canonical_format": false, "myClass": "coo_array", "myShape": [3, 11]}, "Mneg": {"maxprint": 50, "coords": [[0, 0], [1, 2]], "data": [1, 1], "has_canonical_format": true, "myClass": "coo_array", "myShape": [1, 3]}, "Mpos": {"maxprint": 50, "coords": [[0, 0], [0, 1]], "data": [1, 1], "has_canonical_format": true, "myClass": "coo_array", "myShape": [1, 3]}, "operandPlace": {"name": ["state of charge"], "type": ["internal"], "operandNetName": ["deliver EV"], "operandType": ["matter"], "status": ["true"], "operandName": ["EV"], "myClass": "OperandPlace"}, "operandTransition": {"name": ["charge battery", "continuing battery", "discharge battery"], "preset": ["", "state of charge", "state of charge"], "postset": ["state of charge", "state of charge", ""], "processLinkName": ["store EV", "store EV", "transport EV"], "processLinkRef": ["charge EV", "park EV", "discharge EV"], "operandNetName": ["deliver EV", "deliver EV", "deliver EV"], "operandType": ["matter", "matter", "matter"], "status": ["true", "true", "true"], "operandName": ["EV", "EV", "EV"], "myClass": "OperandTransition"}, "name": ["state of charge"], "operandType": ["matter"], "type": ["internal"], "operandName": ["EV"], "myClass": "OperandNet"}], "number": 3, "type": ["internal", "internal", "internal", "internal", "internal", "internal"], "AL": {"maxprint": 50, "coords": [[0, 0, 0, 0, 1, 1, 1, 1, 5, 5, 6, 6, 8, 8, 9, 9], [4, 3, 2, 1, 4, 3, 2, 1, 7, 6, 7, 6, 10, 9, 10, 9]], "data": [1, 1, 1, 1, 1, 1, 1, 1, 1, 1, 1, 1, 1, 1, 1, 1], "has_canonical_format": false, "myClass": "coo_array", "myShape": [11, 11]}, "ALrho": {"maxprint": 50, "coords": [[0, 1, 1, 2, 3, 4, 5, 6, 7, 8, 9, 9, 10, 10], [1, 8, 7, 0, 2, 4, 0, 6, 2, 4, 5, 3, 10, 9]], "data": [1.0, 1.0, 1.0, 1.0, 1.0, 1.0, 1.0, 1.0, 1.0, 1.0, 1.0, 1.0, 1.0, 1.0], "has_canonical_format": false, "myClass": "coo_array", "myShape": [11, 11]}, "operandNetName": ["deliver electricity", "deliver potable Water", "deliver EV"], "operandType": ["energy", "matter", "matter"], "status": ["true", "true", "true"], "name": ["electric power", "potable water", "state of charge"], "myClass": "Operand"}, "sosService": {"idx": [], "operandName": [], "operandNet": [], "number": [], "type": [], "AL": [], "ALrho": [], "myClass": "Operand"}, "transformationResource": {"name": ["Water Treatment Facility", "Solar PV", "House"], "idx": [0, 1, 2], "number": 3, "status": [true, true, true], "idxResource": [0, 1, 2], "decisionMaker": ["Water Utility", "Electric Power Utility", "End User"], "autonomous": [true, true, true], "idxBuffer": [0, 1, 2], "gpsX": [0.0, 0.0, 1.0], "gpsY": [1.0, 0.0, 1.0], "transformationResourceName": ["Water Treatment Facility", "Solar PV", "House"], "transformProcess": [{"name": ["treat water"], "idx": [0], "idxProcess": [], "status": [true], "inputOperand": ["electricity"], "inputOperandWeight": [[1.0]], "outputOperand": ["potable water"], "outputOperandWeight": [[1.0]], "MLPNeg": [], "MLPPos": [], "number": 1, "numberMax": 1, "autonomous": ["true"], "gpsY": ["1"], "gpsX": ["0"], "transformationResourceName": ["Water Treatment Facility"], "decisionMaker": ["Water Utility"], "myClass": "TransformProcess"}, {"name": ["generate electric power"], "idx": [1], "idxProcess": [], "status": [true], "inputOperand": [""], "inputOperandWeight": [[]], "outputOperand": ["electricity"], "outputOperandWeight": [[1.0]], "MLPNeg": [], "MLPPos": [], "number": 1, "numberMax": 1, "autonomous": ["true"], "gpsY": ["0"], "gpsX": ["0"], "transformationResourceName": ["Solar PV"], "decisionMaker": ["Electric Power Utility"], "myClass": "TransformProcess"}, {"name": ["consume water"], "idx": [2], "idxProcess": [], "status": [true], "inputOperand": ["electricity,potable water"], "inputOperandWeight": [[1.0, 1.0]], "outputOperand": [""], "outputOperandWeight": [[]], "MLPNeg": [], "MLPPos": [], "number": 1, "numberMax": 1, "autonomous": ["true"], "gpsY": ["1"], "gpsX": ["1"], "transformationResourceName": ["House"], "decisionMaker": ["End User"], "myClass": "TransformProcess"}], "transportProcess": [{"name": [], "idx": [], "idxProcess": [], "status": [], "inputOperand": [], "inputOperandWeight": [], "outputOperand": [], "outputOperandWeight": [], "MLPNeg": [], "MLPPos": [], "number": 0, "numberMax": 16, "origin": [], "destination": [], "ref": [], "nameRef": [], "idxOrigin": [], "idxDestination": [], "idxHolding": [], "idxTransport": [], "numberRefMax": 80, "numberRef": 0, "myClass": "TransportProcess"}, {"name": [], "idx": [], "idxProcess": [], "status": [], "inputOperand": [], "inputOperandWeight": [], "outputOperand": [], "outputOperandWeight": [], "MLPNeg": [], "MLPPos": [], "number": 0, "numberMax": 16, "origin": [], "destination": [], "ref": [], "nameRef": [], "idxOrigin": [], "idxDestination": [], "idxHolding": [], "idxTransport": [], "numberRefMax": 80, "numberRef": 0, "myClass": "TransportProcess"}, {"name": ["store ev @ house", "store ev @ house"], "idx": [10, 26], "idxProcess": [], "status": [true, true], "inputOperand": ["EV", "EV, electricity"], "inputOperandWeight": [[1.0], [1.0, 1.0]], "outputOperand": ["EV", "EV"], "outputOperandWeight": [[1.0], [1.0]], "MLPNeg": [], "MLPPos": [], "number": 2, "numberMax": 16, "origin": ["House", "House"], "destination": ["House", "House"], "ref": ["park EV", "charge EV"], "nameRef": ["store ev @ house while park EV", "store ev @ house while charge EV"], "idxOrigin": [2, 2], "idxDestination": [2, 2], "idxHolding": [0, 1], "idxTransport": [10, 10], "numberRefMax": 80, "autonomous": ["true", "true"], "gpsY": ["1", "1"], "gpsX": ["1", "1"], "transformationResourceName": ["House", "House"], "decisionMaker": ["End User", "End User"], "numberRef": 2, "myClass": "TransportProcess"}], "outputOperandWeight": ["1", "1", ""], "outputOperand": ["potable water", "electricity", ""], "inputOperandWeight": ["1", "", "1,1"], "inputOperand": ["electricity", "", "electricity,potable water"], "myClass": "TransformationResource"}, "independentBuffer": {"name": ["Work Location"], "idx": [0], "number": 1, "status": [true], "idxResource": [3], "decisionMaker": ["End User"], "autonomous": [true], "idxBuffer": [3], "gpsX": [1.0], "gpsY": [0.0], "independentBufferName": ["Work Location"], "transportProcess": [{"name": ["store ev @ work location"], "idx": [15], "idxProcess": [], "status": [true], "inputOperand": ["EV"], "inputOperandWeight": [[1.0]], "outputOperand": ["EV"], "outputOperandWeight": [[1.0]], "MLPNeg": [], "MLPPos": [], "number": 1, "numberMax": 16, "origin": ["Work Location"], "destination": ["Work Location"], "ref": ["park EV"], "nameRef": ["store ev @ work location while park EV"], "idxOrigin": [3], "idxDestination": [3], "idxHolding": [0], "idxTransport": [15], "numberRefMax": 80, "autonomous": ["true"], "gpsY": ["0"], "gpsX": ["1"], "independentBufferName": ["Work Location"], "decisionMaker": ["End User"], "numberRef": 1, "myClass": "TransportProcess"}], "outputOperandWeight": ["1"], "ref": ["park EV"], "destination": ["Work Location"], "inputOperand": ["EV"], "origin": ["Work Location"], "outputOperand": ["EV"], "inputOperandWeight": ["1"], "myClass": "IndependentBuffer"}, "transportationResource": {"name": ["Water Pipeline", "Power Line 1", "Power Line 2", "Road"], "idx": [0, 1, 2, 3], "number": 4, "status": [true, true, true, true], "idxResource": [4, 5, 6, 7], "decisionMaker": ["Water Utility", "Electric Power Utility", "Electric Power Utility", "End User"], "autonomous": [true, true, true, true], "transportationResourceName": ["Water Pipeline", "Power Line 1", "Power Line 2", "Road"], "transportProcess": [{"name": ["transport potable water f. Water Treatment Facility t. House"], "idx": [34], "idxProcess": [], "status": [true], "inputOperand": ["potable water"], "inputOperandWeight": [[1.0]], "outputOperand": ["potable water"], "outputOperandWeight": [[1.0]], "MLPNeg": [], "MLPPos": [], "number": 1, "numberMax": 16, "origin": ["Water Treatment Facility"], "destination": ["House"], "ref": ["hold potable water"], "nameRef": ["transport potable water f. water treatment facility t. house while hold potable water"], "idxOrigin": [0], "idxDestination": [2], "idxHolding": [2], "idxTransport": [2], "numberRefMax": 80, "autonomous": ["true"], "transportationResourceName": ["Water Pipeline"], "decisionMaker": ["Water Utility"], "numberRef": 1, "myClass": "TransportProcess"}, {"name": ["transport electricity f. Solar PV t. Water Treatment Facility"], "idx": [52], "idxProcess": [], "status": [true], "inputOperand": ["electricity"], "inputOperandWeight": [[1.0]], "outputOperand": ["electricity"], "outputOperandWeight": [[1.0]], "MLPNeg": [], "MLPPos": [], "number": 1, "numberMax": 16, "origin": ["Solar PV"], "destination": ["Water Treatment Facility"], "ref": ["hold 132kV"], "nameRef": ["transport electricity f. solar pv t. water treatment facility while hold 132kV"], "idxOrigin": [1], "idxDestination": [0], "idxHolding": [3], "idxTransport": [4], "numberRefMax": 80, "autonomous": ["true"], "transportationResourceName": ["Power Line 1"], "decisionMaker": ["Electric Power Utility"], "numberRef": 1, "myClass": "TransportProcess"}, {"name": ["transport electricity f. Solar PV t. House"], "idx": [54], "idxProcess": [], "status": [true], "inputOperand": ["electricity"], "inputOperandWeight": [[1.0]], "outputOperand": ["electricity"], "outputOperandWeight": [[1.0]], "MLPNeg": [], "MLPPos": [], "number": 1, "numberMax": 16, "origin": ["Solar PV"], "destination": ["House"], "ref": ["hold 132kV"], "nameRef": ["transport electricity f. solar pv t. house while hold 132kV"], "idxOrigin": [1], "idxDestination": [2], "idxHolding": [3], "idxTransport": [6], "numberRefMax": 80, "autonomous": ["true"], "transportationResourceName": ["Power Line 2"], "decisionMaker": ["Electric Power Utility"], "numberRef": 1, "myClass": "TransportProcess"}, {"name": ["transport ev f. Work Location t. House", "transport ev f. House t. Work Location"], "idx": [78, 75], "idxProcess": [], "status": [true, true], "inputOperand": ["EV", "EV"], "inputOperandWeight": [[1.0], [1.0]], "outputOperand": ["EV", "EV"], "outputOperandWeight": [[1.0], [1.0]], "MLPNeg": [], "MLPPos": [], "number": 2, "numberMax": 16, "origin": ["Work Location", "House"], "destination": ["House", "Work Location"], "ref": ["discharge EV", "discharge EV"], "nameRef": ["transport ev f. work location t. house while discharge EV", "transport ev f. house t. work location while discharge EV"], "idxOrigin": [3, 2], "idxDestination": [2, 3], "idxHolding": [4, 4], "idxTransport": [14, 11], "numberRefMax": 80, "autonomous": ["true", "true"], "transportationResourceName": ["Road", "Road"], "decisionMaker": ["End User", "End User"], "numberRef": 2, "myClass": "TransportProcess"}], "outputOperandWeight": ["1", "1", "1", "1"], "ref": ["hold potable water", "hold 132kV", "hold 132kV", "discharge EV"], "destination": ["House", "Water Treatment Facility", "House", "House"], "inputOperand": ["potable water", "electricity", "electricity", "EV"], "origin": ["Water Treatment Facility", "Solar PV", "Solar PV", "Work Location"], "outputOperand": ["potable water", "electricity", "electricity", "EV"], "inputOperandWeight": ["1", "1", "1", "1"], "myClass": "TransportationResource"}, "buffer": {"name": ["Water Treatment Facility", "Solar PV", "House", "Work Location"], "idx": [0, 1, 2, 3], "number": 4, "status": [true, true, true, true], "idxResource": [0, 1, 2, 3], "decisionMaker": ["Water Utility", "Electric Power Utility", "End User", "End User"], "autonomous": [true, true, true, true], "idxBuffer": [0, 1, 2, 3], "gpsX": [0.0, 0.0, 1.0, 1.0], "gpsY": [1.0, 0.0, 1.0, 0.0], "myClass": "Buffer"}, "physicalResource": {"name": ["Water Treatment Facility", "Solar PV", "House", "Work Location", "Water Pipeline", "Power Line 1", "Power Line 2", "Road"], "idx": [0, 1, 2, 3, 4, 5, 6, 7], "number": 8, "status": [true, true, true, true, true, true, true, true], "idxResource": [0, 1, 2, 3, 4, 5, 6, 7], "decisionMaker": ["Water Utility", "Electric Power Utility", "End User", "End User", "Water Utility", "Electric Power Utility", "Electric Power Utility", "End User"], "autonomous": [true, true, true, true, true, true, true, true], "myClass": "PhysicalResource"}, "decisionMaker": {"name": ["Water Utility", "Electric Power Utility", "End User"], "idx": [0, 1, 2], "number": 3, "status": [true, true, true], "peerRecipient": ["Water Utility, Electric Power Utility,End User", "Electric Power Utility, Water Utility, End User", "End User, Water Utility,Electric Power Utility"], "A_DD": {"maxprint": 50, "coords": [[0, 1, 2, 0, 1, 2, 0, 1, 2], [0, 0, 0, 1, 1, 1, 2, 2, 2]], "data": [1, 1, 1, 1, 1, 1, 1, 1, 1], "has_canonical_format": true, "myClass": "coo_array", "myShape": [3, 3]}, "A_RD": {"maxprint": 50, "coords": [[0, 1, 2, 3, 4, 5, 6, 7], [0, 1, 2, 2, 0, 1, 1, 2]], "data": [1, 1, 1, 1, 1, 1, 1, 1], "has_canonical_format": false, "myClass": "coo_array", "myShape": [8, 3]}, "ARhoD": {"maxprint": 50, "coords": [[0, 1, 2, 3, 4, 5, 6, 7, 8, 9, 10], [0, 0, 0, 2, 2, 2, 1, 1, 2, 2, 1]], "data": [1, 1, 1, 1, 1, 1, 1, 1, 1, 1, 1], "has_canonical_format": false, "myClass": "coo_array", "myShape": [11, 3]}, "myClass": "DecisionMaker"}, "transformProcess": {"name": ["treat water", "generate electric power", "consume water"], "idx": [0, 1, 2], "idxProcess": [0, 1, 2], "status": [true, true, true], "inputOperand": ["electricity", "", "electricity,potable water"], "inputOperandWeight": [[1.0], [], [1.0, 1.0]], "outputOperand": ["potable water", "electricity", ""], "outputOperandWeight": [[1.0], [1.0], []], "MLPNeg": {"maxprint": 50, "coords": [[0, 0, 1], [0, 2, 2]], "data": [1.0, 1.0, 1.0], "has_canonical_format": true, "myClass": "coo_array", "myShape": [3, 3]}, "MLPPos": {"maxprint": 50, "coords": [[1, 0], [0, 1]], "data": [1.0, 1.0], "has_canonical_format": true, "myClass": "coo_array", "myShape": [3, 3]}, "number": 3, "numberMax": 3, "autonomous": ["true", "true", "true"], "gpsY": ["1", "0", "1"], "gpsX": ["0", "0", "1"], "transformationResourceName": ["Water Treatment Facility", "Solar PV", "House"], "decisionMaker": ["Water Utility", "Electric Power Utility", "End User"], "myClass": "TransformProcess"}, "transportProcess": {"name": ["store ev @ house", "store ev @ house", "store ev @ work location", "transport potable water f. Water Treatment Facility t. House", "transport electricity f. Solar PV t. Water Treatment Facility", "transport electricity f. Solar PV t. House", "transport ev f. Work Location t. House", "transport ev f. House t. Work Location"], "idx": [10, 26, 15, 34, 52, 54, 78, 75], "idxProcess": [13, 29, 18, 37, 55, 57, 81, 78], "status": [true, true, true, true, true, true, true, true], "inputOperand": ["EV", "EV, electricity", "EV", "potable water", "electricity", "electricity", "EV", "EV"], "inputOperandWeight": [[1.0], [1.0, 1.0], [1.0], [1.0], [1.0], [1.0], [1.0], [1.0]], "outputOperand": ["EV", "EV", "EV", "potable water", "electricity", "electricity", "EV", "EV"], "outputOperandWeight": [[1.0], [1.0], [1.0], [1.0], [1.0], [1.0], [1.0], [1.0]], "MLPNeg": {"maxprint": 50, "coords": [[2, 2, 2, 2, 2, 2, 2, 2, 2, 2, 2, 2, 2, 2, 2, 2, 0, 0, 0, 0, 0, 0, 0, 0, 0, 0, 0, 0, 0, 0, 0, 0, 2, 2, 2, 2, 2, 2, 2, 2, 2, 2, 2, 2, 2, 2, 2, 2, 1, 1, 1, 1, 1, 1, 1, 1, 1, 1, 1, 1, 1, 1, 1, 1, 0, 0, 0, 0, 0, 0, 0, 0, 0, 0, 0, 0, 0, 0, 0, 0, 2, 2, 2, 2, 2, 2, 2, 2, 2, 2, 2, 2, 2, 2, 2, 2], [0, 1, 2, 3, 4, 5, 6, 7, 8, 9, 10, 11, 12, 13, 14, 15, 16, 17, 18, 19, 20, 21, 22, 23, 24, 25, 26, 27, 28, 29, 30, 31, 16, 17, 18, 19, 20, 21, 22, 23, 24, 25, 26, 27, 28, 29, 30, 31, 32, 33, 34, 35, 36, 37, 38, 39, 40, 41, 42, 43, 44, 45, 46, 47, 48, 49, 50, 51, 52, 53, 54, 55, 56, 57, 58, 59, 60, 61, 62, 63, 64, 65, 66, 67, 68, 69, 70, 71, 72, 73, 74, 75, 76, 77, 78, 79]], "data": [1.0, 1.0, 1.0, 1.0, 1.0, 1.0, 1.0, 1.0, 1.0, 1.0, 1.0, 1.0, 1.0, 1.0, 1.0, 1.0, 1.0, 1.0, 1.0, 1.0, 1.0, 1.0, 1.0, 1.0, 1.0, 1.0, 1.0, 1.0, 1.0, 1.0, 1.0, 1.0, 1.0, 1.0, 1.0, 1.0, 1.0, 1.0, 1.0, 1.0, 1.0, 1.0, 1.0, 1.0, 1.0, 1.0, 1.0, 1.0, 1.0, 1.0, 1.0, 1.0, 1.0, 1.0, 1.0, 1.0, 1.0, 1.0, 1.0, 1.0, 1.0, 1.0, 1.0, 1.0, 1.0, 1.0, 1.0, 1.0, 1.0, 1.0, 1.0, 1.0, 1.0, 1.0, 1.0, 1.0, 1.0, 1.0, 1.0, 1.0, 1.0, 1.0, 1.0, 1.0, 1.0, 1.0, 1.0, 1.0, 1.0, 1.0, 1.0, 1.0, 1.0, 1.0, 1.0, 1.0], "has_canonical_format": false, "myClass": "coo_array", "myShape": [3, 80]}, "MLPPos": {"maxprint": 50, "coords": [[2, 2, 2, 2, 2, 2, 2, 2, 2, 2, 2, 2, 2, 2, 2, 2, 2, 2, 2, 2, 2, 2, 2, 2, 2, 2, 2, 2, 2, 2, 2, 2, 1, 1, 1, 1, 1, 1, 1, 1, 1, 1, 1, 1, 1, 1, 1, 1, 0, 0, 0, 0, 0, 0, 0, 0, 0, 0, 0, 0, 0, 0, 0, 0, 2, 2, 2, 2, 2, 2, 2, 2, 2, 2, 2, 2, 2, 2, 2, 2], [0, 1, 2, 3, 4, 5, 6, 7, 8, 9, 10, 11, 12, 13, 14, 15, 16, 17, 18, 19, 20, 21, 22, 23, 24, 25, 26, 27, 28, 29, 30, 31, 32, 33, 34, 35, 36, 37, 38, 39, 40, 41, 42, 43, 44, 45, 46, 47, 48, 49, 50, 51, 52, 53, 54, 55, 56, 57, 58, 59, 60, 61, 62, 63, 64, 65, 66, 67, 68, 69, 70, 71, 72, 73, 74, 75, 76, 77, 78, 79]], "data": [1.0, 1.0, 1.0, 1.0, 1.0, 1.0, 1.0, 1.0, 1.0, 1.0, 1.0, 1.0, 1.0, 1.0, 1.0, 1.0, 1.0, 1.0, 1.0, 1.0, 1.0, 1.0, 1.0, 1.0, 1.0, 1.0, 1.0, 1.0, 1.0, 1.0, 1.0, 1.0, 1.0, 1.0, 1.0, 1.0, 1.0, 1.0, 1.0, 1.0, 1.0, 1.0, 1.0, 1.0, 1.0, 1.0, 1.0, 1.0, 1.0, 1.0, 1.0, 1.0, 1.0, 1.0, 1.0, 1.0, 1.0, 1.0, 1.0, 1.0, 1.0, 1.0, 1.0, 1.0, 1.0, 1.0, 1.0, 1.0, 1.0, 1.0, 1.0, 1.0, 1.0, 1.0, 1.0, 1.0, 1.0, 1.0, 1.0, 1.0], "has_canonical_format": false, "myClass": "coo_array", "myShape": [3, 80]}, "number": 8, "numberMax": 16, "origin": ["House", "House", "Work Location", "Water Treatment Facility", "Solar PV", "Solar PV", "Work Location", "House"], "destination": ["House", "House", "Work Location", "House", "Water Treatment Facility", "House", "House", "Work Location"], "ref": ["park EV", "charge EV", "park EV", "hold potable water", "hold 132kV", "hold 132kV", "discharge EV", "discharge EV"], "nameRef": ["store ev @ house while park EV", "store ev @ house while charge EV", "store ev @ work location while park EV", "transport potable water f. water treatment facility t. house while hold potable water", "transport electricity f. solar pv t. water treatment facility while hold 132kV", "transport electricity f. solar pv t. house while hold 132kV", "transport ev f. work location t. house while discharge EV", "transport ev f. house t. work location while discharge EV"], "idxOrigin": [2, 2, 3, 0, 1, 1, 3, 2], "idxDestination": [2, 2, 3, 2, 0, 2, 2, 3], "idxHolding": [0, 1, 0, 2, 3, 3, 4, 4], "idxTransport": [10, 10, 15, 2, 4, 6, 14, 11], "numberRefMax": 80, "autonomous": ["true", "true", "true", "true", "true", "true", "true", "true"], "gpsY": ["1", "1", "0"], "gpsX": ["1", "1", "1"], "transformationResourceName": ["House", "House"], "decisionMaker": ["End User", "End User", "End User", "Water Utility", "Electric Power Utility", "Electric Power Utility", "End User", "End User"], "independentBufferName": ["", "", "Work Location"], "transportationResourceName": ["", "", "", "Water Pipeline", "Power Line 1", "Power Line 2", "Road", "Road"], "numberRef": 8, "myClass": "TransportProcess"}, "holdingProcess": {"name": ["park EV", "charge EV", "hold potable water", "hold 132kV", "discharge EV"], "idx": [0, 1, 2, 3, 4], "idxProcess": [], "status": [true, true, true, true, true], "inputOperand": ["EV", "EV, electricity", "potable water", "electricity", "EV"], "inputOperandWeight": [[1.0], [1.0, 1.0], [1.0], [1.0], [1.0]], "outputOperand": ["EV", "EV", "potable water", "electricity", "EV"], "outputOperandWeight": [[1.0], [1.0], [1.0], [1.0], [1.0]], "MLPNeg": {"maxprint": 50, "coords": [[2, 0, 2, 1, 0, 2], [0, 1, 1, 2, 3, 4]], "data": [1.0, 1.0, 1.0, 1.0, 1.0, 1.0], "has_canonical_format": true, "myClass": "coo_array", "myShape": [3, 5]}, "MLPPos": {"maxprint": 50, "coords": [[2, 2, 1, 0, 2], [0, 1, 2, 3, 4]], "data": [1.0, 1.0, 1.0, 1.0, 1.0], "has_canonical_format": true, "myClass": "coo_array", "myShape": [3, 5]}, "number": 5, "numberMax": [], "myClass": "HoldingProcess"}, "systemProcess": {"name": ["treat water", "generate electric power", "consume water", "store ev @ house while park EV", "store ev @ house while charge EV", "store ev @ work location while park EV", "transport potable water f. water treatment facility t. house while hold potable water", "transport electricity f. solar pv t. water treatment facility while hold 132kV", "transport electricity f. solar pv t. house while hold 132kV", "transport ev f. work location t. house while discharge EV", "transport ev f. house t. work location while discharge EV"], "idx": [0, 1, 2, 13, 29, 18, 37, 55, 57, 81, 78], "idxProcess": [0, 1, 2, 13, 29, 18, 37, 55, 57, 81, 78], "status": [true, true, true, true, true, true, true, true, true, true, true], "inputOperand": ["electricity", "", "electricity,potable water", "EV", "EV, electricity", "EV", "potable water", "electricity", "electricity", "EV", "EV"], "inputOperandWeight": [[1.0], [], [1.0, 1.0], [1.0], [1.0, 1.0], [1.0], [1.0], [1.0], [1.0], [1.0], [1.0]], "outputOperand": ["potable water", "electricity", "", "EV", "EV", "EV", "potable water", "electricity", "electricity", "EV", "EV"], "outputOperandWeight": [[1.0], [1.0], [], [1.0], [1.0], [1.0], [1.0], [1.0], [1.0], [1.0], [1.0]], "MLPNeg": {"maxprint": 50, "coords": [[0, 0, 1, 2, 2, 2, 2, 2, 2, 2, 2, 2, 2, 2, 2, 2, 2, 2, 2, 0, 0, 0, 0, 0, 0, 0, 0, 0, 0, 0, 0, 0, 0, 0, 0, 2, 2, 2, 2, 2, 2, 2, 2, 2, 2, 2, 2, 2, 2, 2, 2, 1, 1, 1, 1, 1, 1, 1, 1, 1, 1, 1, 1, 1, 1, 1, 1, 0, 0, 0, 0, 0, 0, 0, 0, 0, 0, 0, 0, 0, 0, 0, 0, 2, 2, 2, 2, 2, 2, 2, 2, 2, 2, 2, 2, 2, 2, 2, 2], [0, 2, 2, 3, 4, 5, 6, 7, 8, 9, 10, 11, 12, 13, 14, 15, 16, 17, 18, 19, 20, 21, 22, 23, 24, 25, 26, 27, 28, 29, 30, 31, 32, 33, 34, 19, 20, 21, 22, 23, 24, 25, 26, 27, 28, 29, 30, 31, 32, 33, 34, 35, 36, 37, 38, 39, 40, 41, 42, 43, 44, 45, 46, 47, 48, 49, 50, 51, 52, 53, 54, 55, 56, 57, 58, 59, 60, 61, 62, 63, 64, 65, 66, 67, 68, 69, 70, 71, 72, 73, 74, 75, 76, 77, 78, 79, 80, 81, 82]], "data": [1.0, 1.0, 1.0, 1.0, 1.0, 1.0, 1.0, 1.0, 1.0, 1.0, 1.0, 1.0, 1.0, 1.0, 1.0, 1.0, 1.0, 1.0, 1.0, 1.0, 1.0, 1.0, 1.0, 1.0, 1.0, 1.0, 1.0, 1.0, 1.0, 1.0, 1.0, 1.0, 1.0, 1.0, 1.0, 1.0, 1.0, 1.0, 1.0, 1.0, 1.0, 1.0, 1.0, 1.0, 1.0, 1.0, 1.0, 1.0, 1.0, 1.0, 1.0, 1.0, 1.0, 1.0, 1.0, 1.0, 1.0, 1.0, 1.0, 1.0, 1.0, 1.0, 1.0, 1.0, 1.0, 1.0, 1.0, 1.0, 1.0, 1.0, 1.0, 1.0, 1.0, 1.0, 1.0, 1.0, 1.0, 1.0, 1.0, 1.0, 1.0, 1.0, 1.0, 1.0, 1.0, 1.0, 1.0, 1.0, 1.0, 1.0, 1.0, 1.0, 1.0, 1.0, 1.0, 1.0, 1.0, 1.0, 1.0], "has_canonical_format": false, "myClass": "coo_array", "myShape": [3, 83]}, "MLPPos": {"maxprint": 50, "coords": [[1, 0, 2, 2, 2, 2, 2, 2, 2, 2, 2, 2, 2, 2, 2, 2, 2, 2, 2, 2, 2, 2, 2, 2, 2, 2, 2, 2, 2, 2, 2, 2, 2, 2, 1, 1, 1, 1, 1, 1, 1, 1, 1, 1, 1, 1, 1, 1, 1, 1, 0, 0, 0, 0, 0, 0, 0, 0, 0, 0, 0, 0, 0, 0, 0, 0, 2, 2, 2, 2, 2, 2, 2, 2, 2, 2, 2, 2, 2, 2, 2, 2], [0, 1, 3, 4, 5, 6, 7, 8, 9, 10, 11, 12, 13, 14, 15, 16, 17, 18, 19, 20, 21, 22, 23, 24, 25, 26, 27, 28, 29, 30, 31, 32, 33, 34, 35, 36, 37, 38, 39, 40, 41, 42, 43, 44, 45, 46, 47, 48, 49, 50, 51, 52, 53, 54, 55, 56, 57, 58, 59, 60, 61, 62, 63, 64, 65, 66, 67, 68, 69, 70, 71, 72, 73, 74, 75, 76, 77, 78, 79, 80, 81, 82]], "data": [1.0, 1.0, 1.0, 1.0, 1.0, 1.0, 1.0, 1.0, 1.0, 1.0, 1.0, 1.0, 1.0, 1.0, 1.0, 1.0, 1.0, 1.0, 1.0, 1.0, 1.0, 1.0, 1.0, 1.0, 1.0, 1.0, 1.0, 1.0, 1.0, 1.0, 1.0, 1.0, 1.0, 1.0, 1.0, 1.0, 1.0, 1.0, 1.0, 1.0, 1.0, 1.0, 1.0, 1.0, 1.0, 1.0, 1.0, 1.0, 1.0, 1.0, 1.0, 1.0, 1.0, 1.0, 1.0, 1.0, 1.0, 1.0, 1.0, 1.0, 1.0, 1.0, 1.0, 1.0, 1.0, 1.0, 1.0, 1.0, 1.0, 1.0, 1.0, 1.0, 1.0, 1.0, 1.0, 1.0, 1.0, 1.0, 1.0, 1.0, 1.0, 1.0], "has_canonical_format": false, "myClass": "coo_array", "myShape": [3, 83]}, "number": 11, "numberMax": 83, "myClass": "SystemProcess"}, "systemConcept": {"name": ["Water Treatment Facility treat water", "Solar PV generate electric power", "House consume water", "House store ev @ house while park EV", "House store ev @ house while charge EV", "Work Location store ev @ work location while park EV", "Water Pipeline transport potable water f. water treatment facility t. house while hold potable water", "Power Line 1 transport electricity f. solar pv t. water treatment facility while hold 132kV", "Power Line 2 transport electricity f. solar pv t. house while hold 132kV", "Road transport ev f. house t. work location while discharge EV", "Road transport ev f. work location t. house while discharge EV"], "nameSoS": [], "idxPsiCapability": [0, 1, 2, 3, 4, 5, 6, 7, 8, 9, 10], "idxChiCapability": [0, 84, 168, 179, 195, 267, 369, 470, 555, 659, 662], "idxResource": [0, 1, 2, 2, 2, 3, 4, 5, 6, 7, 7], "idxProcess": [0, 1, 2, 13, 29, 18, 37, 55, 57, 78, 81], "idxOperand": {"maxprint": 50, "coords": [[0, 0, 0, 0, 0, 1, 1, 2, 2, 2, 2, 2], [8, 7, 4, 2, 0, 6, 2, 10, 9, 4, 5, 3]], "data": [1.0, 1.0, 1.0, 1.0, 1.0, 1.0, 1.0, 1.0, 1.0, 1.0, 1.0, 1.0], "has_canonical_format": false, "myClass": "coo_array", "myShape": [3, 11]}, "idxOutput": {"maxprint": 50, "coords": [[0, 0, 0, 1, 1, 2, 2, 2, 2, 2], [8, 7, 1, 6, 0, 10, 9, 4, 5, 3]], "data": [1.0, 1.0, 1.0, 1.0, 1.0, 1.0, 1.0, 1.0, 1.0, 1.0], "has_canonical_format": false, "myClass": "coo_array", "myShape": [3, 11]}, "DOFM": 3, "DOFHRef": 8, "DOFG": 7, "DOFH": 7, "DOFS": 11, "JM": {"maxprint": 50, "coords": [[0, 1, 2], [0, 1, 2]], "data": [1, 1, 1], "has_canonical_format": true, "myClass": "coo_array", "myShape": [3, 3]}, "KM": {"maxprint": 50, "coords": [[], []], "data": [], "has_canonical_format": true, "myClass": "coo_array", "myShape": [3, 3]}, "AM": {"maxprint": 50, "coords": [[0, 1, 2], [0, 1, 2]], "data": [1, 1, 1], "has_canonical_format": false, "myClass": "coo_array", "myShape": [3, 3]}, "JH": {"maxprint": 50, "coords": [[10, 15, 2, 4, 6, 14, 11], [2, 3, 4, 5, 6, 7, 7]], "data": [1, 1, 1, 1, 1, 1, 1], "has_canonical_format": true, "myClass": "coo_array", "myShape": [16, 8]}, "KH": {"maxprint": 50, "coords": [[], []], "data": [], "has_canonical_format": true, "myClass": "coo_array", "myShape": [16, 8]}, "AH": {"maxprint": 50, "coords": [[2, 4, 6, 10, 11, 14, 15], [4, 5, 6, 2, 7, 7, 3]], "data": [1, 1, 1, 1, 1, 1, 1], "has_canonical_format": false, "myClass": "coo_array", "myShape": [16, 8]}, "JG": {"maxprint": 50, "coords": [[0, 1, 0, 2, 3, 3, 4], [2, 2, 3, 4, 5, 6, 7]], "data": [1, 1, 1, 1, 1, 1, 1], "has_canonical_format": true, "myClass": "coo_array", "myShape": [5, 8]}, "KG": {"maxprint": 50, "coords": [[], []], "data": [], "has_canonical_format": true, "myClass": "coo_array", "myShape": [5, 8]}, "AG": {"maxprint": 50, "coords": [[0, 0, 1, 2, 3, 3, 4], [2, 3, 2, 4, 5, 6, 7]], "data": [1, 1, 1, 1, 1, 1, 1], "has_canonical_format": false, "myClass": "coo_array", "myShape": [5, 8]}, "JHRef": {"maxprint": 50, "coords": [[10, 26, 15, 34, 52, 54, 78, 75], [2, 2, 3, 4, 5, 6, 7, 7]], "data": [1, 1, 1, 1, 1, 1, 1, 1], "has_canonical_format": true, "myClass": "coo_array", "myShape": [80, 8]}, "KHRef": {"maxprint": 50, "coords": [[], []], "data": [], "has_canonical_format": true, "myClass": "coo_array", "myShape": [80, 8]}, "AHRef": {"maxprint": 50, "coords": [[10, 15, 26, 34, 52, 54, 75, 78], [2, 3, 2, 4, 5, 6, 7, 7]], "data": [1, 1, 1, 1, 1, 1, 1, 1], "has_canonical_format": false, "myClass": "coo_array", "myShape": [80, 8]}, "JS": {"maxprint": 50, "coords": [[0, 1, 2, 13, 29, 18, 37, 55, 57, 81, 78], [0, 1, 2, 2, 2, 3, 4, 5, 6, 7, 7]], "data": [1, 1, 1, 1, 1, 1, 1, 1, 1, 1, 1], "has_canonical_format": false, "myClass": "coo_array", "myShape": [83, 8]}, "KS": {"maxprint": 50, "coords": [[], []], "data": [], "has_canonical_format": false, "myClass": "coo_array", "myShape": [83, 8]}, "AS": {"maxprint": 50, "coords": [[0, 1, 2, 13, 29, 18, 37, 55, 57, 78, 81], [0, 1, 2, 2, 2, 3, 4, 5, 6, 7, 7]], "data": [1, 1, 1, 1, 1, 1, 1, 1, 1, 1, 1], "has_canonical_format": false, "myClass": "coo_array", "myShape": [83, 8]}, "JHT": {"coords": [[0, 1, 1, 2, 2, 3, 3], [2, 0, 2, 2, 3, 2, 3], [4, 5, 6, 2, 7, 7, 3]], "data": [1, 1, 1, 1, 1, 1, 1], "fill_value": 0, "_cache": [], "myClass": "COO", "myShape": [4, 4, 8]}, "KHT": {"coords": [[], [], []], "data": [], "fill_value": 0, "_cache": [], "myClass": "COO", "myShape": [4, 4, 8]}, "AHT": {"coords": [[0, 1, 1, 2, 2, 3, 3], [2, 0, 2, 2, 3, 2, 3], [4, 5, 6, 2, 7, 7, 3]], "data": [1, 1, 1, 1, 1, 1, 1], "fill_value": 0, "_cache": [], "myClass": "COO", "myShape": [4, 4, 8]}, "JHRefT": {"coords": [[0, 0, 1, 2, 3, 3, 4, 4], [2, 3, 2, 0, 1, 1, 2, 3], [2, 3, 2, 2, 0, 2, 3, 2], [2, 3, 2, 4, 5, 6, 7, 7]], "data": [1, 1, 1, 1, 1, 1, 1, 1], "fill_value": 0, "_cache": [], "myClass": "COO", "myShape": [5, 4, 4, 8]}, "KHRefT": {"coords": [[], [], [], []], "data": [], "fill_value": 0, "_cache": [], "myClass": "COO", "myShape": [5, 4, 4, 8]}, "AHRefT": {"coords": [[0, 0, 1, 2, 3, 3, 4, 4], [2, 3, 2, 0, 1, 1, 2, 3], [2, 3, 2, 2, 0, 2, 3, 2], [2, 3, 2, 4, 5, 6, 7, 7]], "data": [1, 1, 1, 1, 1, 1, 1, 1], "fill_value": 0, "_cache": [], "myClass": "COO", "myShape": [5, 4, 4, 8]}, "PS": {"maxprint": 50, "coords": [[0, 1, 2, 3, 4, 5, 6, 7, 8, 9, 10], [0, 84, 168, 179, 195, 267, 369, 470, 555, 659, 662]], "data": [1, 1, 1, 1, 1, 1, 1, 1, 1, 1, 1], "has_canonical_format": true, "myClass": "coo_array", "myShape": [11, 664]}, "PPS": {"maxprint": 50, "coords": [[0, 1, 2, 13, 29, 18, 37, 55, 57, 78, 81], [0, 1, 2, 3, 4, 5, 6, 7, 8, 9, 10]], "data": [1, 1, 1, 1, 1, 1, 1, 1, 1, 1, 1], "has_canonical_format": true, "myClass": "coo_array", "myShape": [83, 11]}, "PRS": {"maxprint": 50, "coords": [[0, 1, 2, 2, 2, 3, 4, 5, 6, 7, 7], [0, 1, 2, 3, 4, 5, 6, 7, 8, 9, 10]], "data": [1, 1, 1, 1, 1, 1, 1, 1, 1, 1, 1], "has_canonical_format": true, "myClass": "coo_array", "myShape": [8, 11]}, "ABS": {"maxprint": 50, "coords": [[0, 2, 2, 2, 2, 3, 3], [1, 0, 1, 2, 3, 2, 3]], "data": [1, 1, 1, 1, 1, 1, 1], "has_canonical_format": false, "myClass": "coo_array", "myShape": [4, 4]}, "ALBS": {"coords": [[0, 2, 2, 2, 2, 2, 3, 3], [1, 0, 1, 2, 2, 3, 2, 3], [3, 2, 3, 0, 1, 4, 4, 0]], "data": [1, 1, 1, 1, 1, 1, 1, 1], "fill_value": 0, "_cache": [], "myClass": "COO", "myShape": [4, 4, 5]}, "DOFMax": 664, "myClass": "SystemConcept"}, "analytics": {"MPR4Neg": {"coords": [[0, 0, 0, 0, 0, 1, 1, 2, 2, 2, 2, 2], [0, 1, 1, 2, 2, 0, 2, 2, 2, 2, 3, 3], [0, 55, 57, 2, 29, 37, 2, 13, 29, 78, 18, 81], [0, 5, 6, 2, 2, 4, 2, 2, 2, 7, 3, 7]], "data": [1, 1, 1, 1, 1, 1, 1, 1, 1, 1, 1, 1], "fill_value": 0, "_cache": [], "myClass": "COO", "myShape": [3, 4, 83, 8]}, "MRho3Neg": {"coords": [[0, 0, 0, 0, 0, 1, 1, 2, 2, 2, 2, 2], [0, 1, 1, 2, 2, 0, 2, 2, 2, 2, 3, 3], [0, 7, 8, 2, 4, 6, 2, 3, 4, 9, 5, 10]], "data": [1, 1, 1, 1, 1, 1, 1, 1, 1, 1, 1, 1], "fill_value": 0, "_cache": [], "myClass": "COO", "myShape": [3, 4, 11]}, "MRho2Neg": {"maxprint": 50, "coords": [[0, 1, 1, 2, 2, 4, 6, 10, 10, 10, 11, 11], [0, 7, 8, 2, 4, 6, 2, 3, 4, 9, 5, 10]], "data": [1, 1, 1, 1, 1, 1, 1, 1, 1, 1, 1, 1], "has_canonical_format": false, "myClass": "coo_array", "myShape": [12, 11]}, "MPR4Pos": {"coords": [[0, 0, 0, 1, 1, 2, 2, 2, 2, 2], [0, 1, 2, 0, 2, 2, 2, 2, 3, 3], [55, 1, 57, 0, 37, 13, 29, 81, 18, 78], [5, 1, 6, 0, 4, 2, 2, 7, 3, 7]], "data": [1, 1, 1, 1, 1, 1, 1, 1, 1, 1], "fill_value": 0, "_cache": [], "myClass": "COO", "myShape": [3, 4, 83, 8]}, "MRho3Pos": {"coords": [[0, 0, 0, 1, 1, 2, 2, 2, 2, 2], [0, 1, 2, 0, 2, 2, 2, 2, 3, 3], [7, 1, 8, 0, 6, 3, 4, 10, 5, 9]], "data": [1, 1, 1, 1, 1, 1, 1, 1, 1, 1], "fill_value": 0, "_cache": [], "myClass": "COO", "myShape": [3, 4, 11]}, "MRho2Pos": {"maxprint": 50, "coords": [[0, 1, 2, 4, 6, 10, 10, 10, 11, 11], [7, 1, 8, 0, 6, 3, 4, 10, 5, 9]], "data": [1, 1, 1, 1, 1, 1, 1, 1, 1, 1], "has_canonical_format": false, "myClass": "coo_array", "myShape": [12, 11]}, "MPR4": {"coords": [[0, 0, 0, 0, 0, 0, 0, 0, 1, 1, 1, 1, 2, 2, 2, 2], [0, 0, 1, 1, 1, 2, 2, 2, 0, 0, 2, 2, 2, 2, 3, 3], [0, 55, 1, 55, 57, 2, 29, 57, 0, 37, 2, 37, 78, 81, 78, 81], [0, 5, 1, 5, 6, 2, 2, 6, 0, 4, 2, 4, 7, 7, 7, 7]], "data": [-1, 1, 1, -1, -1, -1, -1, 1, 1, -1, -1, 1, -1, 1, 1, -1], "fill_value": 0, "_cache": [], "myClass": "COO", "myShape": [3, 4, 83, 8]}, "MRho3": {"coords": [[0, 0, 0, 0, 0, 0, 0, 0, 1, 1, 1, 1, 2, 2, 2, 2], [0, 0, 1, 1, 1, 2, 2, 2, 0, 0, 2, 2, 2, 2, 3, 3], [0, 7, 1, 7, 8, 2, 4, 8, 0, 6, 2, 6, 9, 10, 9, 10]], "data": [-1, 1, 1, -1, -1, -1, -1, 1, 1, -1, -1, 1, -1, 1, 1, -1], "fill_value": 0, "_cache": [], "myClass": "COO", "myShape": [3, 4, 11]}, "MRho2": {"maxprint": 50, "coords": [[0, 0, 1, 1, 1, 2, 2, 2, 4, 4, 6, 6, 10, 10, 11, 11], [0, 7, 1, 7, 8, 2, 4, 8, 0, 6, 2, 6, 9, 10, 9, 10]], "data": [-1, 1, 1, -1, -1, -1, -1, 1, 1, -1, -1, 1, -1, 1, 1, -1], "has_canonical_format": false, "myClass": "coo_array", "myShape": [12, 11]}, "ARho": {"maxprint": 50, "coords": [[0, 1, 1, 3, 3, 3, 4, 4, 4, 5, 5, 6, 7, 8, 8, 9, 9, 10, 10, 10], [6, 8, 7, 9, 4, 3, 9, 4, 3, 10, 5, 2, 0, 4, 2, 10, 5, 9, 4, 3]], "data": [1, 1, 1, 1, 1, 1, 1, 1, 1, 1, 1, 1, 1, 1, 1, 1, 1, 1, 1, 1], "has_canonical_format": false, "myClass": "coo_array", "myShape": [11, 11]}, "APR": {"maxprint": 50, "coords": [[0, 84, 84, 179, 179, 179, 195, 195, 195, 267, 267, 369, 470, 555, 555, 659, 659, 662, 662, 662], [369, 555, 470, 659, 195, 179, 659, 195, 179, 662, 267, 168, 0, 195, 168, 662, 267, 659, 195, 179]], "data": [1, 1, 1, 1, 1, 1, 1, 1, 1, 1, 1, 1, 1, 1, 1, 1, 1, 1, 1, 1], "has_canonical_format": true, "myClass": "coo_array", "myShape": [664, 664]}, "APR4": {"coords": [[0, 1, 1, 13, 13, 13, 18, 18, 29, 29, 29, 37, 55, 57, 57, 78, 78, 81, 81, 81], [0, 1, 1, 2, 2, 2, 3, 3, 2, 2, 2, 4, 5, 6, 6, 7, 7, 7, 7, 7], [37, 55, 57, 13, 29, 78, 18, 81, 13, 29, 78, 2, 0, 2, 29, 18, 81, 13, 29, 78], [4, 5, 6, 2, 2, 7, 3, 7, 2, 2, 7, 2, 0, 2, 2, 3, 7, 2, 2, 7]], "data": [1, 1, 1, 1, 1, 1, 1, 1, 1, 1, 1, 1, 1, 1, 1, 1, 1, 1, 1, 1], "fill_value": 0, "_cache": [], "myClass": "COO", "myShape": [83, 8, 83, 8]}, "ARhoSoS": [], "AFormal": {"maxprint": 50, "coords": [[0, 1, 1, 2, 4, 10, 10, 11, 11], [4, 2, 0, 10, 6, 11, 10, 10, 11]], "data": [1, 1, 1, 1, 1, 1, 2, 1, 1], "has_canonical_format": false, "myClass": "coo_array", "myShape": [12, 12]}, "AFormalT": {"coords": [[0, 1, 1, 1, 1, 1, 2, 2, 2], [0, 0, 0, 1, 3, 3, 0, 3, 3], [1, 0, 2, 0, 1, 2, 1, 1, 2], [1, 0, 0, 2, 3, 3, 3, 3, 3]], "data": [1, 1, 1, 1, 2, 1, 1, 1, 1], "fill_value": 0, "_cache": [], "myClass": "COO", "myShape": [3, 4, 3, 4]}, "ASys": {"maxprint": 50, "coords": [[0, 0, 0, 0, 1, 1, 1, 1, 5, 5, 6, 6, 8, 8, 9, 9, 0, 1, 1, 2, 3, 4, 5, 6, 7, 8, 9, 9, 10, 10, 12, 19, 18, 11, 13, 15, 11, 17, 13, 15, 16, 14, 21, 20, 11, 12, 12, 14, 14, 14, 15, 15, 15, 16, 16, 17, 18, 19, 19, 20, 20, 21, 21, 21, 11, 12, 13, 14, 15, 16, 17, 18, 19, 20, 21, 22, 22, 22, 24, 24, 24, 23, 23, 24, 24, 23, 22, 23, 24, 22, 23, 24, 22, 23, 24], [4, 3, 2, 1, 4, 3, 2, 1, 7, 6, 7, 6, 10, 9, 10, 9, 12, 19, 18, 11, 13, 15, 11, 17, 13, 15, 16, 14, 21, 20, 0, 1, 1, 2, 3, 4, 5, 6, 7, 8, 9, 9, 10, 10, 17, 19, 18, 20, 15, 14, 20, 15, 14, 21, 16, 13, 11, 15, 13, 21, 16, 20, 15, 14, 22, 22, 22, 24, 24, 24, 23, 23, 24, 24, 23, 11, 12, 13, 14, 15, 16, 17, 18, 19, 20, 21, 22, 22, 22, 23, 23, 23, 24, 24, 24]], "data": [1.0, 1.0, 1.0, 1.0, 1.0, 1.0, 1.0, 1.0, 1.0, 1.0, 1.0, 1.0, 1.0, 1.0, 1.0, 1.0, 1.0, 1.0, 1.0, 1.0, 1.0, 1.0, 1.0, 1.0, 1.0, 1.0, 1.0, 1.0, 1.0, 1.0, 1.0, 1.0, 1.0, 1.0, 1.0, 1.0, 1.0, 1.0, 1.0, 1.0, 1.0, 1.0, 1.0, 1.0, 1.0, 1.0, 1.0, 1.0, 1.0, 1.0, 1.0, 1.0, 1.0, 1.0, 1.0, 1.0, 1.0, 1.0, 1.0, 1.0, 1.0, 1.0, 1.0, 1.0, 1.0, 1.0, 1.0, 1.0, 1.0, 1.0, 1.0, 1.0, 1.0, 1.0, 1.0, 1.0, 1.0, 1.0, 1.0, 1.0, 1.0, 1.0, 1.0, 1.0, 1.0, 1.0, 1.0, 1.0, 1.0, 1.0, 1.0, 1.0, 1.0, 1.0, 1.0], "has_canonical_format": false, "myClass": "coo_array", "myShape": [25, 25]}, "myClass": "Analytics"}, "myClass": "LFES"}