{"outputDirectory": "1_Output_Data", "outputFileType": ["json"], "outputDataFormat": ["mini"], "MLPNegMU": {"maxprint": 50, "coords": [[0, 0, 1], [0, 2, 2]], "data": [1.0, 1.0, 1.0], "has_canonical_format": true, "myClass": "coo_array", "myShape": [3, 3]}, "MLPNegG": {"maxprint": 50, "coords": [[2, 0, 2, 1, 0, 2], [0, 1, 1, 2, 3, 4]], "data": [1.0, 1.0, 1.0, 1.0, 1.0, 1.0], "has_canonical_format": true, "myClass": "coo_array", "myShape": [3, 5]}, "numOperands": 3, "numTransformationResource": 3, "numTransformProcess": 3, "numBuffer": 4, "numPhysicalResource": 8, "name": ["ExampleNetworkNoOperandNets"], "inputDataFormat": ["capability"], "scenario": ["base"], "runCode": ["2025-02-10"], "idxChiCapability": [0, 84, 168, 179, 195, 267, 369, 470, 555, 659, 662], "myClass": "GenericClass"}