{"outputDirectory": "1_Output_Data", "outputFileType": ["hdf5"], "outputDataFormat": ["mini"], "MLPNegMU": {"maxprint": 50, "coords": [[], []], "data": [], "has_canonical_format": true, "myClass": "coo_array", "myShape": [1, 1]}, "MLPNegG": {"maxprint": 50, "coords": [[0], [0]], "data": [1.0], "has_canonical_format": true, "myClass": "coo_array", "myShape": [1, 1]}, "numOperands": 1, "numTransformationResource": 6, "numTransformProcess": 1, "numBuffer": 8, "numPhysicalResource": 12, "name": ["Three Lake Land System Water Only"], "inputDataFormat": ["default"], "scenario": ["base"], "runCode": "2025-02-17-NoGit", "idxChiCapability": [0, 65, 130, 195, 220, 260, 294, 325, 368, 527, 600, 701, 739], "myClass": "GenericClass"}