{"name": ["Three Lake Land System Both Operands"], "scenario": ["base"], "refArchitecture": ["Lake-Land System"], "dataState": ["final"], "version": ["4.0"], "runCode": "2025-02-18-NoGit", "verboseMode": ["true"], "analyzeSoS": false, "inputDataFormat": ["default"], "inputFilePath": "0_Input_Data/XMLs/Three Lake Land System Both Operands-Default-Base-2.xml", "outputFileType": ["hdf5"], "outputDirectory": "1_Output_Data", "outputDataFormat": ["full"], "operand": {"idx": [0, 1], "operandName": ["water", "nitrogen"], "operandNet": [{"myClass": "GenericClass"}, {"myClass": "GenericClass"}], "number": 2, "sosType": [], "operandType": ["matter", "matter"], "AL": {"maxprint": 50, "coords": [[], []], "data": [], "has_canonical_format": false, "myClass": "coo_array", "myShape": [0, 0]}, "ALrho": {"maxprint": 50, "coords": [[], []], "data": [], "has_canonical_format": false, "myClass": "coo_array", "myShape": [0, 0]}, "myClass": "Operand"}, "sosService": {"idx": [], "operandName": [], "operandNet": [], "number": [], "sosType": [], "operandType": [], "AL": [], "ALrho": [], "myClass": "Operand"}, "transformationResource": {"name": ["Lake 1", "Lake 2", "Lake 3", "Land 1", "Land 2", "Land 3"], "idx": [0, 1, 2, 3, 4, 5], "number": 6, "status": [true, true, true, true, true, true], "idxResource": [0, 1, 2, 3, 4, 5], "decisionMaker": ["", "", "", "", "", ""], "autonomous": [true, true, true, true, true, true], "idxBuffer": [0, 1, 2, 3, 4, 5], "gpsX": [0.0, 1.0, 2.0, 1.0, 1.0, 1.0], "gpsY": [0.0, 0.0, 0.0, 1.0, 1.0, 1.0], "transformationResourceName": ["Lake 1", "Lake 2", "Lake 3", "Land 1", "Land 2", "Land 3"], "transformProcess": [{"name": ["accept water"], "idx": [0], "idxProcess": [], "status": [true], "inputOperand": [""], "inputOperandWeight": [[]], "outputOperand": ["water"], "outputOperandWeight": [[1.0]], "MLPNeg": [], "MLPPos": [], "number": 1, "numberMax": 1, "duration": [""], "hasUEMinusCapacityConstraint": ["false"], "QEmax": [""], "hasQECapacityConstraint": ["false"], "hasQEfinalCond": ["false"], "hasQEinitCond": ["false"], "hasUEPlusCapacityConstraint": ["false"], "resistance": ["5000"], "hasResistance": ["false"], "UEPlusMax": [""], "QEfinalCond": [""], "hasUEPlusExoConstraint": ["false"], "costCoeffQE": ["0"], "CUPlus": [""], "QEinitCond": [""], "resistanceUnits": ["s/m^3"], "CUMinus": ["rainfall"], "UEMinusMax": [""], "hasUEMinusExoConstraint": ["true"], "myClass": "TransformProcess"}, {"name": ["accept water"], "idx": [0], "idxProcess": [], "status": [true], "inputOperand": [""], "inputOperandWeight": [[]], "outputOperand": ["water"], "outputOperandWeight": [[1.0]], "MLPNeg": [], "MLPPos": [], "number": 1, "numberMax": 1, "duration": [""], "hasUEMinusCapacityConstraint": ["false"], "QEmax": [""], "hasQECapacityConstraint": ["false"], "hasQEfinalCond": ["false"], "hasQEinitCond": ["false"], "hasUEPlusCapacityConstraint": ["false"], "resistance": ["5000"], "hasResistance": ["false"], "UEPlusMax": [""], "QEfinalCond": [""], "hasUEPlusExoConstraint": ["false"], "costCoeffQE": ["0"], "CUPlus": [""], "QEinitCond": [""], "resistanceUnits": ["s/m^3"], "CUMinus": ["rainfall"], "UEMinusMax": [""], "hasUEMinusExoConstraint": ["true"], "myClass": "TransformProcess"}, {"name": ["accept water"], "idx": [0], "idxProcess": [], "status": [true], "inputOperand": [""], "inputOperandWeight": [[]], "outputOperand": ["water"], "outputOperandWeight": [[1.0]], "MLPNeg": [], "MLPPos": [], "number": 1, "numberMax": 1, "duration": [""], "hasUEMinusCapacityConstraint": ["false"], "QEmax": [""], "hasQECapacityConstraint": ["false"], "hasQEfinalCond": ["false"], "hasQEinitCond": ["false"], "hasUEPlusCapacityConstraint": ["false"], "resistance": ["5000"], "hasResistance": ["false"], "UEPlusMax": [""], "QEfinalCond": [""], "hasUEPlusExoConstraint": ["false"], "costCoeffQE": ["0"], "CUPlus": [""], "QEinitCond": [""], "resistanceUnits": ["s/m^3"], "CUMinus": ["rainfall"], "UEMinusMax": [""], "hasUEMinusExoConstraint": ["true"], "myClass": "TransformProcess"}, {"name": ["accept water", "accept nitrogen"], "idx": [0, 1], "idxProcess": [], "status": [true, true], "inputOperand": ["", ""], "inputOperandWeight": [[], []], "outputOperand": ["water", "nitrogen"], "outputOperandWeight": [[1.0], [1.0]], "MLPNeg": [], "MLPPos": [], "number": 2, "numberMax": 2, "duration": ["", ""], "hasUEMinusCapacityConstraint": ["false", "false"], "QEmax": ["", ""], "hasQECapacityConstraint": ["false", "false"], "hasQEfinalCond": ["false", "false"], "hasQEinitCond": ["false", "false"], "hasUEPlusCapacityConstraint": ["false", "false"], "resistance": ["5000", "5000"], "hasResistance": ["false", "false"], "UEPlusMax": ["", ""], "QEfinalCond": ["", ""], "hasUEPlusExoConstraint": ["false", "false"], "costCoeffQE": ["0", "0"], "CUPlus": ["", ""], "QEinitCond": ["", ""], "resistanceUnits": ["s/m^3", "s/m^3"], "CUMinus": ["rainfall", "fertilizer1"], "UEMinusMax": ["", ""], "hasUEMinusExoConstraint": ["true", "true"], "myClass": "TransformProcess"}, {"name": ["accept water", "accept nitrogen"], "idx": [0, 1], "idxProcess": [], "status": [true, true], "inputOperand": ["", ""], "inputOperandWeight": [[], []], "outputOperand": ["water", "nitrogen"], "outputOperandWeight": [[1.0], [1.0]], "MLPNeg": [], "MLPPos": [], "number": 2, "numberMax": 2, "duration": ["", ""], "hasUEMinusCapacityConstraint": ["false", "false"], "QEmax": ["", ""], "hasQECapacityConstraint": ["false", "false"], "hasQEfinalCond": ["false", "false"], "hasQEinitCond": ["false", "false"], "hasUEPlusCapacityConstraint": ["false", "false"], "resistance": ["5000", "5000"], "hasResistance": ["false", "false"], "UEPlusMax": ["", ""], "QEfinalCond": ["", ""], "hasUEPlusExoConstraint": ["false", "false"], "costCoeffQE": ["0", "0"], "CUPlus": ["", ""], "QEinitCond": ["", ""], "resistanceUnits": ["s/m^3", "s/m^3"], "CUMinus": ["rainfall", "fertilizer2"], "UEMinusMax": ["", ""], "hasUEMinusExoConstraint": ["true", "true"], "myClass": "TransformProcess"}, {"name": ["accept water", "accept nitrogen"], "idx": [0, 1], "idxProcess": [], "status": [true, true], "inputOperand": ["", ""], "inputOperandWeight": [[], []], "outputOperand": ["water", "nitrogen"], "outputOperandWeight": [[1.0], [1.0]], "MLPNeg": [], "MLPPos": [], "number": 2, "numberMax": 2, "duration": ["", ""], "hasUEMinusCapacityConstraint": ["false", "false"], "QEmax": ["", ""], "hasQECapacityConstraint": ["false", "false"], "hasQEfinalCond": ["false", "false"], "hasQEinitCond": ["false", "false"], "hasUEPlusCapacityConstraint": ["false", "false"], "resistance": ["5000", "5000"], "hasResistance": ["false", "false"], "UEPlusMax": ["", ""], "QEfinalCond": ["", ""], "hasUEPlusExoConstraint": ["false", "false"], "costCoeffQE": ["0", "0"], "CUPlus": ["", ""], "QEinitCond": ["", ""], "resistanceUnits": ["s/m^3", "s/m^3"], "CUMinus": ["rainfall", "fertilizer3"], "UEMinusMax": ["", ""], "hasUEMinusExoConstraint": ["true", "true"], "myClass": "TransformProcess"}], "transportProcess": [{"name": [], "idx": [], "idxProcess": [], "status": [], "inputOperand": [], "inputOperandWeight": [], "outputOperand": [], "outputOperandWeight": [], "MLPNeg": [], "MLPPos": [], "number": 0, "numberMax": 64, "origin": [], "destination": [], "ref": [], "nameRef": [], "idxOrigin": [], "idxDestination": [], "idxHolding": [], "idxTransport": [], "numberRefMax": 128, "numberRef": 0, "myClass": "TransportProcess"}, {"name": [], "idx": [], "idxProcess": [], "status": [], "inputOperand": [], "inputOperandWeight": [], "outputOperand": [], "outputOperandWeight": [], "MLPNeg": [], "MLPPos": [], "number": 0, "numberMax": 64, "origin": [], "destination": [], "ref": [], "nameRef": [], "idxOrigin": [], "idxDestination": [], "idxHolding": [], "idxTransport": [], "numberRefMax": 128, "numberRef": 0, "myClass": "TransportProcess"}, {"name": [], "idx": [], "idxProcess": [], "status": [], "inputOperand": [], "inputOperandWeight": [], "outputOperand": [], "outputOperandWeight": [], "MLPNeg": [], "MLPPos": [], "number": 0, "numberMax": 64, "origin": [], "destination": [], "ref": [], "nameRef": [], "idxOrigin": [], "idxDestination": [], "idxHolding": [], "idxTransport": [], "numberRefMax": 128, "numberRef": 0, "myClass": "TransportProcess"}, {"name": ["transport f. Land 1 t. Lake 1"], "idx": [24], "idxProcess": [], "status": [true], "inputOperand": ["water,nitrogen"], "inputOperandWeight": [[1.0, 1.0]], "outputOperand": ["water,nitrogen"], "outputOperandWeight": [[1.0, 1.0]], "MLPNeg": [], "MLPPos": [], "number": 1, "numberMax": 64, "origin": ["Land 1"], "destination": ["Lake 1"], "ref": ["water,nitrogen"], "nameRef": ["transport f. land 1 t. lake 1 while water,nitrogen"], "idxOrigin": [3], "idxDestination": [0], "idxHolding": [0], "idxTransport": [24], "numberRefMax": 128, "duration": [""], "hasUEMinusCapacityConstraint": ["false"], "QEmax": [""], "hasQECapacityConstraint": ["false"], "hasQEfinalCond": ["false"], "hasQEinitCond": ["false"], "hasUEPlusCapacityConstraint": ["false"], "resistance": ["5000"], "hasResistance": ["true"], "UEPlusMax": [""], "QEfinalCond": [""], "hasUEPlusExoConstraint": ["false"], "costCoeffQE": ["0"], "CUPlus": [""], "QEinitCond": [""], "resistanceUnits": ["s/m^3"], "CUMinus": ["rainfall"], "UEMinusMax": [""], "hasUEMinusExoConstraint": ["false"], "numberRef": 1, "myClass": "TransportProcess"}, {"name": ["transport f. Land 2 t. Lake 2"], "idx": [33], "idxProcess": [], "status": [true], "inputOperand": ["water,nitrogen"], "inputOperandWeight": [[1.0, 1.0]], "outputOperand": ["water,nitrogen"], "outputOperandWeight": [[1.0, 1.0]], "MLPNeg": [], "MLPPos": [], "number": 1, "numberMax": 64, "origin": ["Land 2"], "destination": ["Lake 2"], "ref": ["water,nitrogen"], "nameRef": ["transport f. land 2 t. lake 2 while water,nitrogen"], "idxOrigin": [4], "idxDestination": [1], "idxHolding": [0], "idxTransport": [33], "numberRefMax": 128, "duration": [""], "hasUEMinusCapacityConstraint": ["false"], "QEmax": [""], "hasQECapacityConstraint": ["false"], "hasQEfinalCond": ["false"], "hasQEinitCond": ["false"], "hasUEPlusCapacityConstraint": ["false"], "resistance": ["5000"], "hasResistance": ["true"], "UEPlusMax": [""], "QEfinalCond": [""], "hasUEPlusExoConstraint": ["false"], "costCoeffQE": ["0"], "CUPlus": [""], "QEinitCond": [""], "resistanceUnits": ["s/m^3"], "CUMinus": [""], "UEMinusMax": [""], "hasUEMinusExoConstraint": ["false"], "numberRef": 1, "myClass": "TransportProcess"}, {"name": ["transport f. Land 3 t. Lake 3"], "idx": [42], "idxProcess": [], "status": [true], "inputOperand": ["water,nitrogen"], "inputOperandWeight": [[1.0, 1.0]], "outputOperand": ["water,nitrogen"], "outputOperandWeight": [[1.0, 1.0]], "MLPNeg": [], "MLPPos": [], "number": 1, "numberMax": 64, "origin": ["Land 3"], "destination": ["Lake 3"], "ref": ["water,nitrogen"], "nameRef": ["transport f. land 3 t. lake 3 while water,nitrogen"], "idxOrigin": [5], "idxDestination": [2], "idxHolding": [0], "idxTransport": [42], "numberRefMax": 128, "duration": [""], "hasUEMinusCapacityConstraint": ["false"], "QEmax": [""], "hasQECapacityConstraint": ["false"], "hasQEfinalCond": ["false"], "hasQEinitCond": ["false"], "hasUEPlusCapacityConstraint": ["false"], "resistance": ["5000"], "hasResistance": ["true"], "UEPlusMax": [""], "QEfinalCond": [""], "hasUEPlusExoConstraint": ["false"], "costCoeffQE": ["0"], "CUPlus": [""], "QEinitCond": [""], "resistanceUnits": ["s/m^3"], "CUMinus": [""], "UEMinusMax": [""], "hasUEMinusExoConstraint": ["false"], "numberRef": 1, "myClass": "TransportProcess"}], "hasQBCapacityConstraint": ["false", "false", "false", "false", "false", "false"], "hasQBfinalCond": ["false", "false", "false", "false", "false", "false"], "QBunits": ["m^3", "m^3", "m^3", "m^3", "m^3", "m^3"], "elevation": ["600", "580", "510", "610", "590", "520"], "costCoeffQB": ["0", "0", "0", "0", "0", "0"], "controller": ["", "", "", "", "", ""], "hasQBinitCond": ["true", "true", "true", "true", "true", "true"], "areaUnits": ["m^2", "m^2", "m^2", "m^2", "m^2", "m^2"], "area": ["100", "100", "100", "200", "200", "200"], "QBminFlow": ["150", "150", "150", "150", "150", "150"], "elevationUnits": ["m", "m", "m", "m", "m", "m"], "QBfinalCond": ["", "", "", "", "", ""], "QBmax": ["10000000", "10000000", "10000000", "10000000", "10000000", "10000000"], "QBinitCond": ["100", "300", "50", "50", "50", "50"], "myClass": "TransformationResource"}, "independentBuffer": {"name": ["Point 1", "Point 2"], "idx": [0, 1], "number": 2, "status": [true, true], "idxResource": [6, 7], "decisionMaker": ["", ""], "autonomous": [true, true], "idxBuffer": [6, 7], "gpsX": [1.0, 2.0], "gpsY": [0.0, 1.0], "independentBufferName": ["Point 1", "Point 2"], "transportProcess": [{"name": [], "idx": [], "idxProcess": [], "status": [], "inputOperand": [], "inputOperandWeight": [], "outputOperand": [], "outputOperandWeight": [], "MLPNeg": [], "MLPPos": [], "number": 0, "numberMax": 64, "origin": [], "destination": [], "ref": [], "nameRef": [], "idxOrigin": [], "idxDestination": [], "idxHolding": [], "idxTransport": [], "numberRefMax": 128, "numberRef": 0, "myClass": "TransportProcess"}, {"name": [], "idx": [], "idxProcess": [], "status": [], "inputOperand": [], "inputOperandWeight": [], "outputOperand": [], "outputOperandWeight": [], "MLPNeg": [], "MLPPos": [], "number": 0, "numberMax": 64, "origin": [], "destination": [], "ref": [], "nameRef": [], "idxOrigin": [], "idxDestination": [], "idxHolding": [], "idxTransport": [], "numberRefMax": 128, "numberRef": 0, "myClass": "TransportProcess"}], "hasQBCapacityConstraint": ["false", "false"], "hasQBfinalCond": ["false", "false"], "QBunits": ["m^3", "m^3"], "elevation": ["540", "500"], "costCoeffQB": ["0", "0"], "controller": ["", ""], "hasQBinitCond": ["true", "true"], "areaUnits": ["m^2", "m^2"], "area": ["0", "0"], "QBminFlow": ["0", "0"], "elevationUnits": ["m", "m"], "QBfinalCond": ["", ""], "QBmax": ["0", "0"], "QBinitCond": ["100", "100"], "myClass": "IndependentBuffer"}, "transportationResource": {"name": ["River Segment 1", "River Segment 2", "River Segment 3", "River Segment 4"], "idx": [0, 1, 2, 3], "number": 4, "status": [true, true, true, true], "idxResource": [8, 9, 10, 11], "decisionMaker": ["", "", "", ""], "autonomous": [true, true, true, true], "transportationResourceName": ["River Segment 1", "River Segment 2", "River Segment 3", "River Segment 4"], "transportProcess": [{"name": ["transport f. Lake 1 t. Point 1"], "idx": [70], "idxProcess": [], "status": [true], "inputOperand": ["water"], "inputOperandWeight": [[1.0]], "outputOperand": ["water"], "outputOperandWeight": [[1.0]], "MLPNeg": [], "MLPPos": [], "number": 1, "numberMax": 64, "origin": ["Lake 1"], "destination": ["Point 1"], "ref": ["water"], "nameRef": ["transport f. lake 1 t. point 1 while water"], "idxOrigin": [0], "idxDestination": [6], "idxHolding": [1], "idxTransport": [6], "numberRefMax": 128, "duration": [""], "hasUEMinusCapacityConstraint": ["false"], "QEmax": [""], "hasQECapacityConstraint": ["false"], "hasQEfinalCond": ["false"], "hasQEinitCond": ["false"], "hasUEPlusCapacityConstraint": ["false"], "resistance": ["5000"], "hasResistance": ["true"], "UEPlusMax": [""], "QEfinalCond": [""], "hasUEPlusExoConstraint": ["false"], "costCoeffQE": ["0"], "CUPlus": [""], "QEinitCond": [""], "resistanceUnits": ["s/m^3"], "CUMinus": [""], "UEMinusMax": [""], "hasUEMinusExoConstraint": ["false"], "numberRef": 1, "myClass": "TransportProcess"}, {"name": ["transport f. Lake 2 t. Point 1"], "idx": [14], "idxProcess": [], "status": [true], "inputOperand": ["water,nitrogen"], "inputOperandWeight": [[1.0, 1.0]], "outputOperand": ["water,nitrogen"], "outputOperandWeight": [[1.0, 1.0]], "MLPNeg": [], "MLPPos": [], "number": 1, "numberMax": 64, "origin": ["Lake 2"], "destination": ["Point 1"], "ref": ["water,nitrogen"], "nameRef": ["transport f. lake 2 t. point 1 while water,nitrogen"], "idxOrigin": [1], "idxDestination": [6], "idxHolding": [0], "idxTransport": [14], "numberRefMax": 128, "duration": [""], "hasUEMinusCapacityConstraint": ["false"], "QEmax": [""], "hasQECapacityConstraint": ["false"], "hasQEfinalCond": ["false"], "hasQEinitCond": ["false"], "hasUEPlusCapacityConstraint": ["false"], "resistance": ["5000"], "hasResistance": ["true"], "UEPlusMax": [""], "QEfinalCond": [""], "hasUEPlusExoConstraint": ["false"], "costCoeffQE": ["0"], "CUPlus": [""], "QEinitCond": [""], "resistanceUnits": ["s/m^3"], "CUMinus": [""], "UEMinusMax": [""], "hasUEMinusExoConstraint": ["false"], "numberRef": 1, "myClass": "TransportProcess"}, {"name": ["transport f. Point 1 t. Lake 3"], "idx": [50], "idxProcess": [], "status": [true], "inputOperand": ["water,nitrogen"], "inputOperandWeight": [[1.0, 1.0]], "outputOperand": ["water,nitrogen"], "outputOperandWeight": [[1.0, 1.0]], "MLPNeg": [], "MLPPos": [], "number": 1, "numberMax": 64, "origin": ["Point 1"], "destination": ["Lake 3"], "ref": ["water,nitrogen"], "nameRef": ["transport f. point 1 t. lake 3 while water,nitrogen"], "idxOrigin": [6], "idxDestination": [2], "idxHolding": [0], "idxTransport": [50], "numberRefMax": 128, "duration": [""], "hasUEMinusCapacityConstraint": ["false"], "QEmax": [""], "hasQECapacityConstraint": ["false"], "hasQEfinalCond": ["false"], "hasQEinitCond": ["false"], "hasUEPlusCapacityConstraint": ["false"], "resistance": ["5000"], "hasResistance": ["true"], "UEPlusMax": [""], "QEfinalCond": [""], "hasUEPlusExoConstraint": ["false"], "costCoeffQE": ["0"], "CUPlus": [""], "QEinitCond": [""], "resistanceUnits": ["s/m^3"], "CUMinus": ["rainfall"], "UEMinusMax": [""], "hasUEMinusExoConstraint": ["false"], "numberRef": 1, "myClass": "TransportProcess"}, {"name": ["transport f. Lake 3 t. Point 2"], "idx": [23], "idxProcess": [], "status": [true], "inputOperand": ["water,nitrogen"], "inputOperandWeight": [[1.0, 1.0]], "outputOperand": ["water,nitrogen"], "outputOperandWeight": [[1.0, 1.0]], "MLPNeg": [], "MLPPos": [], "number": 1, "numberMax": 64, "origin": ["Lake 3"], "destination": ["Point 2"], "ref": ["water,nitrogen"], "nameRef": ["transport f. lake 3 t. point 2 while water,nitrogen"], "idxOrigin": [2], "idxDestination": [7], "idxHolding": [0], "idxTransport": [23], "numberRefMax": 128, "duration": [""], "hasUEMinusCapacityConstraint": ["false"], "QEmax": [""], "hasQECapacityConstraint": ["false"], "hasQEfinalCond": ["false"], "hasQEinitCond": ["false"], "hasUEPlusCapacityConstraint": ["false"], "resistance": ["5000"], "hasResistance": ["true"], "UEPlusMax": [""], "QEfinalCond": [""], "hasUEPlusExoConstraint": ["false"], "costCoeffQE": ["0"], "CUPlus": [""], "QEinitCond": [""], "resistanceUnits": ["s/m^3"], "CUMinus": ["rainfall"], "UEMinusMax": [""], "hasUEMinusExoConstraint": ["false"], "numberRef": 1, "myClass": "TransportProcess"}], "myClass": "TransportationResource"}, "buffer": {"name": ["Lake 1", "Lake 2", "Lake 3", "Land 1", "Land 2", "Land 3", "Point 1", "Point 2"], "idx": [0, 1, 2, 3, 4, 5, 6, 7], "number": 8, "status": [true, true, true, true, true, true, true, true], "idxResource": [0, 1, 2, 3, 4, 5, 6, 7], "decisionMaker": ["", "", "", "", "", "", "", ""], "autonomous": [true, true, true, true, true, true, true, true], "idxBuffer": [0, 1, 2, 3, 4, 5, 6, 7], "gpsX": [0.0, 1.0, 2.0, 1.0, 1.0, 1.0, 1.0, 2.0], "gpsY": [0.0, 0.0, 0.0, 1.0, 1.0, 1.0, 0.0, 1.0], "myClass": "Buffer"}, "physicalResource": {"name": ["Lake 1", "Lake 2", "Lake 3", "Land 1", "Land 2", "Land 3", "Point 1", "Point 2", "River Segment 1", "River Segment 2", "River Segment 3", "River Segment 4"], "idx": [0, 1, 2, 3, 4, 5, 6, 7, 8, 9, 10, 11], "number": 12, "status": [true, true, true, true, true, true, true, true, true, true, true, true], "idxResource": [0, 1, 2, 3, 4, 5, 6, 7, 8, 9, 10, 11], "decisionMaker": ["", "", "", "", "", "", "", "", "", "", "", ""], "autonomous": [true, true, true, true, true, true, true, true, true, true, true, true], "myClass": "PhysicalResource"}, "decisionMaker": {"name": [], "idx": [], "number": 0, "status": [], "peerRecipient": [], "A_DD": {"maxprint": 50, "coords": [[], []], "data": [], "has_canonical_format": true, "myClass": "coo_array", "myShape": [0, 0]}, "A_RD": {"maxprint": 50, "coords": [[], []], "data": [], "has_canonical_format": false, "myClass": "coo_array", "myShape": [12, 0]}, "ARhoD": {"maxprint": 50, "coords": [[], []], "data": [], "has_canonical_format": false, "myClass": "coo_array", "myShape": [16, 0]}, "myClass": "DecisionMaker"}, "transformProcess": {"name": ["accept water", "accept nitrogen"], "idx": [0, 1], "idxProcess": [0, 1], "status": [true, true], "inputOperand": ["", ""], "inputOperandWeight": [[], []], "outputOperand": ["water", "nitrogen"], "outputOperandWeight": [[1.0], [1.0]], "MLPNeg": {"maxprint": 50, "coords": [[], []], "data": [], "has_canonical_format": true, "myClass": "coo_array", "myShape": [2, 2]}, "MLPPos": {"maxprint": 50, "coords": [[0, 1], [0, 1]], "data": [1.0, 1.0], "has_canonical_format": true, "myClass": "coo_array", "myShape": [2, 2]}, "number": 2, "numberMax": 2, "duration": ["", "", "", "", "", "", "", "", ""], "hasUEMinusCapacityConstraint": ["false", "false", "false", "false", "false", "false", "false", "false", "false"], "QEmax": ["", "", "", "", "", "", "", "", ""], "hasQECapacityConstraint": ["false", "false", "false", "false", "false", "false", "false", "false", "false"], "hasQEfinalCond": ["false", "false", "false", "false", "false", "false", "false", "false", "false"], "hasQEinitCond": ["false", "false", "false", "false", "false", "false", "false", "false", "false"], "hasUEPlusCapacityConstraint": ["false", "false", "false", "false", "false", "false", "false", "false", "false"], "resistance": ["5000", "5000", "5000", "5000", "5000", "5000", "5000", "5000", "5000"], "hasResistance": ["false", "false", "false", "false", "false", "false", "false", "false", "false"], "UEPlusMax": ["", "", "", "", "", "", "", "", ""], "QEfinalCond": ["", "", "", "", "", "", "", "", ""], "hasUEPlusExoConstraint": ["false", "false", "false", "false", "false", "false", "false", "false", "false"], "costCoeffQE": ["0", "0", "0", "0", "0", "0", "0", "0", "0"], "CUPlus": ["", "", "", "", "", "", "", "", ""], "QEinitCond": ["", "", "", "", "", "", "", "", ""], "resistanceUnits": ["s/m^3", "s/m^3", "s/m^3", "s/m^3", "s/m^3", "s/m^3", "s/m^3", "s/m^3", "s/m^3"], "CUMinus": ["rainfall", "rainfall", "rainfall", "rainfall", "fertilizer1", "rainfall", "fertilizer2", "rainfall", "fertilizer3"], "UEMinusMax": ["", "", "", "", "", "", "", "", ""], "hasUEMinusExoConstraint": ["true", "true", "true", "true", "true", "true", "true", "true", "true"], "myClass": "TransformProcess"}, "transportProcess": {"name": ["transport f. Land 1 t. Lake 1", "transport f. Land 2 t. Lake 2", "transport f. Land 3 t. Lake 3", "transport f. Lake 1 t. Point 1", "transport f. Lake 2 t. Point 1", "transport f. Point 1 t. Lake 3", "transport f. Lake 3 t. Point 2"], "idx": [24, 33, 42, 70, 14, 50, 23], "idxProcess": [26, 35, 44, 72, 16, 52, 25], "status": [true, true, true, true, true, true, true], "inputOperand": ["water,nitrogen", "water,nitrogen", "water,nitrogen", "water", "water,nitrogen", "water,nitrogen", "water,nitrogen"], "inputOperandWeight": [[1.0, 1.0], [1.0, 1.0], [1.0, 1.0], [1.0], [1.0, 1.0], [1.0, 1.0], [1.0, 1.0]], "outputOperand": ["water,nitrogen", "water,nitrogen", "water,nitrogen", "water", "water,nitrogen", "water,nitrogen", "water,nitrogen"], "outputOperandWeight": [[1.0, 1.0], [1.0, 1.0], [1.0, 1.0], [1.0], [1.0, 1.0], [1.0, 1.0], [1.0, 1.0]], "MLPNeg": {"maxprint": 50, "coords": [[0, 0, 0, 0, 0, 0, 0, 0, 0, 0, 0, 0, 0, 0, 0, 0, 0, 0, 0, 0, 0, 0, 0, 0, 0, 0, 0, 0, 0, 0, 0, 0, 0, 0, 0, 0, 0, 0, 0, 0, 0, 0, 0, 0, 0, 0, 0, 0, 0, 0, 0, 0, 0, 0, 0, 0, 0, 0, 0, 0, 0, 0, 0, 0, 1, 1, 1, 1, 1, 1, 1, 1, 1, 1, 1, 1, 1, 1, 1, 1, 1, 1, 1, 1, 1, 1, 1, 1, 1, 1, 1, 1, 1, 1, 1, 1, 1, 1, 1, 1, 1, 1, 1, 1, 1, 1, 1, 1, 1, 1, 1, 1, 1, 1, 1, 1, 1, 1, 1, 1, 1, 1, 1, 1, 1, 1, 1, 1, 0, 0, 0, 0, 0, 0, 0, 0, 0, 0, 0, 0, 0, 0, 0, 0, 0, 0, 0, 0, 0, 0, 0, 0, 0, 0, 0, 0, 0, 0, 0, 0, 0, 0, 0, 0, 0, 0, 0, 0, 0, 0, 0, 0, 0, 0, 0, 0, 0, 0, 0, 0, 0, 0, 0, 0, 0, 0, 0, 0, 0, 0, 0, 0], [0, 1, 2, 3, 4, 5, 6, 7, 8, 9, 10, 11, 12, 13, 14, 15, 16, 17, 18, 19, 20, 21, 22, 23, 24, 25, 26, 27, 28, 29, 30, 31, 32, 33, 34, 35, 36, 37, 38, 39, 40, 41, 42, 43, 44, 45, 46, 47, 48, 49, 50, 51, 52, 53, 54, 55, 56, 57, 58, 59, 60, 61, 62, 63, 0, 1, 2, 3, 4, 5, 6, 7, 8, 9, 10, 11, 12, 13, 14, 15, 16, 17, 18, 19, 20, 21, 22, 23, 24, 25, 26, 27, 28, 29, 30, 31, 32, 33, 34, 35, 36, 37, 38, 39, 40, 41, 42, 43, 44, 45, 46, 47, 48, 49, 50, 51, 52, 53, 54, 55, 56, 57, 58, 59, 60, 61, 62, 63, 64, 65, 66, 67, 68, 69, 70, 71, 72, 73, 74, 75, 76, 77, 78, 79, 80, 81, 82, 83, 84, 85, 86, 87, 88, 89, 90, 91, 92, 93, 94, 95, 96, 97, 98, 99, 100, 101, 102, 103, 104, 105, 106, 107, 108, 109, 110, 111, 112, 113, 114, 115, 116, 117, 118, 119, 120, 121, 122, 123, 124, 125, 126, 127]], "data": [1.0, 1.0, 1.0, 1.0, 1.0, 1.0, 1.0, 1.0, 1.0, 1.0, 1.0, 1.0, 1.0, 1.0, 1.0, 1.0, 1.0, 1.0, 1.0, 1.0, 1.0, 1.0, 1.0, 1.0, 1.0, 1.0, 1.0, 1.0, 1.0, 1.0, 1.0, 1.0, 1.0, 1.0, 1.0, 1.0, 1.0, 1.0, 1.0, 1.0, 1.0, 1.0, 1.0, 1.0, 1.0, 1.0, 1.0, 1.0, 1.0, 1.0, 1.0, 1.0, 1.0, 1.0, 1.0, 1.0, 1.0, 1.0, 1.0, 1.0, 1.0, 1.0, 1.0, 1.0, 1.0, 1.0, 1.0, 1.0, 1.0, 1.0, 1.0, 1.0, 1.0, 1.0, 1.0, 1.0, 1.0, 1.0, 1.0, 1.0, 1.0, 1.0, 1.0, 1.0, 1.0, 1.0, 1.0, 1.0, 1.0, 1.0, 1.0, 1.0, 1.0, 1.0, 1.0, 1.0, 1.0, 1.0, 1.0, 1.0, 1.0, 1.0, 1.0, 1.0, 1.0, 1.0, 1.0, 1.0, 1.0, 1.0, 1.0, 1.0, 1.0, 1.0, 1.0, 1.0, 1.0, 1.0, 1.0, 1.0, 1.0, 1.0, 1.0, 1.0, 1.0, 1.0, 1.0, 1.0, 1.0, 1.0, 1.0, 1.0, 1.0, 1.0, 1.0, 1.0, 1.0, 1.0, 1.0, 1.0, 1.0, 1.0, 1.0, 1.0, 1.0, 1.0, 1.0, 1.0, 1.0, 1.0, 1.0, 1.0, 1.0, 1.0, 1.0, 1.0, 1.0, 1.0, 1.0, 1.0, 1.0, 1.0, 1.0, 1.0, 1.0, 1.0, 1.0, 1.0, 1.0, 1.0, 1.0, 1.0, 1.0, 1.0, 1.0, 1.0, 1.0, 1.0, 1.0, 1.0, 1.0, 1.0, 1.0, 1.0, 1.0, 1.0, 1.0, 1.0, 1.0, 1.0, 1.0, 1.0], "has_canonical_format": false, "myClass": "coo_array", "myShape": [2, 128]}, "MLPPos": {"maxprint": 50, "coords": [[0, 0, 0, 0, 0, 0, 0, 0, 0, 0, 0, 0, 0, 0, 0, 0, 0, 0, 0, 0, 0, 0, 0, 0, 0, 0, 0, 0, 0, 0, 0, 0, 0, 0, 0, 0, 0, 0, 0, 0, 0, 0, 0, 0, 0, 0, 0, 0, 0, 0, 0, 0, 0, 0, 0, 0, 0, 0, 0, 0, 0, 0, 0, 0, 1, 1, 1, 1, 1, 1, 1, 1, 1, 1, 1, 1, 1, 1, 1, 1, 1, 1, 1, 1, 1, 1, 1, 1, 1, 1, 1, 1, 1, 1, 1, 1, 1, 1, 1, 1, 1, 1, 1, 1, 1, 1, 1, 1, 1, 1, 1, 1, 1, 1, 1, 1, 1, 1, 1, 1, 1, 1, 1, 1, 1, 1, 1, 1, 0, 0, 0, 0, 0, 0, 0, 0, 0, 0, 0, 0, 0, 0, 0, 0, 0, 0, 0, 0, 0, 0, 0, 0, 0, 0, 0, 0, 0, 0, 0, 0, 0, 0, 0, 0, 0, 0, 0, 0, 0, 0, 0, 0, 0, 0, 0, 0, 0, 0, 0, 0, 0, 0, 0, 0, 0, 0, 0, 0, 0, 0, 0, 0], [0, 1, 2, 3, 4, 5, 6, 7, 8, 9, 10, 11, 12, 13, 14, 15, 16, 17, 18, 19, 20, 21, 22, 23, 24, 25, 26, 27, 28, 29, 30, 31, 32, 33, 34, 35, 36, 37, 38, 39, 40, 41, 42, 43, 44, 45, 46, 47, 48, 49, 50, 51, 52, 53, 54, 55, 56, 57, 58, 59, 60, 61, 62, 63, 0, 1, 2, 3, 4, 5, 6, 7, 8, 9, 10, 11, 12, 13, 14, 15, 16, 17, 18, 19, 20, 21, 22, 23, 24, 25, 26, 27, 28, 29, 30, 31, 32, 33, 34, 35, 36, 37, 38, 39, 40, 41, 42, 43, 44, 45, 46, 47, 48, 49, 50, 51, 52, 53, 54, 55, 56, 57, 58, 59, 60, 61, 62, 63, 64, 65, 66, 67, 68, 69, 70, 71, 72, 73, 74, 75, 76, 77, 78, 79, 80, 81, 82, 83, 84, 85, 86, 87, 88, 89, 90, 91, 92, 93, 94, 95, 96, 97, 98, 99, 100, 101, 102, 103, 104, 105, 106, 107, 108, 109, 110, 111, 112, 113, 114, 115, 116, 117, 118, 119, 120, 121, 122, 123, 124, 125, 126, 127]], "data": [1.0, 1.0, 1.0, 1.0, 1.0, 1.0, 1.0, 1.0, 1.0, 1.0, 1.0, 1.0, 1.0, 1.0, 1.0, 1.0, 1.0, 1.0, 1.0, 1.0, 1.0, 1.0, 1.0, 1.0, 1.0, 1.0, 1.0, 1.0, 1.0, 1.0, 1.0, 1.0, 1.0, 1.0, 1.0, 1.0, 1.0, 1.0, 1.0, 1.0, 1.0, 1.0, 1.0, 1.0, 1.0, 1.0, 1.0, 1.0, 1.0, 1.0, 1.0, 1.0, 1.0, 1.0, 1.0, 1.0, 1.0, 1.0, 1.0, 1.0, 1.0, 1.0, 1.0, 1.0, 1.0, 1.0, 1.0, 1.0, 1.0, 1.0, 1.0, 1.0, 1.0, 1.0, 1.0, 1.0, 1.0, 1.0, 1.0, 1.0, 1.0, 1.0, 1.0, 1.0, 1.0, 1.0, 1.0, 1.0, 1.0, 1.0, 1.0, 1.0, 1.0, 1.0, 1.0, 1.0, 1.0, 1.0, 1.0, 1.0, 1.0, 1.0, 1.0, 1.0, 1.0, 1.0, 1.0, 1.0, 1.0, 1.0, 1.0, 1.0, 1.0, 1.0, 1.0, 1.0, 1.0, 1.0, 1.0, 1.0, 1.0, 1.0, 1.0, 1.0, 1.0, 1.0, 1.0, 1.0, 1.0, 1.0, 1.0, 1.0, 1.0, 1.0, 1.0, 1.0, 1.0, 1.0, 1.0, 1.0, 1.0, 1.0, 1.0, 1.0, 1.0, 1.0, 1.0, 1.0, 1.0, 1.0, 1.0, 1.0, 1.0, 1.0, 1.0, 1.0, 1.0, 1.0, 1.0, 1.0, 1.0, 1.0, 1.0, 1.0, 1.0, 1.0, 1.0, 1.0, 1.0, 1.0, 1.0, 1.0, 1.0, 1.0, 1.0, 1.0, 1.0, 1.0, 1.0, 1.0, 1.0, 1.0, 1.0, 1.0, 1.0, 1.0, 1.0, 1.0, 1.0, 1.0, 1.0, 1.0], "has_canonical_format": false, "myClass": "coo_array", "myShape": [2, 128]}, "number": 7, "numberMax": 64, "origin": ["Land 1", "Land 2", "Land 3", "Lake 1", "Lake 2", "Point 1", "Lake 3"], "destination": ["Lake 1", "Lake 2", "Lake 3", "Point 1", "Point 1", "Lake 3", "Point 2"], "ref": ["water,nitrogen", "water,nitrogen", "water,nitrogen", "water", "water,nitrogen", "water,nitrogen", "water,nitrogen"], "nameRef": ["transport f. land 1 t. lake 1 while water,nitrogen", "transport f. land 2 t. lake 2 while water,nitrogen", "transport f. land 3 t. lake 3 while water,nitrogen", "transport f. lake 1 t. point 1 while water", "transport f. lake 2 t. point 1 while water,nitrogen", "transport f. point 1 t. lake 3 while water,nitrogen", "transport f. lake 3 t. point 2 while water,nitrogen"], "idxOrigin": [3, 4, 5, 0, 1, 6, 2], "idxDestination": [0, 1, 2, 6, 6, 2, 7], "idxHolding": [0, 0, 0, 1, 0, 0, 0], "idxTransport": [24, 33, 42, 6, 14, 50, 23], "numberRefMax": 128, "duration": ["", "", "", "", "", "", ""], "hasUEMinusCapacityConstraint": ["false", "false", "false", "false", "false", "false", "false"], "QEmax": ["", "", "", "", "", "", ""], "hasQECapacityConstraint": ["false", "false", "false", "false", "false", "false", "false"], "hasQEfinalCond": ["false", "false", "false", "false", "false", "false", "false"], "hasQEinitCond": ["false", "false", "false", "false", "false", "false", "false"], "hasUEPlusCapacityConstraint": ["false", "false", "false", "false", "false", "false", "false"], "resistance": ["5000", "5000", "5000", "5000", "5000", "5000", "5000"], "hasResistance": ["true", "true", "true", "true", "true", "true", "true"], "UEPlusMax": ["", "", "", "", "", "", ""], "QEfinalCond": ["", "", "", "", "", "", ""], "hasUEPlusExoConstraint": ["false", "false", "false", "false", "false", "false", "false"], "costCoeffQE": ["0", "0", "0", "0", "0", "0", "0"], "CUPlus": ["", "", "", "", "", "", ""], "QEinitCond": ["", "", "", "", "", "", ""], "resistanceUnits": ["s/m^3", "s/m^3", "s/m^3", "s/m^3", "s/m^3", "s/m^3", "s/m^3"], "CUMinus": ["rainfall", "", "", "", "", "rainfall", "rainfall"], "UEMinusMax": ["", "", "", "", "", "", ""], "hasUEMinusExoConstraint": ["false", "false", "false", "false", "false", "false", "false"], "numberRef": 7, "myClass": "TransportProcess"}, "holdingProcess": {"name": ["water,nitrogen", "water"], "idx": [0, 1], "idxProcess": [], "status": [true, true], "inputOperand": ["water,nitrogen", "water"], "inputOperandWeight": [[1.0, 1.0], [1.0]], "outputOperand": ["water,nitrogen", "water"], "outputOperandWeight": [[1.0, 1.0], [1.0]], "MLPNeg": {"maxprint": 50, "coords": [[0, 1, 0], [0, 0, 1]], "data": [1.0, 1.0, 1.0], "has_canonical_format": true, "myClass": "coo_array", "myShape": [2, 2]}, "MLPPos": {"maxprint": 50, "coords": [[0, 1, 0], [0, 0, 1]], "data": [1.0, 1.0, 1.0], "has_canonical_format": true, "myClass": "coo_array", "myShape": [2, 2]}, "number": 2, "numberMax": [], "myClass": "HoldingProcess"}, "systemProcess": {"name": ["accept water", "accept nitrogen", "transport f. land 1 t. lake 1 while water,nitrogen", "transport f. land 2 t. lake 2 while water,nitrogen", "transport f. land 3 t. lake 3 while water,nitrogen", "transport f. lake 1 t. point 1 while water", "transport f. lake 2 t. point 1 while water,nitrogen", "transport f. point 1 t. lake 3 while water,nitrogen", "transport f. lake 3 t. point 2 while water,nitrogen"], "idx": [0, 1, 26, 35, 44, 72, 16, 52, 25], "idxProcess": [0, 1, 26, 35, 44, 72, 16, 52, 25], "status": [true, true, true, true, true, true, true, true, true], "inputOperand": ["", "", "water,nitrogen", "water,nitrogen", "water,nitrogen", "water", "water,nitrogen", "water,nitrogen", "water,nitrogen"], "inputOperandWeight": [[], [], [1.0, 1.0], [1.0, 1.0], [1.0, 1.0], [1.0], [1.0, 1.0], [1.0, 1.0], [1.0, 1.0]], "outputOperand": ["water", "nitrogen", "water,nitrogen", "water,nitrogen", "water,nitrogen", "water", "water,nitrogen", "water,nitrogen", "water,nitrogen"], "outputOperandWeight": [[1.0], [1.0], [1.0, 1.0], [1.0, 1.0], [1.0, 1.0], [1.0], [1.0, 1.0], [1.0, 1.0], [1.0, 1.0]], "MLPNeg": {"maxprint": 50, "coords": [[0, 0, 0, 0, 0, 0, 0, 0, 0, 0, 0, 0, 0, 0, 0, 0, 0, 0, 0, 0, 0, 0, 0, 0, 0, 0, 0, 0, 0, 0, 0, 0, 0, 0, 0, 0, 0, 0, 0, 0, 0, 0, 0, 0, 0, 0, 0, 0, 0, 0, 0, 0, 0, 0, 0, 0, 0, 0, 0, 0, 0, 0, 0, 0, 1, 1, 1, 1, 1, 1, 1, 1, 1, 1, 1, 1, 1, 1, 1, 1, 1, 1, 1, 1, 1, 1, 1, 1, 1, 1, 1, 1, 1, 1, 1, 1, 1, 1, 1, 1, 1, 1, 1, 1, 1, 1, 1, 1, 1, 1, 1, 1, 1, 1, 1, 1, 1, 1, 1, 1, 1, 1, 1, 1, 1, 1, 1, 1, 0, 0, 0, 0, 0, 0, 0, 0, 0, 0, 0, 0, 0, 0, 0, 0, 0, 0, 0, 0, 0, 0, 0, 0, 0, 0, 0, 0, 0, 0, 0, 0, 0, 0, 0, 0, 0, 0, 0, 0, 0, 0, 0, 0, 0, 0, 0, 0, 0, 0, 0, 0, 0, 0, 0, 0, 0, 0, 0, 0, 0, 0, 0, 0], [2, 3, 4, 5, 6, 7, 8, 9, 10, 11, 12, 13, 14, 15, 16, 17, 18, 19, 20, 21, 22, 23, 24, 25, 26, 27, 28, 29, 30, 31, 32, 33, 34, 35, 36, 37, 38, 39, 40, 41, 42, 43, 44, 45, 46, 47, 48, 49, 50, 51, 52, 53, 54, 55, 56, 57, 58, 59, 60, 61, 62, 63, 64, 65, 2, 3, 4, 5, 6, 7, 8, 9, 10, 11, 12, 13, 14, 15, 16, 17, 18, 19, 20, 21, 22, 23, 24, 25, 26, 27, 28, 29, 30, 31, 32, 33, 34, 35, 36, 37, 38, 39, 40, 41, 42, 43, 44, 45, 46, 47, 48, 49, 50, 51, 52, 53, 54, 55, 56, 57, 58, 59, 60, 61, 62, 63, 64, 65, 66, 67, 68, 69, 70, 71, 72, 73, 74, 75, 76, 77, 78, 79, 80, 81, 82, 83, 84, 85, 86, 87, 88, 89, 90, 91, 92, 93, 94, 95, 96, 97, 98, 99, 100, 101, 102, 103, 104, 105, 106, 107, 108, 109, 110, 111, 112, 113, 114, 115, 116, 117, 118, 119, 120, 121, 122, 123, 124, 125, 126, 127, 128, 129]], "data": [1.0, 1.0, 1.0, 1.0, 1.0, 1.0, 1.0, 1.0, 1.0, 1.0, 1.0, 1.0, 1.0, 1.0, 1.0, 1.0, 1.0, 1.0, 1.0, 1.0, 1.0, 1.0, 1.0, 1.0, 1.0, 1.0, 1.0, 1.0, 1.0, 1.0, 1.0, 1.0, 1.0, 1.0, 1.0, 1.0, 1.0, 1.0, 1.0, 1.0, 1.0, 1.0, 1.0, 1.0, 1.0, 1.0, 1.0, 1.0, 1.0, 1.0, 1.0, 1.0, 1.0, 1.0, 1.0, 1.0, 1.0, 1.0, 1.0, 1.0, 1.0, 1.0, 1.0, 1.0, 1.0, 1.0, 1.0, 1.0, 1.0, 1.0, 1.0, 1.0, 1.0, 1.0, 1.0, 1.0, 1.0, 1.0, 1.0, 1.0, 1.0, 1.0, 1.0, 1.0, 1.0, 1.0, 1.0, 1.0, 1.0, 1.0, 1.0, 1.0, 1.0, 1.0, 1.0, 1.0, 1.0, 1.0, 1.0, 1.0, 1.0, 1.0, 1.0, 1.0, 1.0, 1.0, 1.0, 1.0, 1.0, 1.0, 1.0, 1.0, 1.0, 1.0, 1.0, 1.0, 1.0, 1.0, 1.0, 1.0, 1.0, 1.0, 1.0, 1.0, 1.0, 1.0, 1.0, 1.0, 1.0, 1.0, 1.0, 1.0, 1.0, 1.0, 1.0, 1.0, 1.0, 1.0, 1.0, 1.0, 1.0, 1.0, 1.0, 1.0, 1.0, 1.0, 1.0, 1.0, 1.0, 1.0, 1.0, 1.0, 1.0, 1.0, 1.0, 1.0, 1.0, 1.0, 1.0, 1.0, 1.0, 1.0, 1.0, 1.0, 1.0, 1.0, 1.0, 1.0, 1.0, 1.0, 1.0, 1.0, 1.0, 1.0, 1.0, 1.0, 1.0, 1.0, 1.0, 1.0, 1.0, 1.0, 1.0, 1.0, 1.0, 1.0, 1.0, 1.0, 1.0, 1.0, 1.0, 1.0], "has_canonical_format": false, "myClass": "coo_array", "myShape": [2, 130]}, "MLPPos": {"maxprint": 50, "coords": [[0, 1, 0, 0, 0, 0, 0, 0, 0, 0, 0, 0, 0, 0, 0, 0, 0, 0, 0, 0, 0, 0, 0, 0, 0, 0, 0, 0, 0, 0, 0, 0, 0, 0, 0, 0, 0, 0, 0, 0, 0, 0, 0, 0, 0, 0, 0, 0, 0, 0, 0, 0, 0, 0, 0, 0, 0, 0, 0, 0, 0, 0, 0, 0, 0, 0, 1, 1, 1, 1, 1, 1, 1, 1, 1, 1, 1, 1, 1, 1, 1, 1, 1, 1, 1, 1, 1, 1, 1, 1, 1, 1, 1, 1, 1, 1, 1, 1, 1, 1, 1, 1, 1, 1, 1, 1, 1, 1, 1, 1, 1, 1, 1, 1, 1, 1, 1, 1, 1, 1, 1, 1, 1, 1, 1, 1, 1, 1, 1, 1, 0, 0, 0, 0, 0, 0, 0, 0, 0, 0, 0, 0, 0, 0, 0, 0, 0, 0, 0, 0, 0, 0, 0, 0, 0, 0, 0, 0, 0, 0, 0, 0, 0, 0, 0, 0, 0, 0, 0, 0, 0, 0, 0, 0, 0, 0, 0, 0, 0, 0, 0, 0, 0, 0, 0, 0, 0, 0, 0, 0, 0, 0, 0, 0], [0, 1, 2, 3, 4, 5, 6, 7, 8, 9, 10, 11, 12, 13, 14, 15, 16, 17, 18, 19, 20, 21, 22, 23, 24, 25, 26, 27, 28, 29, 30, 31, 32, 33, 34, 35, 36, 37, 38, 39, 40, 41, 42, 43, 44, 45, 46, 47, 48, 49, 50, 51, 52, 53, 54, 55, 56, 57, 58, 59, 60, 61, 62, 63, 64, 65, 2, 3, 4, 5, 6, 7, 8, 9, 10, 11, 12, 13, 14, 15, 16, 17, 18, 19, 20, 21, 22, 23, 24, 25, 26, 27, 28, 29, 30, 31, 32, 33, 34, 35, 36, 37, 38, 39, 40, 41, 42, 43, 44, 45, 46, 47, 48, 49, 50, 51, 52, 53, 54, 55, 56, 57, 58, 59, 60, 61, 62, 63, 64, 65, 66, 67, 68, 69, 70, 71, 72, 73, 74, 75, 76, 77, 78, 79, 80, 81, 82, 83, 84, 85, 86, 87, 88, 89, 90, 91, 92, 93, 94, 95, 96, 97, 98, 99, 100, 101, 102, 103, 104, 105, 106, 107, 108, 109, 110, 111, 112, 113, 114, 115, 116, 117, 118, 119, 120, 121, 122, 123, 124, 125, 126, 127, 128, 129]], "data": [1.0, 1.0, 1.0, 1.0, 1.0, 1.0, 1.0, 1.0, 1.0, 1.0, 1.0, 1.0, 1.0, 1.0, 1.0, 1.0, 1.0, 1.0, 1.0, 1.0, 1.0, 1.0, 1.0, 1.0, 1.0, 1.0, 1.0, 1.0, 1.0, 1.0, 1.0, 1.0, 1.0, 1.0, 1.0, 1.0, 1.0, 1.0, 1.0, 1.0, 1.0, 1.0, 1.0, 1.0, 1.0, 1.0, 1.0, 1.0, 1.0, 1.0, 1.0, 1.0, 1.0, 1.0, 1.0, 1.0, 1.0, 1.0, 1.0, 1.0, 1.0, 1.0, 1.0, 1.0, 1.0, 1.0, 1.0, 1.0, 1.0, 1.0, 1.0, 1.0, 1.0, 1.0, 1.0, 1.0, 1.0, 1.0, 1.0, 1.0, 1.0, 1.0, 1.0, 1.0, 1.0, 1.0, 1.0, 1.0, 1.0, 1.0, 1.0, 1.0, 1.0, 1.0, 1.0, 1.0, 1.0, 1.0, 1.0, 1.0, 1.0, 1.0, 1.0, 1.0, 1.0, 1.0, 1.0, 1.0, 1.0, 1.0, 1.0, 1.0, 1.0, 1.0, 1.0, 1.0, 1.0, 1.0, 1.0, 1.0, 1.0, 1.0, 1.0, 1.0, 1.0, 1.0, 1.0, 1.0, 1.0, 1.0, 1.0, 1.0, 1.0, 1.0, 1.0, 1.0, 1.0, 1.0, 1.0, 1.0, 1.0, 1.0, 1.0, 1.0, 1.0, 1.0, 1.0, 1.0, 1.0, 1.0, 1.0, 1.0, 1.0, 1.0, 1.0, 1.0, 1.0, 1.0, 1.0, 1.0, 1.0, 1.0, 1.0, 1.0, 1.0, 1.0, 1.0, 1.0, 1.0, 1.0, 1.0, 1.0, 1.0, 1.0, 1.0, 1.0, 1.0, 1.0, 1.0, 1.0, 1.0, 1.0, 1.0, 1.0, 1.0, 1.0, 1.0, 1.0, 1.0, 1.0, 1.0, 1.0, 1.0, 1.0], "has_canonical_format": false, "myClass": "coo_array", "myShape": [2, 130]}, "number": 9, "numberMax": 130, "myClass": "SystemProcess"}, "systemConcept": {"name": ["Lake 1 accept water", "Lake 2 accept water", "Lake 3 accept water", "Land 1 accept water", "Land 1 accept nitrogen", "Land 1 transport f. land 1 t. lake 1 while water,nitrogen", "Land 2 accept water", "Land 2 accept nitrogen", "Land 2 transport f. land 2 t. lake 2 while water,nitrogen", "Land 3 accept water", "Land 3 accept nitrogen", "Land 3 transport f. land 3 t. lake 3 while water,nitrogen", "River Segment 1 transport f. lake 1 t. point 1 while water", "River Segment 2 transport f. lake 2 t. point 1 while water,nitrogen", "River Segment 3 transport f. point 1 t. lake 3 while water,nitrogen", "River Segment 4 transport f. lake 3 t. point 2 while water,nitrogen"], "nameSoS": [], "idxPsiCapability": [0, 1, 2, 3, 4, 5, 6, 7, 8, 9, 10, 11, 12, 13, 14, 15], "idxChiCapability": [0, 130, 260, 390, 391, 416, 520, 521, 555, 650, 651, 694, 1112, 1186, 1352, 1455], "idxResource": [0, 1, 2, 3, 3, 3, 4, 4, 4, 5, 5, 5, 8, 9, 10, 11], "idxProcess": [0, 0, 0, 0, 1, 26, 0, 1, 35, 0, 1, 44, 72, 16, 52, 25], "idxOperand": {"maxprint": 50, "coords": [[0, 0, 0, 0, 0, 0, 0, 1, 1, 1, 1, 1, 1], [12, 14, 11, 8, 5, 15, 13, 14, 11, 8, 5, 15, 13]], "data": [1.0, 1.0, 1.0, 1.0, 1.0, 1.0, 1.0, 1.0, 1.0, 1.0, 1.0, 1.0, 1.0], "has_canonical_format": false, "myClass": "coo_array", "myShape": [2, 16]}, "idxOutput": {"maxprint": 50, "coords": [[0, 0, 0, 0, 0, 0, 0, 0, 0, 0, 0, 0, 0, 1, 1, 1, 1, 1, 1, 1, 1, 1], [12, 14, 11, 8, 5, 15, 13, 9, 6, 3, 2, 1, 0, 14, 11, 8, 5, 15, 13, 10, 7, 4]], "data": [1.0, 1.0, 1.0, 1.0, 1.0, 1.0, 1.0, 1.0, 1.0, 1.0, 1.0, 1.0, 1.0, 1.0, 1.0, 1.0, 1.0, 1.0, 1.0, 1.0, 1.0, 1.0], "has_canonical_format": false, "myClass": "coo_array", "myShape": [2, 16]}, "DOFM": 9, "DOFHRef": 7, "DOFG": 7, "DOFH": 7, "DOFS": 16, "JM": {"maxprint": 50, "coords": [[0, 0, 0, 0, 1, 0, 1, 0, 1], [0, 1, 2, 3, 3, 4, 4, 5, 5]], "data": [1, 1, 1, 1, 1, 1, 1, 1, 1], "has_canonical_format": true, "myClass": "coo_array", "myShape": [2, 6]}, "KM": {"maxprint": 50, "coords": [[], []], "data": [], "has_canonical_format": true, "myClass": "coo_array", "myShape": [2, 6]}, "AM": {"maxprint": 50, "coords": [[0, 0, 0, 0, 0, 0, 1, 1, 1], [0, 1, 2, 3, 4, 5, 3, 4, 5]], "data": [1, 1, 1, 1, 1, 1, 1, 1, 1], "has_canonical_format": false, "myClass": "coo_array", "myShape": [2, 6]}, "JH": {"maxprint": 50, "coords": [[24, 33, 42, 6, 14, 50, 23], [3, 4, 5, 8, 9, 10, 11]], "data": [1, 1, 1, 1, 1, 1, 1], "has_canonical_format": true, "myClass": "coo_array", "myShape": [64, 12]}, "KH": {"maxprint": 50, "coords": [[], []], "data": [], "has_canonical_format": true, "myClass": "coo_array", "myShape": [64, 12]}, "AH": {"maxprint": 50, "coords": [[6, 14, 23, 24, 33, 42, 50], [8, 9, 11, 3, 4, 5, 10]], "data": [1, 1, 1, 1, 1, 1, 1], "has_canonical_format": false, "myClass": "coo_array", "myShape": [64, 12]}, "JG": {"maxprint": 50, "coords": [[0, 0, 0, 1, 0, 0, 0], [3, 4, 5, 8, 9, 10, 11]], "data": [1, 1, 1, 1, 1, 1, 1], "has_canonical_format": true, "myClass": "coo_array", "myShape": [2, 12]}, "KG": {"maxprint": 50, "coords": [[], []], "data": [], "has_canonical_format": true, "myClass": "coo_array", "myShape": [2, 12]}, "AG": {"maxprint": 50, "coords": [[0, 0, 0, 0, 0, 0, 1], [3, 4, 5, 9, 10, 11, 8]], "data": [1, 1, 1, 1, 1, 1, 1], "has_canonical_format": false, "myClass": "coo_array", "myShape": [2, 12]}, "JHRef": {"maxprint": 50, "coords": [[24, 33, 42, 70, 14, 50, 23], [3, 4, 5, 8, 9, 10, 11]], "data": [1, 1, 1, 1, 1, 1, 1], "has_canonical_format": true, "myClass": "coo_array", "myShape": [128, 12]}, "KHRef": {"maxprint": 50, "coords": [[], []], "data": [], "has_canonical_format": true, "myClass": "coo_array", "myShape": [128, 12]}, "AHRef": {"maxprint": 50, "coords": [[14, 23, 24, 33, 42, 50, 70], [9, 11, 3, 4, 5, 10, 8]], "data": [1, 1, 1, 1, 1, 1, 1], "has_canonical_format": false, "myClass": "coo_array", "myShape": [128, 12]}, "JS": {"maxprint": 50, "coords": [[0, 0, 0, 0, 1, 0, 1, 0, 1, 26, 35, 44, 72, 16, 52, 25], [0, 1, 2, 3, 3, 4, 4, 5, 5, 3, 4, 5, 8, 9, 10, 11]], "data": [1, 1, 1, 1, 1, 1, 1, 1, 1, 1, 1, 1, 1, 1, 1, 1], "has_canonical_format": false, "myClass": "coo_array", "myShape": [130, 12]}, "KS": {"maxprint": 50, "coords": [[], []], "data": [], "has_canonical_format": false, "myClass": "coo_array", "myShape": [130, 12]}, "AS": {"maxprint": 50, "coords": [[0, 0, 0, 0, 1, 26, 0, 1, 35, 0, 1, 44, 72, 16, 52, 25], [0, 1, 2, 3, 3, 3, 4, 4, 4, 5, 5, 5, 8, 9, 10, 11]], "data": [1, 1, 1, 1, 1, 1, 1, 1, 1, 1, 1, 1, 1, 1, 1, 1], "has_canonical_format": false, "myClass": "coo_array", "myShape": [130, 12]}, "JHT": {"coords": [[0, 1, 2, 3, 4, 5, 6], [6, 6, 7, 0, 1, 2, 2], [8, 9, 11, 3, 4, 5, 10]], "data": [1, 1, 1, 1, 1, 1, 1], "fill_value": 0, "_cache": [], "myClass": "COO", "myShape": [8, 8, 12]}, "KHT": {"coords": [[], [], []], "data": [], "fill_value": 0, "_cache": [], "myClass": "COO", "myShape": [8, 8, 12]}, "AHT": {"coords": [[0, 1, 2, 3, 4, 5, 6], [6, 6, 7, 0, 1, 2, 2], [8, 9, 11, 3, 4, 5, 10]], "data": [1, 1, 1, 1, 1, 1, 1], "fill_value": 0, "_cache": [], "myClass": "COO", "myShape": [8, 8, 12]}, "JHRefT": {"coords": [[0, 0, 0, 0, 0, 0, 1], [1, 2, 3, 4, 5, 6, 0], [6, 7, 0, 1, 2, 2, 6], [9, 11, 3, 4, 5, 10, 8]], "data": [1, 1, 1, 1, 1, 1, 1], "fill_value": 0, "_cache": [], "myClass": "COO", "myShape": [2, 8, 8, 12]}, "KHRefT": {"coords": [[], [], [], []], "data": [], "fill_value": 0, "_cache": [], "myClass": "COO", "myShape": [2, 8, 8, 12]}, "AHRefT": {"coords": [[0, 0, 0, 0, 0, 0, 1], [1, 2, 3, 4, 5, 6, 0], [6, 7, 0, 1, 2, 2, 6], [9, 11, 3, 4, 5, 10, 8]], "data": [1, 1, 1, 1, 1, 1, 1], "fill_value": 0, "_cache": [], "myClass": "COO", "myShape": [2, 8, 8, 12]}, "PS": {"maxprint": 50, "coords": [[0, 1, 2, 3, 4, 5, 6, 7, 8, 9, 10, 11, 12, 13, 14, 15], [0, 130, 260, 390, 391, 416, 520, 521, 555, 650, 651, 694, 1112, 1186, 1352, 1455]], "data": [1, 1, 1, 1, 1, 1, 1, 1, 1, 1, 1, 1, 1, 1, 1, 1], "has_canonical_format": true, "myClass": "coo_array", "myShape": [16, 1560]}, "PPS": {"maxprint": 50, "coords": [[0, 0, 0, 0, 1, 26, 0, 1, 35, 0, 1, 44, 72, 16, 52, 25], [0, 1, 2, 3, 4, 5, 6, 7, 8, 9, 10, 11, 12, 13, 14, 15]], "data": [1, 1, 1, 1, 1, 1, 1, 1, 1, 1, 1, 1, 1, 1, 1, 1], "has_canonical_format": true, "myClass": "coo_array", "myShape": [130, 16]}, "PRS": {"maxprint": 50, "coords": [[0, 1, 2, 3, 3, 3, 4, 4, 4, 5, 5, 5, 8, 9, 10, 11], [0, 1, 2, 3, 4, 5, 6, 7, 8, 9, 10, 11, 12, 13, 14, 15]], "data": [1, 1, 1, 1, 1, 1, 1, 1, 1, 1, 1, 1, 1, 1, 1, 1], "has_canonical_format": true, "myClass": "coo_array", "myShape": [12, 16]}, "ABS": {"maxprint": 50, "coords": [[0, 1, 2, 2, 6, 6, 7], [3, 4, 5, 6, 0, 1, 2]], "data": [1, 1, 1, 1, 1, 1, 1], "has_canonical_format": false, "myClass": "coo_array", "myShape": [8, 8]}, "ALBS": {"coords": [[0, 1, 2, 2, 6, 6, 7], [3, 4, 5, 6, 0, 1, 2], [0, 0, 0, 0, 1, 0, 0]], "data": [1, 1, 1, 1, 1, 1, 1], "fill_value": 0, "_cache": [], "myClass": "COO", "myShape": [8, 8, 2]}, "DOFMax": 1560, "myClass": "SystemConcept"}, "analytics": {"MPR4Neg": {"coords": [[0, 0, 0, 0, 0, 0, 0, 1, 1, 1, 1, 1, 1], [0, 1, 2, 3, 4, 5, 6, 1, 2, 3, 4, 5, 6], [72, 16, 25, 26, 35, 44, 52, 16, 25, 26, 35, 44, 52], [8, 9, 11, 3, 4, 5, 10, 9, 11, 3, 4, 5, 10]], "data": [1, 1, 1, 1, 1, 1, 1, 1, 1, 1, 1, 1, 1], "fill_value": 0, "_cache": [], "myClass": "COO", "myShape": [2, 8, 130, 12]}, "MRho3Neg": {"coords": [[0, 0, 0, 0, 0, 0, 0, 1, 1, 1, 1, 1, 1], [0, 1, 2, 3, 4, 5, 6, 1, 2, 3, 4, 5, 6], [12, 13, 15, 5, 8, 11, 14, 13, 15, 5, 8, 11, 14]], "data": [1, 1, 1, 1, 1, 1, 1, 1, 1, 1, 1, 1, 1], "fill_value": 0, "_cache": [], "myClass": "COO", "myShape": [2, 8, 16]}, "MRho2Neg": {"maxprint": 50, "coords": [[0, 1, 2, 3, 4, 5, 6, 9, 10, 11, 12, 13, 14], [12, 13, 15, 5, 8, 11, 14, 13, 15, 5, 8, 11, 14]], "data": [1, 1, 1, 1, 1, 1, 1, 1, 1, 1, 1, 1, 1], "has_canonical_format": false, "myClass": "coo_array", "myShape": [16, 16]}, "MPR4Pos": {"coords": [[0, 0, 0, 0, 0, 0, 0, 0, 0, 0, 0, 0, 0, 1, 1, 1, 1, 1, 1, 1, 1, 1], [0, 0, 1, 1, 2, 2, 2, 3, 4, 5, 6, 6, 7, 0, 1, 2, 2, 3, 4, 5, 6, 7], [0, 26, 0, 35, 0, 44, 52, 0, 0, 0, 16, 72, 25, 26, 35, 44, 52, 1, 1, 1, 16, 25], [0, 3, 1, 4, 2, 5, 10, 3, 4, 5, 9, 8, 11, 3, 4, 5, 10, 3, 4, 5, 9, 11]], "data": [1, 1, 1, 1, 1, 1, 1, 1, 1, 1, 1, 1, 1, 1, 1, 1, 1, 1, 1, 1, 1, 1], "fill_value": 0, "_cache": [], "myClass": "COO", "myShape": [2, 8, 130, 12]}, "MRho3Pos": {"coords": [[0, 0, 0, 0, 0, 0, 0, 0, 0, 0, 0, 0, 0, 1, 1, 1, 1, 1, 1, 1, 1, 1], [0, 0, 1, 1, 2, 2, 2, 3, 4, 5, 6, 6, 7, 0, 1, 2, 2, 3, 4, 5, 6, 7], [0, 5, 1, 8, 2, 11, 14, 3, 6, 9, 12, 13, 15, 5, 8, 11, 14, 4, 7, 10, 13, 15]], "data": [1, 1, 1, 1, 1, 1, 1, 1, 1, 1, 1, 1, 1, 1, 1, 1, 1, 1, 1, 1, 1, 1], "fill_value": 0, "_cache": [], "myClass": "COO", "myShape": [2, 8, 16]}, "MRho2Pos": {"maxprint": 50, "coords": [[0, 0, 1, 1, 2, 2, 2, 3, 4, 5, 6, 6, 7, 8, 9, 10, 10, 11, 12, 13, 14, 15], [0, 5, 1, 8, 2, 11, 14, 3, 6, 9, 12, 13, 15, 5, 8, 11, 14, 4, 7, 10, 13, 15]], "data": [1, 1, 1, 1, 1, 1, 1, 1, 1, 1, 1, 1, 1, 1, 1, 1, 1, 1, 1, 1, 1, 1], "has_canonical_format": false, "myClass": "coo_array", "myShape": [16, 16]}, "MPR4": {"coords": [[0, 0, 0, 0, 0, 0, 0, 0, 0, 0, 0, 0, 0, 0, 0, 0, 0, 0, 0, 0, 1, 1, 1, 1, 1, 1, 1, 1, 1, 1, 1, 1, 1, 1, 1], [0, 0, 0, 1, 1, 1, 2, 2, 2, 2, 3, 3, 4, 4, 5, 5, 6, 6, 6, 7, 0, 1, 1, 2, 2, 2, 3, 3, 4, 4, 5, 5, 6, 6, 7], [0, 26, 72, 0, 16, 35, 0, 25, 44, 52, 0, 26, 0, 35, 0, 44, 16, 52, 72, 25, 26, 16, 35, 25, 44, 52, 1, 26, 1, 35, 1, 44, 16, 52, 25], [0, 3, 8, 1, 9, 4, 2, 11, 5, 10, 3, 3, 4, 4, 5, 5, 9, 10, 8, 11, 3, 9, 4, 11, 5, 10, 3, 3, 4, 4, 5, 5, 9, 10, 11]], "data": [1, 1, -1, 1, -1, 1, 1, -1, 1, 1, 1, -1, 1, -1, 1, -1, 1, -1, 1, 1, 1, -1, 1, -1, 1, 1, 1, -1, 1, -1, 1, -1, 1, -1, 1], "fill_value": 0, "_cache": [], "myClass": "COO", "myShape": [2, 8, 130, 12]}, "MRho3": {"coords": [[0, 0, 0, 0, 0, 0, 0, 0, 0, 0, 0, 0, 0, 0, 0, 0, 0, 0, 0, 0, 1, 1, 1, 1, 1, 1, 1, 1, 1, 1, 1, 1, 1, 1, 1], [0, 0, 0, 1, 1, 1, 2, 2, 2, 2, 3, 3, 4, 4, 5, 5, 6, 6, 6, 7, 0, 1, 1, 2, 2, 2, 3, 3, 4, 4, 5, 5, 6, 6, 7], [0, 5, 12, 1, 8, 13, 2, 11, 14, 15, 3, 5, 6, 8, 9, 11, 12, 13, 14, 15, 5, 8, 13, 11, 14, 15, 4, 5, 7, 8, 10, 11, 13, 14, 15]], "data": [1, 1, -1, 1, 1, -1, 1, 1, 1, -1, 1, -1, 1, -1, 1, -1, 1, 1, -1, 1, 1, 1, -1, 1, 1, -1, 1, -1, 1, -1, 1, -1, 1, -1, 1], "fill_value": 0, "_cache": [], "myClass": "COO", "myShape": [2, 8, 16]}, "MRho2": {"maxprint": 50, "coords": [[0, 0, 0, 1, 1, 1, 2, 2, 2, 2, 3, 3, 4, 4, 5, 5, 6, 6, 6, 7, 8, 9, 9, 10, 10, 10, 11, 11, 12, 12, 13, 13, 14, 14, 15], [0, 5, 12, 1, 8, 13, 2, 11, 14, 15, 3, 5, 6, 8, 9, 11, 12, 13, 14, 15, 5, 8, 13, 11, 14, 15, 4, 5, 7, 8, 10, 11, 13, 14, 15]], "data": [1, 1, -1, 1, 1, -1, 1, 1, 1, -1, 1, -1, 1, -1, 1, -1, 1, 1, -1, 1, 1, 1, -1, 1, 1, -1, 1, -1, 1, -1, 1, -1, 1, -1, 1], "has_canonical_format": false, "myClass": "coo_array", "myShape": [16, 16]}, "ARho": {"maxprint": 50, "coords": [[0, 1, 2, 3, 4, 5, 6, 7, 8, 9, 10, 11, 12, 13, 14], [12, 13, 15, 5, 5, 12, 8, 8, 13, 11, 11, 15, 14, 14, 15]], "data": [1, 1, 1, 1, 1, 1, 1, 1, 2, 1, 1, 2, 1, 2, 2], "has_canonical_format": false, "myClass": "coo_array", "myShape": [16, 16]}, "APR": {"maxprint": 50, "coords": [[0, 130, 260, 390, 391, 416, 520, 521, 555, 650, 651, 694, 1112, 1186, 1352], [1112, 1186, 1455, 416, 416, 1112, 555, 555, 1186, 694, 694, 1455, 1352, 1352, 1455]], "data": [1, 1, 1, 1, 1, 1, 1, 1, 2, 1, 1, 2, 1, 2, 2], "has_canonical_format": true, "myClass": "coo_array", "myShape": [1560, 1560]}, "APR4": {"coords": [[0, 0, 0, 0, 0, 0, 1, 1, 1, 16, 26, 35, 44, 52, 72], [0, 1, 2, 3, 4, 5, 3, 4, 5, 9, 3, 4, 5, 10, 8], [72, 16, 25, 26, 35, 44, 26, 35, 44, 52, 72, 16, 25, 25, 52], [8, 9, 11, 3, 4, 5, 3, 4, 5, 10, 8, 9, 11, 11, 10]], "data": [1, 1, 1, 1, 1, 1, 1, 1, 1, 2, 1, 2, 2, 2, 1], "fill_value": 0, "_cache": [], "myClass": "COO", "myShape": [130, 12, 130, 12]}, "ARhoSoS": [], "AFormal": {"maxprint": 50, "coords": [[0, 1, 1, 2, 2, 3, 3, 4, 4, 5, 5, 6, 6, 9, 9, 10, 10, 11, 11, 12, 12, 13, 13, 14, 14], [6, 14, 6, 15, 7, 8, 0, 9, 1, 10, 2, 10, 2, 14, 6, 15, 7, 8, 0, 9, 1, 10, 2, 10, 2]], "data": [1, 1, 1, 1, 1, 1, 1, 1, 1, 1, 1, 1, 1, 1, 1, 1, 1, 1, 1, 1, 1, 1, 1, 1, 1], "has_canonical_format": false, "myClass": "coo_array", "myShape": [16, 16]}, "AFormalT": {"coords": [[0, 0, 0, 0, 0, 0, 0, 0, 0, 0, 0, 0, 0, 1, 1, 1, 1, 1, 1, 1, 1, 1, 1, 1, 1], [0, 1, 1, 2, 2, 3, 3, 5, 5, 6, 6, 7, 7, 0, 0, 1, 1, 2, 2, 4, 4, 5, 5, 6, 6], [0, 1, 1, 1, 1, 0, 0, 1, 1, 1, 1, 0, 0, 0, 0, 0, 0, 0, 0, 0, 0, 0, 0, 0, 0], [3, 3, 7, 0, 4, 1, 5, 3, 7, 0, 4, 1, 5, 3, 7, 0, 4, 1, 5, 3, 7, 0, 4, 1, 5]], "data": [1, 1, 1, 1, 1, 1, 1, 1, 1, 1, 1, 1, 1, 1, 1, 1, 1, 1, 1, 1, 1, 1, 1, 1, 1], "fill_value": 0, "_cache": [], "myClass": "COO", "myShape": [2, 8, 2, 8]}, "ASys": {"maxprint": 50, "coords": [[0, 1, 2, 3, 4, 5, 6, 7, 8, 9, 10, 11, 12, 13, 14], [12, 13, 15, 5, 5, 12, 8, 8, 13, 11, 11, 15, 14, 14, 15]], "data": [1, 1, 1, 1, 1, 1, 1, 1, 2, 1, 1, 2, 1, 2, 2], "has_canonical_format": false, "myClass": "coo_array", "myShape": [16, 16]}, "myClass": "Analytics"}, "myClass": "LFES"}