{"name": ["Simulation 2"], "scenario": ["base"], "refArchitecture": ["Lake-Land System"], "dataState": ["final"], "version": ["4.0"], "runCode": "2025-04-15-NoGit", "verboseMode": ["true"], "analyzeSoS": false, "inputDataFormat": ["default"], "inputFilePath": "0_Input_Data/XMLs/Simulation 2-Default-Base-2.xml", "outputFileType": ["hdf5"], "outputDirectory": "1_Output_Data", "outputDataFormat": ["full"], "operand": {"idx": [0, 1], "operandName": ["water", "nitrogen"], "operandNet": [{"myClass": "GenericClass"}, {"myClass": "GenericClass"}], "number": 2, "sosType": [], "operandType": ["matter", "matter"], "AL": {"maxprint": 50, "coords": [[], []], "data": [], "has_canonical_format": false, "myClass": "coo_array", "myShape": [0, 0]}, "ALrho": {"maxprint": 50, "coords": [[], []], "data": [], "has_canonical_format": false, "myClass": "coo_array", "myShape": [0, 0]}, "myClass": "Operand"}, "sosService": {"idx": [], "operandName": [], "operandNet": [], "number": [], "sosType": [], "operandType": [], "AL": [], "ALrho": [], "myClass": "Operand"}, "transformationResource": {"name": ["Lake 1", "Lake 2", "Lake 3"], "idx": [0, 1, 2], "number": 3, "status": [true, true, true], "idxResource": [0, 1, 2], "decisionMaker": ["", "", ""], "autonomous": [true, true, true], "idxBuffer": [0, 1, 2], "gpsX": [0.0, 1.0, 2.0], "gpsY": [0.0, 0.0, 0.0], "transformationResourceName": ["Lake 1", "Lake 2", "Lake 3"], "transformProcess": [{"name": ["accept water", "mix lakewater"], "idx": [0, 1], "idxProcess": [], "status": [true, true], "inputOperand": ["", "water,nitrogen"], "inputOperandWeight": [[], [1.0, 1.0]], "outputOperand": ["water", "water,nitrogen"], "outputOperandWeight": [[1.0], [1.0, 1.0]], "MLPNeg": [], "MLPPos": [], "number": 2, "numberMax": 2, "hasUEPlusCapacityConstraint": ["false", "false"], "QEmax": ["", ""], "hasUEMinusCapacityConstraint": ["false", "false"], "hasUEPlusExoConstraint": ["false", "false"], "UEMinusMax": ["", ""], "duration": ["", ""], "CUMinus": ["rainfall", ""], "hasQEinitCond": ["false", "false"], "hasQEfinalCond": ["false", "false"], "costCoeffQE": ["0", "0"], "hasResistance": ["false", "false"], "hasUEMinusExoConstraint": ["true", "false"], "UEPlusMax": ["", ""], "resistance": ["1000", ""], "QEfinalCond": ["", ""], "CUPlus": ["", ""], "resistanceUnits": ["s/m^3", "s/m^3"], "QEinitCond": ["", ""], "hasQECapacityConstraint": ["false", "false"], "myClass": "TransformProcess"}, {"name": ["accept water", "mix lakewater"], "idx": [0, 1], "idxProcess": [], "status": [true, true], "inputOperand": ["", "water,nitrogen"], "inputOperandWeight": [[], [1.0, 1.0]], "outputOperand": ["water", "water,nitrogen"], "outputOperandWeight": [[1.0], [1.0, 1.0]], "MLPNeg": [], "MLPPos": [], "number": 2, "numberMax": 2, "hasUEPlusCapacityConstraint": ["false", "false"], "QEmax": ["", ""], "hasUEMinusCapacityConstraint": ["false", "false"], "hasUEPlusExoConstraint": ["false", "false"], "UEMinusMax": ["", ""], "duration": ["", ""], "CUMinus": ["rainfall", ""], "hasQEinitCond": ["false", "false"], "hasQEfinalCond": ["false", "false"], "costCoeffQE": ["0", "0"], "hasResistance": ["false", "false"], "hasUEMinusExoConstraint": ["true", "false"], "UEPlusMax": ["", ""], "resistance": ["2000", ""], "QEfinalCond": ["", ""], "CUPlus": ["", ""], "resistanceUnits": ["s/m^3", "s/m^3"], "QEinitCond": ["", ""], "hasQECapacityConstraint": ["false", "false"], "myClass": "TransformProcess"}, {"name": ["accept water", "mix lakewater"], "idx": [0, 1], "idxProcess": [], "status": [true, true], "inputOperand": ["", "water,nitrogen"], "inputOperandWeight": [[], [1.0, 1.0]], "outputOperand": ["water", "water,nitrogen"], "outputOperandWeight": [[1.0], [1.0, 1.0]], "MLPNeg": [], "MLPPos": [], "number": 2, "numberMax": 2, "hasUEPlusCapacityConstraint": ["false", "false"], "QEmax": ["", ""], "hasUEMinusCapacityConstraint": ["false", "false"], "hasUEPlusExoConstraint": ["false", "false"], "UEMinusMax": ["", ""], "duration": ["", ""], "CUMinus": ["rainfall", ""], "hasQEinitCond": ["false", "false"], "hasQEfinalCond": ["false", "false"], "costCoeffQE": ["0", "0"], "hasResistance": ["false", "false"], "hasUEMinusExoConstraint": ["true", "false"], "UEPlusMax": ["", ""], "resistance": ["3000", ""], "QEfinalCond": ["", ""], "CUPlus": ["", ""], "resistanceUnits": ["s/m^3", "s/m^3"], "QEinitCond": ["", ""], "hasQECapacityConstraint": ["false", "false"], "myClass": "TransformProcess"}], "transportProcess": [{"name": [], "idx": [], "idxProcess": [], "status": [], "inputOperand": [], "inputOperandWeight": [], "outputOperand": [], "outputOperandWeight": [], "MLPNeg": [], "MLPPos": [], "number": 0, "numberMax": 25, "origin": [], "destination": [], "ref": [], "nameRef": [], "idxOrigin": [], "idxDestination": [], "idxHolding": [], "idxTransport": [], "numberRefMax": 50, "numberRef": 0, "myClass": "TransportProcess"}, {"name": [], "idx": [], "idxProcess": [], "status": [], "inputOperand": [], "inputOperandWeight": [], "outputOperand": [], "outputOperandWeight": [], "MLPNeg": [], "MLPPos": [], "number": 0, "numberMax": 25, "origin": [], "destination": [], "ref": [], "nameRef": [], "idxOrigin": [], "idxDestination": [], "idxHolding": [], "idxTransport": [], "numberRefMax": 50, "numberRef": 0, "myClass": "TransportProcess"}, {"name": [], "idx": [], "idxProcess": [], "status": [], "inputOperand": [], "inputOperandWeight": [], "outputOperand": [], "outputOperandWeight": [], "MLPNeg": [], "MLPPos": [], "number": 0, "numberMax": 25, "origin": [], "destination": [], "ref": [], "nameRef": [], "idxOrigin": [], "idxDestination": [], "idxHolding": [], "idxTransport": [], "numberRefMax": 50, "numberRef": 0, "myClass": "TransportProcess"}], "QBunits": ["m^3", "m^3", "m^3"], "hasQBinitCond_1": ["true", "true", "true"], "hasQBfinalCond_1": ["false", "false", "false"], "QBfinalCond_1": ["", "", ""], "QBmax_2": ["10000000", "10000000", "10000000"], "area_1": ["3000000", "4000000", "5000000"], "controller": ["", "", ""], "QBminFlow_2": ["150", "150", "150"], "areaUnits": ["m^2", "m^2", "m^2"], "hasQBCapacityConstraint_1": ["false", "false", "false"], "elevationUnits": ["m", "m", "m"], "hasQBCapacityConstraint_2": ["false", "false", "false"], "elevation_1": ["200", "180", "140"], "QBinitCond_1": ["15000000", "24000000", "40000000"], "costCoeffQB_2": ["0", "0", "0"], "QBmax_1": ["10000000", "10000000", "10000000"], "hasQBfinalCond_2": ["false", "false", "false"], "QBfinalCond_2": ["", "", ""], "hasQBinitCond_2": ["true", "true", "true"], "QBinitCond_2": ["3750000", "4800000", "6000000"], "elevation_2": ["200", "180", "140"], "area_2": ["3000000", "4000000", "5000000"], "costCoeffQB_1": ["0", "0", "0"], "QBminFlow_1": ["5000000", "8000000", "15000000"], "myClass": "TransformationResource"}, "independentBuffer": {"name": ["Point 1", "Point 2"], "idx": [0, 1], "number": 2, "status": [true, true], "idxResource": [3, 4], "decisionMaker": ["", ""], "autonomous": [true, true], "idxBuffer": [3, 4], "gpsX": [1.0, 1.0], "gpsY": [0.0, 0.0], "independentBufferName": ["Point 1", "Point 2"], "transportProcess": [{"name": [], "idx": [], "idxProcess": [], "status": [], "inputOperand": [], "inputOperandWeight": [], "outputOperand": [], "outputOperandWeight": [], "MLPNeg": [], "MLPPos": [], "number": 0, "numberMax": 25, "origin": [], "destination": [], "ref": [], "nameRef": [], "idxOrigin": [], "idxDestination": [], "idxHolding": [], "idxTransport": [], "numberRefMax": 50, "numberRef": 0, "myClass": "TransportProcess"}, {"name": [], "idx": [], "idxProcess": [], "status": [], "inputOperand": [], "inputOperandWeight": [], "outputOperand": [], "outputOperandWeight": [], "MLPNeg": [], "MLPPos": [], "number": 0, "numberMax": 25, "origin": [], "destination": [], "ref": [], "nameRef": [], "idxOrigin": [], "idxDestination": [], "idxHolding": [], "idxTransport": [], "numberRefMax": 50, "numberRef": 0, "myClass": "TransportProcess"}], "QBunits": ["m^3", "m^3"], "hasQBinitCond_1": ["true", "true"], "hasQBfinalCond_1": ["false", "false"], "QBfinalCond_1": ["", ""], "QBmax_2": ["0", "0"], "area_1": ["500", "500"], "controller": ["", ""], "QBminFlow_2": ["0", "0"], "areaUnits": ["m^2", "m^2"], "hasQBCapacityConstraint_1": ["false", "false"], "elevationUnits": ["m", "m"], "hasQBCapacityConstraint_2": ["false", "false"], "elevation_1": ["160", "100"], "QBinitCond_1": ["10000", "10000"], "costCoeffQB_2": ["0", "0"], "QBmax_1": ["0", "0"], "hasQBfinalCond_2": ["false", "false"], "QBfinalCond_2": ["", ""], "hasQBinitCond_2": ["true", "true"], "QBinitCond_2": ["450", "350"], "elevation_2": ["160", "100"], "area_2": ["500", "500"], "costCoeffQB_1": ["0", "0"], "QBminFlow_1": ["100", "100"], "myClass": "IndependentBuffer"}, "transportationResource": {"name": ["River Segment 1", "River Segment 2", "River Segment 3", "River Segment 4"], "idx": [0, 1, 2, 3], "number": 4, "status": [true, true, true, true], "idxResource": [5, 6, 7, 8], "decisionMaker": ["", "", "", ""], "autonomous": [true, true, true, true], "transportationResourceName": ["River Segment 1", "River Segment 2", "River Segment 3", "River Segment 4"], "transportProcess": [{"name": ["transport f. Lake 1 t. Point 1", "transport f. Lake 1 t. Point 1"], "idx": [3, 28], "idxProcess": [], "status": [true, true], "inputOperand": ["water", "nitrogen"], "inputOperandWeight": [[1.0], [1.0]], "outputOperand": ["water", "nitrogen"], "outputOperandWeight": [[1.0], [1.0]], "MLPNeg": [], "MLPPos": [], "number": 2, "numberMax": 25, "origin": ["Lake 1", "Lake 1"], "destination": ["Point 1", "Point 1"], "ref": ["water", "nitrogen"], "nameRef": ["transport f. lake 1 t. point 1 while water", "transport f. lake 1 t. point 1 while nitrogen"], "idxOrigin": [0, 0], "idxDestination": [3, 3], "idxHolding": [0, 1], "idxTransport": [3, 3], "numberRefMax": 50, "hasUEPlusCapacityConstraint": ["false", "false"], "QEmax": ["", ""], "hasUEMinusCapacityConstraint": ["false", "false"], "hasUEPlusExoConstraint": ["false", "false"], "UEMinusMax": ["", ""], "duration": ["", ""], "CUMinus": ["", ""], "hasQEinitCond": ["false", "false"], "hasQEfinalCond": ["false", "false"], "costCoeffQE": ["0", "0"], "hasResistance": ["true", "false"], "hasUEMinusExoConstraint": ["false", "false"], "UEPlusMax": ["", ""], "resistance": ["480000000", ""], "QEfinalCond": ["", ""], "CUPlus": ["", ""], "resistanceUnits": ["s/m^3", "s/m^3"], "QEinitCond": ["", ""], "hasQECapacityConstraint": ["false", "false"], "numberRef": 2, "myClass": "TransportProcess"}, {"name": ["transport f. Lake 2 t. Point 1", "transport f. Lake 2 t. Point 1"], "idx": [8, 33], "idxProcess": [], "status": [true, true], "inputOperand": ["water", "nitrogen"], "inputOperandWeight": [[1.0], [1.0]], "outputOperand": ["water", "nitrogen"], "outputOperandWeight": [[1.0], [1.0]], "MLPNeg": [], "MLPPos": [], "number": 2, "numberMax": 25, "origin": ["Lake 2", "Lake 2"], "destination": ["Point 1", "Point 1"], "ref": ["water", "nitrogen"], "nameRef": ["transport f. lake 2 t. point 1 while water", "transport f. lake 2 t. point 1 while nitrogen"], "idxOrigin": [1, 1], "idxDestination": [3, 3], "idxHolding": [0, 1], "idxTransport": [8, 8], "numberRefMax": 50, "hasUEPlusCapacityConstraint": ["false", "false"], "QEmax": ["", ""], "hasUEMinusCapacityConstraint": ["false", "false"], "hasUEPlusExoConstraint": ["false", "false"], "UEMinusMax": ["", ""], "duration": ["", ""], "CUMinus": ["", ""], "hasQEinitCond": ["false", "false"], "hasQEfinalCond": ["false", "false"], "costCoeffQE": ["0", "0"], "hasResistance": ["true", "false"], "hasUEMinusExoConstraint": ["false", "false"], "UEPlusMax": ["", ""], "resistance": ["190000000", ""], "QEfinalCond": ["", ""], "CUPlus": ["", ""], "resistanceUnits": ["s/m^3", "s/m^3"], "QEinitCond": ["", ""], "hasQECapacityConstraint": ["false", "false"], "numberRef": 2, "myClass": "TransportProcess"}, {"name": ["transport f. Point 1 t. Lake 3", "transport f. Point 1 t. Lake 3"], "idx": [17, 42], "idxProcess": [], "status": [true, true], "inputOperand": ["water", "nitrogen"], "inputOperandWeight": [[1.0], [1.0]], "outputOperand": ["water", "nitrogen"], "outputOperandWeight": [[1.0], [1.0]], "MLPNeg": [], "MLPPos": [], "number": 2, "numberMax": 25, "origin": ["Point 1", "Point 1"], "destination": ["Lake 3", "Lake 3"], "ref": ["water", "nitrogen"], "nameRef": ["transport f. point 1 t. lake 3 while water", "transport f. point 1 t. lake 3 while nitrogen"], "idxOrigin": [3, 3], "idxDestination": [2, 2], "idxHolding": [0, 1], "idxTransport": [17, 17], "numberRefMax": 50, "hasUEPlusCapacityConstraint": ["false", "false"], "QEmax": ["", ""], "hasUEMinusCapacityConstraint": ["false", "false"], "hasUEPlusExoConstraint": ["false", "false"], "UEMinusMax": ["", ""], "duration": ["", ""], "CUMinus": ["rainfall", ""], "hasQEinitCond": ["false", "false"], "hasQEfinalCond": ["false", "false"], "costCoeffQE": ["0", "0"], "hasResistance": ["true", "false"], "hasUEMinusExoConstraint": ["false", "false"], "UEPlusMax": ["", ""], "resistance": ["500000000", ""], "QEfinalCond": ["", ""], "CUPlus": ["", ""], "resistanceUnits": ["s/m^3", "s/m^3"], "QEinitCond": ["", ""], "hasQECapacityConstraint": ["false", "false"], "numberRef": 2, "myClass": "TransportProcess"}, {"name": ["transport f. Lake 3 t. Point 2", "transport f. Lake 3 t. Point 2"], "idx": [14, 39], "idxProcess": [], "status": [true, true], "inputOperand": ["water", "nitrogen"], "inputOperandWeight": [[1.0], [1.0]], "outputOperand": ["water", "nitrogen"], "outputOperandWeight": [[1.0], [1.0]], "MLPNeg": [], "MLPPos": [], "number": 2, "numberMax": 25, "origin": ["Lake 3", "Lake 3"], "destination": ["Point 2", "Point 2"], "ref": ["water", "nitrogen"], "nameRef": ["transport f. lake 3 t. point 2 while water", "transport f. lake 3 t. point 2 while nitrogen"], "idxOrigin": [2, 2], "idxDestination": [4, 4], "idxHolding": [0, 1], "idxTransport": [14, 14], "numberRefMax": 50, "hasUEPlusCapacityConstraint": ["false", "false"], "QEmax": ["", ""], "hasUEMinusCapacityConstraint": ["false", "false"], "hasUEPlusExoConstraint": ["false", "false"], "UEMinusMax": ["", ""], "duration": ["", ""], "CUMinus": ["", ""], "hasQEinitCond": ["false", "false"], "hasQEfinalCond": ["false", "false"], "costCoeffQE": ["0", "0"], "hasResistance": ["true", "false"], "hasUEMinusExoConstraint": ["false", "false"], "UEPlusMax": ["", ""], "resistance": ["480000000", ""], "QEfinalCond": ["", ""], "CUPlus": ["", ""], "resistanceUnits": ["s/m^3", "s/m^3"], "QEinitCond": ["", ""], "hasQECapacityConstraint": ["false", "false"], "numberRef": 2, "myClass": "TransportProcess"}], "myClass": "TransportationResource"}, "buffer": {"name": ["Lake 1", "Lake 2", "Lake 3", "Point 1", "Point 2"], "idx": [0, 1, 2, 3, 4], "number": 5, "status": [true, true, true, true, true], "idxResource": [0, 1, 2, 3, 4], "decisionMaker": ["", "", "", "", ""], "autonomous": [true, true, true, true, true], "idxBuffer": [0, 1, 2, 3, 4], "gpsX": [0.0, 1.0, 2.0, 1.0, 1.0], "gpsY": [0.0, 0.0, 0.0, 0.0, 0.0], "myClass": "Buffer"}, "physicalResource": {"name": ["Lake 1", "Lake 2", "Lake 3", "Point 1", "Point 2", "River Segment 1", "River Segment 2", "River Segment 3", "River Segment 4"], "idx": [0, 1, 2, 3, 4, 5, 6, 7, 8], "number": 9, "status": [true, true, true, true, true, true, true, true, true], "idxResource": [0, 1, 2, 3, 4, 5, 6, 7, 8], "decisionMaker": ["", "", "", "", "", "", "", "", ""], "autonomous": [true, true, true, true, true, true, true, true, true], "myClass": "PhysicalResource"}, "decisionMaker": {"name": [], "idx": [], "number": 0, "status": [], "peerRecipient": [], "A_DD": {"maxprint": 50, "coords": [[], []], "data": [], "has_canonical_format": true, "myClass": "coo_array", "myShape": [0, 0]}, "A_RD": {"maxprint": 50, "coords": [[], []], "data": [], "has_canonical_format": false, "myClass": "coo_array", "myShape": [9, 0]}, "ARhoD": {"maxprint": 50, "coords": [[], []], "data": [], "has_canonical_format": false, "myClass": "coo_array", "myShape": [14, 0]}, "myClass": "DecisionMaker"}, "transformProcess": {"name": ["accept water", "mix lakewater"], "idx": [0, 1], "idxProcess": [0, 1], "status": [true, true], "inputOperand": ["", "water,nitrogen"], "inputOperandWeight": [[], [1.0, 1.0]], "outputOperand": ["water", "water,nitrogen"], "outputOperandWeight": [[1.0], [1.0, 1.0]], "MLPNeg": {"maxprint": 50, "coords": [[0, 1], [1, 1]], "data": [1.0, 1.0], "has_canonical_format": true, "myClass": "coo_array", "myShape": [2, 2]}, "MLPPos": {"maxprint": 50, "coords": [[0, 0, 1], [0, 1, 1]], "data": [1.0, 1.0, 1.0], "has_canonical_format": true, "myClass": "coo_array", "myShape": [2, 2]}, "number": 2, "numberMax": 2, "hasUEPlusCapacityConstraint": ["false", "false", "false", "false", "false", "false"], "QEmax": ["", "", "", "", "", ""], "hasUEMinusCapacityConstraint": ["false", "false", "false", "false", "false", "false"], "hasUEPlusExoConstraint": ["false", "false", "false", "false", "false", "false"], "UEMinusMax": ["", "", "", "", "", ""], "duration": ["", "", "", "", "", ""], "CUMinus": ["rainfall", "", "rainfall", "", "rainfall", ""], "hasQEinitCond": ["false", "false", "false", "false", "false", "false"], "hasQEfinalCond": ["false", "false", "false", "false", "false", "false"], "costCoeffQE": ["0", "0", "0", "0", "0", "0"], "hasResistance": ["false", "false", "false", "false", "false", "false"], "hasUEMinusExoConstraint": ["true", "false", "true", "false", "true", "false"], "UEPlusMax": ["", "", "", "", "", ""], "resistance": ["1000", "", "2000", "", "3000", ""], "QEfinalCond": ["", "", "", "", "", ""], "CUPlus": ["", "", "", "", "", ""], "resistanceUnits": ["s/m^3", "s/m^3", "s/m^3", "s/m^3", "s/m^3", "s/m^3"], "QEinitCond": ["", "", "", "", "", ""], "hasQECapacityConstraint": ["false", "false", "false", "false", "false", "false"], "myClass": "TransformProcess"}, "transportProcess": {"name": ["transport f. Lake 1 t. Point 1", "transport f. Lake 1 t. Point 1", "transport f. Lake 2 t. Point 1", "transport f. Lake 2 t. Point 1", "transport f. Point 1 t. Lake 3", "transport f. Point 1 t. Lake 3", "transport f. Lake 3 t. Point 2", "transport f. Lake 3 t. Point 2"], "idx": [3, 28, 8, 33, 17, 42, 14, 39], "idxProcess": [5, 30, 10, 35, 19, 44, 16, 41], "status": [true, true, true, true, true, true, true, true], "inputOperand": ["water", "nitrogen", "water", "nitrogen", "water", "nitrogen", "water", "nitrogen"], "inputOperandWeight": [[1.0], [1.0], [1.0], [1.0], [1.0], [1.0], [1.0], [1.0]], "outputOperand": ["water", "nitrogen", "water", "nitrogen", "water", "nitrogen", "water", "nitrogen"], "outputOperandWeight": [[1.0], [1.0], [1.0], [1.0], [1.0], [1.0], [1.0], [1.0]], "MLPNeg": {"maxprint": 50, "coords": [[0, 0, 0, 0, 0, 0, 0, 0, 0, 0, 0, 0, 0, 0, 0, 0, 0, 0, 0, 0, 0, 0, 0, 0, 0, 1, 1, 1, 1, 1, 1, 1, 1, 1, 1, 1, 1, 1, 1, 1, 1, 1, 1, 1, 1, 1, 1, 1, 1, 1], [0, 1, 2, 3, 4, 5, 6, 7, 8, 9, 10, 11, 12, 13, 14, 15, 16, 17, 18, 19, 20, 21, 22, 23, 24, 25, 26, 27, 28, 29, 30, 31, 32, 33, 34, 35, 36, 37, 38, 39, 40, 41, 42, 43, 44, 45, 46, 47, 48, 49]], "data": [1.0, 1.0, 1.0, 1.0, 1.0, 1.0, 1.0, 1.0, 1.0, 1.0, 1.0, 1.0, 1.0, 1.0, 1.0, 1.0, 1.0, 1.0, 1.0, 1.0, 1.0, 1.0, 1.0, 1.0, 1.0, 1.0, 1.0, 1.0, 1.0, 1.0, 1.0, 1.0, 1.0, 1.0, 1.0, 1.0, 1.0, 1.0, 1.0, 1.0, 1.0, 1.0, 1.0, 1.0, 1.0, 1.0, 1.0, 1.0, 1.0, 1.0], "has_canonical_format": false, "myClass": "coo_array", "myShape": [2, 50]}, "MLPPos": {"maxprint": 50, "coords": [[0, 0, 0, 0, 0, 0, 0, 0, 0, 0, 0, 0, 0, 0, 0, 0, 0, 0, 0, 0, 0, 0, 0, 0, 0, 1, 1, 1, 1, 1, 1, 1, 1, 1, 1, 1, 1, 1, 1, 1, 1, 1, 1, 1, 1, 1, 1, 1, 1, 1], [0, 1, 2, 3, 4, 5, 6, 7, 8, 9, 10, 11, 12, 13, 14, 15, 16, 17, 18, 19, 20, 21, 22, 23, 24, 25, 26, 27, 28, 29, 30, 31, 32, 33, 34, 35, 36, 37, 38, 39, 40, 41, 42, 43, 44, 45, 46, 47, 48, 49]], "data": [1.0, 1.0, 1.0, 1.0, 1.0, 1.0, 1.0, 1.0, 1.0, 1.0, 1.0, 1.0, 1.0, 1.0, 1.0, 1.0, 1.0, 1.0, 1.0, 1.0, 1.0, 1.0, 1.0, 1.0, 1.0, 1.0, 1.0, 1.0, 1.0, 1.0, 1.0, 1.0, 1.0, 1.0, 1.0, 1.0, 1.0, 1.0, 1.0, 1.0, 1.0, 1.0, 1.0, 1.0, 1.0, 1.0, 1.0, 1.0, 1.0, 1.0], "has_canonical_format": false, "myClass": "coo_array", "myShape": [2, 50]}, "number": 8, "numberMax": 25, "origin": ["Lake 1", "Lake 1", "Lake 2", "Lake 2", "Point 1", "Point 1", "Lake 3", "Lake 3"], "destination": ["Point 1", "Point 1", "Point 1", "Point 1", "Lake 3", "Lake 3", "Point 2", "Point 2"], "ref": ["water", "nitrogen", "water", "nitrogen", "water", "nitrogen", "water", "nitrogen"], "nameRef": ["transport f. lake 1 t. point 1 while water", "transport f. lake 1 t. point 1 while nitrogen", "transport f. lake 2 t. point 1 while water", "transport f. lake 2 t. point 1 while nitrogen", "transport f. point 1 t. lake 3 while water", "transport f. point 1 t. lake 3 while nitrogen", "transport f. lake 3 t. point 2 while water", "transport f. lake 3 t. point 2 while nitrogen"], "idxOrigin": [0, 0, 1, 1, 3, 3, 2, 2], "idxDestination": [3, 3, 3, 3, 2, 2, 4, 4], "idxHolding": [0, 1, 0, 1, 0, 1, 0, 1], "idxTransport": [3, 3, 8, 8, 17, 17, 14, 14], "numberRefMax": 50, "hasUEPlusCapacityConstraint": ["false", "false", "false", "false", "false", "false", "false", "false"], "QEmax": ["", "", "", "", "", "", "", ""], "hasUEMinusCapacityConstraint": ["false", "false", "false", "false", "false", "false", "false", "false"], "hasUEPlusExoConstraint": ["false", "false", "false", "false", "false", "false", "false", "false"], "UEMinusMax": ["", "", "", "", "", "", "", ""], "duration": ["", "", "", "", "", "", "", ""], "CUMinus": ["", "", "", "", "rainfall", "", "", ""], "hasQEinitCond": ["false", "false", "false", "false", "false", "false", "false", "false"], "hasQEfinalCond": ["false", "false", "false", "false", "false", "false", "false", "false"], "costCoeffQE": ["0", "0", "0", "0", "0", "0", "0", "0"], "hasResistance": ["true", "false", "true", "false", "true", "false", "true", "false"], "hasUEMinusExoConstraint": ["false", "false", "false", "false", "false", "false", "false", "false"], "UEPlusMax": ["", "", "", "", "", "", "", ""], "resistance": ["480000000", "", "190000000", "", "500000000", "", "480000000", ""], "QEfinalCond": ["", "", "", "", "", "", "", ""], "CUPlus": ["", "", "", "", "", "", "", ""], "resistanceUnits": ["s/m^3", "s/m^3", "s/m^3", "s/m^3", "s/m^3", "s/m^3", "s/m^3", "s/m^3"], "QEinitCond": ["", "", "", "", "", "", "", ""], "hasQECapacityConstraint": ["false", "false", "false", "false", "false", "false", "false", "false"], "numberRef": 8, "myClass": "TransportProcess"}, "holdingProcess": {"name": ["water", "nitrogen"], "idx": [0, 1], "idxProcess": [], "status": [true, true], "inputOperand": ["water", "nitrogen"], "inputOperandWeight": [[1.0], [1.0]], "outputOperand": ["water", "nitrogen"], "outputOperandWeight": [[1.0], [1.0]], "MLPNeg": {"maxprint": 50, "coords": [[0, 1], [0, 1]], "data": [1.0, 1.0], "has_canonical_format": true, "myClass": "coo_array", "myShape": [2, 2]}, "MLPPos": {"maxprint": 50, "coords": [[0, 1], [0, 1]], "data": [1.0, 1.0], "has_canonical_format": true, "myClass": "coo_array", "myShape": [2, 2]}, "number": 2, "numberMax": [], "myClass": "HoldingProcess"}, "systemProcess": {"name": ["accept water", "mix lakewater", "transport f. lake 1 t. point 1 while water", "transport f. lake 1 t. point 1 while nitrogen", "transport f. lake 2 t. point 1 while water", "transport f. lake 2 t. point 1 while nitrogen", "transport f. point 1 t. lake 3 while water", "transport f. point 1 t. lake 3 while nitrogen", "transport f. lake 3 t. point 2 while water", "transport f. lake 3 t. point 2 while nitrogen"], "idx": [0, 1, 5, 30, 10, 35, 19, 44, 16, 41], "idxProcess": [0, 1, 5, 30, 10, 35, 19, 44, 16, 41], "status": [true, true, true, true, true, true, true, true, true, true], "inputOperand": ["", "water,nitrogen", "water", "nitrogen", "water", "nitrogen", "water", "nitrogen", "water", "nitrogen"], "inputOperandWeight": [[], [1.0, 1.0], [1.0], [1.0], [1.0], [1.0], [1.0], [1.0], [1.0], [1.0]], "outputOperand": ["water", "water,nitrogen", "water", "nitrogen", "water", "nitrogen", "water", "nitrogen", "water", "nitrogen"], "outputOperandWeight": [[1.0], [1.0, 1.0], [1.0], [1.0], [1.0], [1.0], [1.0], [1.0], [1.0], [1.0]], "MLPNeg": {"maxprint": 50, "coords": [[0, 1, 0, 0, 0, 0, 0, 0, 0, 0, 0, 0, 0, 0, 0, 0, 0, 0, 0, 0, 0, 0, 0, 0, 0, 0, 0, 1, 1, 1, 1, 1, 1, 1, 1, 1, 1, 1, 1, 1, 1, 1, 1, 1, 1, 1, 1, 1, 1, 1, 1, 1], [1, 1, 2, 3, 4, 5, 6, 7, 8, 9, 10, 11, 12, 13, 14, 15, 16, 17, 18, 19, 20, 21, 22, 23, 24, 25, 26, 27, 28, 29, 30, 31, 32, 33, 34, 35, 36, 37, 38, 39, 40, 41, 42, 43, 44, 45, 46, 47, 48, 49, 50, 51]], "data": [1.0, 1.0, 1.0, 1.0, 1.0, 1.0, 1.0, 1.0, 1.0, 1.0, 1.0, 1.0, 1.0, 1.0, 1.0, 1.0, 1.0, 1.0, 1.0, 1.0, 1.0, 1.0, 1.0, 1.0, 1.0, 1.0, 1.0, 1.0, 1.0, 1.0, 1.0, 1.0, 1.0, 1.0, 1.0, 1.0, 1.0, 1.0, 1.0, 1.0, 1.0, 1.0, 1.0, 1.0, 1.0, 1.0, 1.0, 1.0, 1.0, 1.0, 1.0, 1.0], "has_canonical_format": false, "myClass": "coo_array", "myShape": [2, 52]}, "MLPPos": {"maxprint": 50, "coords": [[0, 0, 1, 0, 0, 0, 0, 0, 0, 0, 0, 0, 0, 0, 0, 0, 0, 0, 0, 0, 0, 0, 0, 0, 0, 0, 0, 0, 1, 1, 1, 1, 1, 1, 1, 1, 1, 1, 1, 1, 1, 1, 1, 1, 1, 1, 1, 1, 1, 1, 1, 1, 1], [0, 1, 1, 2, 3, 4, 5, 6, 7, 8, 9, 10, 11, 12, 13, 14, 15, 16, 17, 18, 19, 20, 21, 22, 23, 24, 25, 26, 27, 28, 29, 30, 31, 32, 33, 34, 35, 36, 37, 38, 39, 40, 41, 42, 43, 44, 45, 46, 47, 48, 49, 50, 51]], "data": [1.0, 1.0, 1.0, 1.0, 1.0, 1.0, 1.0, 1.0, 1.0, 1.0, 1.0, 1.0, 1.0, 1.0, 1.0, 1.0, 1.0, 1.0, 1.0, 1.0, 1.0, 1.0, 1.0, 1.0, 1.0, 1.0, 1.0, 1.0, 1.0, 1.0, 1.0, 1.0, 1.0, 1.0, 1.0, 1.0, 1.0, 1.0, 1.0, 1.0, 1.0, 1.0, 1.0, 1.0, 1.0, 1.0, 1.0, 1.0, 1.0, 1.0, 1.0, 1.0, 1.0], "has_canonical_format": false, "myClass": "coo_array", "myShape": [2, 52]}, "number": 10, "numberMax": 52, "myClass": "SystemProcess"}, "systemConcept": {"name": ["Lake 1 accept water", "Lake 1 mix lakewater", "Lake 2 accept water", "Lake 2 mix lakewater", "Lake 3 accept water", "Lake 3 mix lakewater", "River Segment 1 transport f. lake 1 t. point 1 while water", "River Segment 1 transport f. lake 1 t. point 1 while nitrogen", "River Segment 2 transport f. lake 2 t. point 1 while water", "River Segment 2 transport f. lake 2 t. point 1 while nitrogen", "River Segment 3 transport f. point 1 t. lake 3 while water", "River Segment 3 transport f. point 1 t. lake 3 while nitrogen", "River Segment 4 transport f. lake 3 t. point 2 while water", "River Segment 4 transport f. lake 3 t. point 2 while nitrogen"], "nameSoS": [], "idxPsiCapability": [0, 1, 2, 3, 4, 5, 6, 7, 8, 9, 10, 11, 12, 13], "idxChiCapability": [0, 1, 52, 53, 104, 105, 265, 290, 322, 347, 383, 408, 432, 457], "idxResource": [0, 0, 1, 1, 2, 2, 5, 5, 6, 6, 7, 7, 8, 8], "idxProcess": [0, 1, 0, 1, 0, 1, 5, 30, 10, 35, 19, 44, 16, 41], "idxOperand": {"maxprint": 50, "coords": [[0, 0, 0, 0, 0, 0, 0, 1, 1, 1, 1, 1, 1, 1], [10, 12, 8, 6, 5, 3, 1, 11, 13, 9, 7, 5, 3, 1]], "data": [1.0, 1.0, 1.0, 1.0, 1.0, 1.0, 1.0, 1.0, 1.0, 1.0, 1.0, 1.0, 1.0, 1.0], "has_canonical_format": false, "myClass": "coo_array", "myShape": [2, 14]}, "idxOutput": {"maxprint": 50, "coords": [[0, 0, 0, 0, 0, 0, 0, 0, 0, 0, 1, 1, 1, 1, 1, 1, 1], [10, 12, 8, 6, 5, 3, 1, 4, 2, 0, 11, 13, 9, 7, 5, 3, 1]], "data": [1.0, 1.0, 1.0, 1.0, 1.0, 1.0, 1.0, 1.0, 1.0, 1.0, 1.0, 1.0, 1.0, 1.0, 1.0, 1.0, 1.0], "has_canonical_format": false, "myClass": "coo_array", "myShape": [2, 14]}, "DOFM": 6, "DOFHRef": 8, "DOFG": 8, "DOFH": 4, "DOFS": 14, "JM": {"maxprint": 50, "coords": [[0, 1, 0, 1, 0, 1], [0, 0, 1, 1, 2, 2]], "data": [1, 1, 1, 1, 1, 1], "has_canonical_format": true, "myClass": "coo_array", "myShape": [2, 3]}, "KM": {"maxprint": 50, "coords": [[], []], "data": [], "has_canonical_format": true, "myClass": "coo_array", "myShape": [2, 3]}, "AM": {"maxprint": 50, "coords": [[0, 0, 0, 1, 1, 1], [0, 1, 2, 0, 1, 2]], "data": [1, 1, 1, 1, 1, 1], "has_canonical_format": false, "myClass": "coo_array", "myShape": [2, 3]}, "JH": {"maxprint": 50, "coords": [[3, 8, 17, 14], [5, 6, 7, 8]], "data": [1, 1, 1, 1], "has_canonical_format": true, "myClass": "coo_array", "myShape": [25, 9]}, "KH": {"maxprint": 50, "coords": [[], []], "data": [], "has_canonical_format": true, "myClass": "coo_array", "myShape": [25, 9]}, "AH": {"maxprint": 50, "coords": [[3, 8, 14, 17], [5, 6, 8, 7]], "data": [1, 1, 1, 1], "has_canonical_format": false, "myClass": "coo_array", "myShape": [25, 9]}, "JG": {"maxprint": 50, "coords": [[0, 1, 0, 1, 0, 1, 0, 1], [5, 5, 6, 6, 7, 7, 8, 8]], "data": [1, 1, 1, 1, 1, 1, 1, 1], "has_canonical_format": true, "myClass": "coo_array", "myShape": [2, 9]}, "KG": {"maxprint": 50, "coords": [[], []], "data": [], "has_canonical_format": true, "myClass": "coo_array", "myShape": [2, 9]}, "AG": {"maxprint": 50, "coords": [[0, 0, 0, 0, 1, 1, 1, 1], [5, 6, 7, 8, 5, 6, 7, 8]], "data": [1, 1, 1, 1, 1, 1, 1, 1], "has_canonical_format": false, "myClass": "coo_array", "myShape": [2, 9]}, "JHRef": {"maxprint": 50, "coords": [[3, 28, 8, 33, 17, 42, 14, 39], [5, 5, 6, 6, 7, 7, 8, 8]], "data": [1, 1, 1, 1, 1, 1, 1, 1], "has_canonical_format": true, "myClass": "coo_array", "myShape": [50, 9]}, "KHRef": {"maxprint": 50, "coords": [[], []], "data": [], "has_canonical_format": true, "myClass": "coo_array", "myShape": [50, 9]}, "AHRef": {"maxprint": 50, "coords": [[3, 8, 14, 17, 28, 33, 39, 42], [5, 6, 8, 7, 5, 6, 8, 7]], "data": [1, 1, 1, 1, 1, 1, 1, 1], "has_canonical_format": false, "myClass": "coo_array", "myShape": [50, 9]}, "JS": {"maxprint": 50, "coords": [[0, 1, 0, 1, 0, 1, 5, 30, 10, 35, 19, 44, 16, 41], [0, 0, 1, 1, 2, 2, 5, 5, 6, 6, 7, 7, 8, 8]], "data": [1, 1, 1, 1, 1, 1, 1, 1, 1, 1, 1, 1, 1, 1], "has_canonical_format": false, "myClass": "coo_array", "myShape": [52, 9]}, "KS": {"maxprint": 50, "coords": [[], []], "data": [], "has_canonical_format": false, "myClass": "coo_array", "myShape": [52, 9]}, "AS": {"maxprint": 50, "coords": [[0, 1, 0, 1, 0, 1, 5, 30, 10, 35, 19, 44, 16, 41], [0, 0, 1, 1, 2, 2, 5, 5, 6, 6, 7, 7, 8, 8]], "data": [1, 1, 1, 1, 1, 1, 1, 1, 1, 1, 1, 1, 1, 1], "has_canonical_format": false, "myClass": "coo_array", "myShape": [52, 9]}, "JHT": {"coords": [[0, 1, 2, 3], [3, 3, 4, 2], [5, 6, 8, 7]], "data": [1, 1, 1, 1], "fill_value": 0, "_cache": [], "myClass": "COO", "myShape": [5, 5, 9]}, "KHT": {"coords": [[], [], []], "data": [], "fill_value": 0, "_cache": [], "myClass": "COO", "myShape": [5, 5, 9]}, "AHT": {"coords": [[0, 1, 2, 3], [3, 3, 4, 2], [5, 6, 8, 7]], "data": [1, 1, 1, 1], "fill_value": 0, "_cache": [], "myClass": "COO", "myShape": [5, 5, 9]}, "JHRefT": {"coords": [[0, 0, 0, 0, 1, 1, 1, 1], [0, 1, 2, 3, 0, 1, 2, 3], [3, 3, 4, 2, 3, 3, 4, 2], [5, 6, 8, 7, 5, 6, 8, 7]], "data": [1, 1, 1, 1, 1, 1, 1, 1], "fill_value": 0, "_cache": [], "myClass": "COO", "myShape": [2, 5, 5, 9]}, "KHRefT": {"coords": [[], [], [], []], "data": [], "fill_value": 0, "_cache": [], "myClass": "COO", "myShape": [2, 5, 5, 9]}, "AHRefT": {"coords": [[0, 0, 0, 0, 1, 1, 1, 1], [0, 1, 2, 3, 0, 1, 2, 3], [3, 3, 4, 2, 3, 3, 4, 2], [5, 6, 8, 7, 5, 6, 8, 7]], "data": [1, 1, 1, 1, 1, 1, 1, 1], "fill_value": 0, "_cache": [], "myClass": "COO", "myShape": [2, 5, 5, 9]}, "PS": {"maxprint": 50, "coords": [[0, 1, 2, 3, 4, 5, 6, 7, 8, 9, 10, 11, 12, 13], [0, 1, 52, 53, 104, 105, 265, 290, 322, 347, 383, 408, 432, 457]], "data": [1, 1, 1, 1, 1, 1, 1, 1, 1, 1, 1, 1, 1, 1], "has_canonical_format": true, "myClass": "coo_array", "myShape": [14, 468]}, "PPS": {"maxprint": 50, "coords": [[0, 1, 0, 1, 0, 1, 5, 30, 10, 35, 19, 44, 16, 41], [0, 1, 2, 3, 4, 5, 6, 7, 8, 9, 10, 11, 12, 13]], "data": [1, 1, 1, 1, 1, 1, 1, 1, 1, 1, 1, 1, 1, 1], "has_canonical_format": true, "myClass": "coo_array", "myShape": [52, 14]}, "PRS": {"maxprint": 50, "coords": [[0, 0, 1, 1, 2, 2, 5, 5, 6, 6, 7, 7, 8, 8], [0, 1, 2, 3, 4, 5, 6, 7, 8, 9, 10, 11, 12, 13]], "data": [1, 1, 1, 1, 1, 1, 1, 1, 1, 1, 1, 1, 1, 1], "has_canonical_format": true, "myClass": "coo_array", "myShape": [9, 14]}, "ABS": {"maxprint": 50, "coords": [[2, 3, 3, 4], [3, 0, 1, 2]], "data": [1, 1, 1, 1], "has_canonical_format": false, "myClass": "coo_array", "myShape": [5, 5]}, "ALBS": {"coords": [[2, 2, 3, 3, 3, 3, 4, 4], [3, 3, 0, 0, 1, 1, 2, 2], [0, 1, 0, 1, 0, 1, 0, 1]], "data": [1, 1, 1, 1, 1, 1, 1, 1], "fill_value": 0, "_cache": [], "myClass": "COO", "myShape": [5, 5, 2]}, "DOFMax": 468, "myClass": "SystemConcept"}, "analytics": {"MPR4Neg": {"coords": [[0, 0, 0, 0, 0, 0, 0, 1, 1, 1, 1, 1, 1, 1], [0, 0, 1, 1, 2, 2, 3, 0, 0, 1, 1, 2, 2, 3], [1, 5, 1, 10, 1, 16, 19, 1, 30, 1, 35, 1, 41, 44], [0, 5, 1, 6, 2, 8, 7, 0, 5, 1, 6, 2, 8, 7]], "data": [1, 1, 1, 1, 1, 1, 1, 1, 1, 1, 1, 1, 1, 1], "fill_value": 0, "_cache": [], "myClass": "COO", "myShape": [2, 5, 52, 9]}, "MRho3Neg": {"coords": [[0, 0, 0, 0, 0, 0, 0, 1, 1, 1, 1, 1, 1, 1], [0, 0, 1, 1, 2, 2, 3, 0, 0, 1, 1, 2, 2, 3], [1, 6, 3, 8, 5, 12, 10, 1, 7, 3, 9, 5, 13, 11]], "data": [1, 1, 1, 1, 1, 1, 1, 1, 1, 1, 1, 1, 1, 1], "fill_value": 0, "_cache": [], "myClass": "COO", "myShape": [2, 5, 14]}, "MRho2Neg": {"maxprint": 50, "coords": [[0, 0, 1, 1, 2, 2, 3, 5, 5, 6, 6, 7, 7, 8], [1, 6, 3, 8, 5, 12, 10, 1, 7, 3, 9, 5, 13, 11]], "data": [1, 1, 1, 1, 1, 1, 1, 1, 1, 1, 1, 1, 1, 1], "has_canonical_format": false, "myClass": "coo_array", "myShape": [10, 14]}, "MPR4Pos": {"coords": [[0, 0, 0, 0, 0, 0, 0, 0, 0, 0, 1, 1, 1, 1, 1, 1, 1], [0, 0, 1, 1, 2, 2, 2, 3, 3, 4, 0, 1, 2, 2, 3, 3, 4], [0, 1, 0, 1, 0, 1, 19, 5, 10, 16, 1, 1, 1, 44, 30, 35, 41], [0, 0, 1, 1, 2, 2, 7, 5, 6, 8, 0, 1, 2, 7, 5, 6, 8]], "data": [1, 1, 1, 1, 1, 1, 1, 1, 1, 1, 1, 1, 1, 1, 1, 1, 1], "fill_value": 0, "_cache": [], "myClass": "COO", "myShape": [2, 5, 52, 9]}, "MRho3Pos": {"coords": [[0, 0, 0, 0, 0, 0, 0, 0, 0, 0, 1, 1, 1, 1, 1, 1, 1], [0, 0, 1, 1, 2, 2, 2, 3, 3, 4, 0, 1, 2, 2, 3, 3, 4], [0, 1, 2, 3, 4, 5, 10, 6, 8, 12, 1, 3, 5, 11, 7, 9, 13]], "data": [1, 1, 1, 1, 1, 1, 1, 1, 1, 1, 1, 1, 1, 1, 1, 1, 1], "fill_value": 0, "_cache": [], "myClass": "COO", "myShape": [2, 5, 14]}, "MRho2Pos": {"maxprint": 50, "coords": [[0, 0, 1, 1, 2, 2, 2, 3, 3, 4, 5, 6, 7, 7, 8, 8, 9], [0, 1, 2, 3, 4, 5, 10, 6, 8, 12, 1, 3, 5, 11, 7, 9, 13]], "data": [1, 1, 1, 1, 1, 1, 1, 1, 1, 1, 1, 1, 1, 1, 1, 1, 1], "has_canonical_format": false, "myClass": "coo_array", "myShape": [10, 14]}, "MPR4": {"coords": [[0, 0, 0, 0, 0, 0, 0, 0, 0, 0, 0, 1, 1, 1, 1, 1, 1, 1, 1], [0, 0, 1, 1, 2, 2, 2, 3, 3, 3, 4, 0, 1, 2, 2, 3, 3, 3, 4], [0, 5, 0, 10, 0, 16, 19, 5, 10, 19, 16, 30, 35, 41, 44, 30, 35, 44, 41], [0, 5, 1, 6, 2, 8, 7, 5, 6, 7, 8, 5, 6, 8, 7, 5, 6, 7, 8]], "data": [1, -1, 1, -1, 1, -1, 1, 1, 1, -1, 1, -1, -1, -1, 1, 1, 1, -1, 1], "fill_value": 0, "_cache": [], "myClass": "COO", "myShape": [2, 5, 52, 9]}, "MRho3": {"coords": [[0, 0, 0, 0, 0, 0, 0, 0, 0, 0, 0, 1, 1, 1, 1, 1, 1, 1, 1], [0, 0, 1, 1, 2, 2, 2, 3, 3, 3, 4, 0, 1, 2, 2, 3, 3, 3, 4], [0, 6, 2, 8, 4, 10, 12, 6, 8, 10, 12, 7, 9, 11, 13, 7, 9, 11, 13]], "data": [1, -1, 1, -1, 1, 1, -1, 1, 1, -1, 1, -1, -1, 1, -1, 1, 1, -1, 1], "fill_value": 0, "_cache": [], "myClass": "COO", "myShape": [2, 5, 14]}, "MRho2": {"maxprint": 50, "coords": [[0, 0, 1, 1, 2, 2, 2, 3, 3, 3, 4, 5, 6, 7, 7, 8, 8, 8, 9], [0, 6, 2, 8, 4, 10, 12, 6, 8, 10, 12, 7, 9, 11, 13, 7, 9, 11, 13]], "data": [1, -1, 1, -1, 1, 1, -1, 1, 1, -1, 1, -1, -1, 1, -1, 1, 1, -1, 1], "has_canonical_format": false, "myClass": "coo_array", "myShape": [10, 14]}, "ARho": {"maxprint": 50, "coords": [[0, 0, 1, 1, 1, 2, 2, 3, 3, 3, 4, 4, 5, 5, 5, 6, 7, 8, 9, 10, 10, 11, 11], [6, 1, 7, 6, 1, 8, 3, 9, 8, 3, 12, 5, 13, 12, 5, 10, 11, 10, 11, 12, 5, 13, 5]], "data": [1, 1, 1, 1, 2, 1, 1, 1, 1, 2, 1, 1, 1, 1, 2, 1, 1, 1, 1, 1, 1, 1, 1], "has_canonical_format": false, "myClass": "coo_array", "myShape": [14, 14]}, "APR": {"maxprint": 50, "coords": [[0, 0, 1, 1, 1, 52, 52, 53, 53, 53, 104, 104, 105, 105, 105, 265, 290, 322, 347, 383, 383, 408, 408], [265, 1, 290, 265, 1, 322, 53, 347, 322, 53, 432, 105, 457, 432, 105, 383, 408, 383, 408, 432, 105, 457, 105]], "data": [1, 1, 1, 1, 2, 1, 1, 1, 1, 2, 1, 1, 1, 1, 2, 1, 1, 1, 1, 1, 1, 1, 1], "has_canonical_format": true, "myClass": "coo_array", "myShape": [468, 468]}, "APR4": {"coords": [[0, 0, 0, 0, 0, 0, 1, 1, 1, 1, 1, 1, 1, 1, 1, 5, 10, 19, 19, 30, 35, 44, 44], [0, 0, 1, 1, 2, 2, 0, 0, 0, 1, 1, 1, 2, 2, 2, 5, 6, 7, 7, 5, 6, 7, 7], [1, 5, 1, 10, 1, 16, 1, 5, 30, 1, 10, 35, 1, 16, 41, 19, 19, 1, 16, 44, 44, 1, 41], [0, 5, 1, 6, 2, 8, 0, 5, 5, 1, 6, 6, 2, 8, 8, 7, 7, 2, 8, 7, 7, 2, 8]], "data": [1, 1, 1, 1, 1, 1, 2, 1, 1, 2, 1, 1, 2, 1, 1, 1, 1, 1, 1, 1, 1, 1, 1], "fill_value": 0, "_cache": [], "myClass": "COO", "myShape": [52, 9, 52, 9]}, "ARhoSoS": [], "AFormal": {"maxprint": 50, "coords": [[0, 0, 0, 1, 1, 1, 2, 2, 2, 3, 5, 5, 5, 6, 6, 6, 7, 7, 7, 8], [3, 5, 0, 3, 6, 1, 4, 7, 2, 2, 8, 5, 0, 8, 6, 1, 9, 7, 2, 7]], "data": [1, 1, 1, 1, 1, 1, 1, 1, 1, 1, 1, 1, 1, 1, 1, 1, 1, 1, 1, 1], "has_canonical_format": false, "myClass": "coo_array", "myShape": [10, 10]}, "AFormalT": {"coords": [[0, 0, 0, 0, 0, 0, 0, 0, 0, 0, 1, 1, 1, 1, 1, 1, 1, 1, 1, 1], [0, 0, 0, 1, 1, 1, 3, 3, 3, 4, 0, 0, 0, 1, 2, 2, 2, 3, 3, 3], [0, 1, 1, 0, 0, 1, 0, 0, 1, 1, 0, 1, 1, 0, 0, 0, 1, 0, 1, 1], [0, 1, 2, 1, 2, 3, 3, 4, 0, 3, 3, 0, 1, 1, 0, 4, 2, 1, 3, 4]], "data": [1, 1, 1, 1, 1, 1, 1, 1, 1, 1, 1, 1, 1, 1, 1, 1, 1, 1, 1, 1], "fill_value": 0, "_cache": [], "myClass": "COO", "myShape": [2, 5, 2, 5]}, "ASys": {"maxprint": 50, "coords": [[0, 0, 1, 1, 1, 2, 2, 3, 3, 3, 4, 4, 5, 5, 5, 6, 7, 8, 9, 10, 10, 11, 11], [6, 1, 7, 6, 1, 8, 3, 9, 8, 3, 12, 5, 13, 12, 5, 10, 11, 10, 11, 12, 5, 13, 5]], "data": [1, 1, 1, 1, 2, 1, 1, 1, 1, 2, 1, 1, 1, 1, 2, 1, 1, 1, 1, 1, 1, 1, 1], "has_canonical_format": false, "myClass": "coo_array", "myShape": [14, 14]}, "myClass": "Analytics"}, "myClass": "LFES"}