{"name": ["Three Lake Land System Water Only"], "scenario": ["base"], "refArchitecture": ["Lake-Land System"], "dataState": ["final"], "version": ["4.0"], "runCode": "2025-02-17-NoGit", "verboseMode": ["true"], "analyzeSoS": false, "inputDataFormat": ["default"], "inputFilePath": "0_Input_Data/XMLs/Three Lake Land System Water Only-Default-Base-2.xml", "outputFileType": ["hdf5"], "outputDirectory": "1_Output_Data", "outputDataFormat": ["full"], "operand": {"idx": [0], "operandName": ["water"], "operandNet": [{"myClass": "GenericClass"}], "number": 1, "sosType": [], "operandType": ["matter"], "AL": {"maxprint": 50, "coords": [[], []], "data": [], "has_canonical_format": false, "myClass": "coo_array", "myShape": [0, 0]}, "ALrho": {"maxprint": 50, "coords": [[], []], "data": [], "has_canonical_format": false, "myClass": "coo_array", "myShape": [0, 0]}, "myClass": "Operand"}, "sosService": {"idx": [], "operandName": [], "operandNet": [], "number": [], "sosType": [], "operandType": [], "AL": [], "ALrho": [], "myClass": "Operand"}, "transformationResource": {"name": ["Lake 1", "Lake 2", "Lake 3", "Land 1", "Land 2", "Land 3"], "idx": [0, 1, 2, 3, 4, 5], "number": 6, "status": [true, true, true, true, true, true], "idxResource": [0, 1, 2, 3, 4, 5], "decisionMaker": ["", "", "", "", "", ""], "autonomous": [true, true, true, true, true, true], "idxBuffer": [0, 1, 2, 3, 4, 5], "gpsX": [0.0, 1.0, 2.0, 1.0, 1.0, 1.0], "gpsY": [0.0, 0.0, 0.0, 1.0, 1.0, 1.0], "transformationResourceName": ["Lake 1", "Lake 2", "Lake 3", "Land 1", "Land 2", "Land 3"], "transformProcess": [{"name": ["accept water"], "idx": [0], "idxProcess": [], "status": [true], "inputOperand": [""], "inputOperandWeight": [[]], "outputOperand": ["water"], "outputOperandWeight": [[1.0]], "MLPNeg": [], "MLPPos": [], "number": 1, "numberMax": 1, "resistanceUnits": ["s/m^3"], "hasUEPlusExoConstraint": ["false"], "resistance": ["5000"], "hasQEinitCond": ["false"], "hasUEMinusCapacityConstraint": ["false"], "duration": [""], "CUMinus": ["rainfall"], "QEinitCond": [""], "hasResistance": ["false"], "CUPlus": [""], "hasQECapacityConstraint": ["false"], "hasUEPlusCapacityConstraint": ["false"], "hasQEfinalCond": ["false"], "QEfinalCond": [""], "UEPlusMax": [""], "UEMinusMax": [""], "hasUEMinusExoConstraint": ["true"], "costCoeffQE": ["0"], "QEmax": [""], "myClass": "TransformProcess"}, {"name": ["accept water"], "idx": [0], "idxProcess": [], "status": [true], "inputOperand": [""], "inputOperandWeight": [[]], "outputOperand": ["water"], "outputOperandWeight": [[1.0]], "MLPNeg": [], "MLPPos": [], "number": 1, "numberMax": 1, "resistanceUnits": ["s/m^3"], "hasUEPlusExoConstraint": ["false"], "resistance": ["5000"], "hasQEinitCond": ["false"], "hasUEMinusCapacityConstraint": ["false"], "duration": [""], "CUMinus": ["rainfall"], "QEinitCond": [""], "hasResistance": ["false"], "CUPlus": [""], "hasQECapacityConstraint": ["false"], "hasUEPlusCapacityConstraint": ["false"], "hasQEfinalCond": ["false"], "QEfinalCond": [""], "UEPlusMax": [""], "UEMinusMax": [""], "hasUEMinusExoConstraint": ["true"], "costCoeffQE": ["0"], "QEmax": [""], "myClass": "TransformProcess"}, {"name": ["accept water"], "idx": [0], "idxProcess": [], "status": [true], "inputOperand": [""], "inputOperandWeight": [[]], "outputOperand": ["water"], "outputOperandWeight": [[1.0]], "MLPNeg": [], "MLPPos": [], "number": 1, "numberMax": 1, "resistanceUnits": ["s/m^3"], "hasUEPlusExoConstraint": ["false"], "resistance": ["5000"], "hasQEinitCond": ["false"], "hasUEMinusCapacityConstraint": ["false"], "duration": [""], "CUMinus": ["rainfall"], "QEinitCond": [""], "hasResistance": ["false"], "CUPlus": [""], "hasQECapacityConstraint": ["false"], "hasUEPlusCapacityConstraint": ["false"], "hasQEfinalCond": ["false"], "QEfinalCond": [""], "UEPlusMax": [""], "UEMinusMax": [""], "hasUEMinusExoConstraint": ["true"], "costCoeffQE": ["0"], "QEmax": [""], "myClass": "TransformProcess"}, {"name": ["accept water"], "idx": [0], "idxProcess": [], "status": [true], "inputOperand": [""], "inputOperandWeight": [[]], "outputOperand": ["water"], "outputOperandWeight": [[1.0]], "MLPNeg": [], "MLPPos": [], "number": 1, "numberMax": 1, "resistanceUnits": ["s/m^3"], "hasUEPlusExoConstraint": ["false"], "resistance": ["5000"], "hasQEinitCond": ["false"], "hasUEMinusCapacityConstraint": ["false"], "duration": [""], "CUMinus": ["rainfall"], "QEinitCond": [""], "hasResistance": ["false"], "CUPlus": [""], "hasQECapacityConstraint": ["false"], "hasUEPlusCapacityConstraint": ["false"], "hasQEfinalCond": ["false"], "QEfinalCond": [""], "UEPlusMax": [""], "UEMinusMax": [""], "hasUEMinusExoConstraint": ["true"], "costCoeffQE": ["0"], "QEmax": [""], "myClass": "TransformProcess"}, {"name": ["accept water"], "idx": [0], "idxProcess": [], "status": [true], "inputOperand": [""], "inputOperandWeight": [[]], "outputOperand": ["water"], "outputOperandWeight": [[1.0]], "MLPNeg": [], "MLPPos": [], "number": 1, "numberMax": 1, "resistanceUnits": ["s/m^3"], "hasUEPlusExoConstraint": ["false"], "resistance": ["5000"], "hasQEinitCond": ["false"], "hasUEMinusCapacityConstraint": ["false"], "duration": [""], "CUMinus": ["rainfall"], "QEinitCond": [""], "hasResistance": ["false"], "CUPlus": [""], "hasQECapacityConstraint": ["false"], "hasUEPlusCapacityConstraint": ["false"], "hasQEfinalCond": ["false"], "QEfinalCond": [""], "UEPlusMax": [""], "UEMinusMax": [""], "hasUEMinusExoConstraint": ["true"], "costCoeffQE": ["0"], "QEmax": [""], "myClass": "TransformProcess"}, {"name": ["accept water"], "idx": [0], "idxProcess": [], "status": [true], "inputOperand": [""], "inputOperandWeight": [[]], "outputOperand": ["water"], "outputOperandWeight": [[1.0]], "MLPNeg": [], "MLPPos": [], "number": 1, "numberMax": 1, "resistanceUnits": ["s/m^3"], "hasUEPlusExoConstraint": ["false"], "resistance": ["5000"], "hasQEinitCond": ["false"], "hasUEMinusCapacityConstraint": ["false"], "duration": [""], "CUMinus": ["rainfall"], "QEinitCond": [""], "hasResistance": ["false"], "CUPlus": [""], "hasQECapacityConstraint": ["false"], "hasUEPlusCapacityConstraint": ["false"], "hasQEfinalCond": ["false"], "QEfinalCond": [""], "UEPlusMax": [""], "UEMinusMax": [""], "hasUEMinusExoConstraint": ["true"], "costCoeffQE": ["0"], "QEmax": [""], "myClass": "TransformProcess"}], "transportProcess": [{"name": [], "idx": [], "idxProcess": [], "status": [], "inputOperand": [], "inputOperandWeight": [], "outputOperand": [], "outputOperandWeight": [], "MLPNeg": [], "MLPPos": [], "number": 0, "numberMax": 64, "origin": [], "destination": [], "ref": [], "nameRef": [], "idxOrigin": [], "idxDestination": [], "idxHolding": [], "idxTransport": [], "numberRefMax": 64, "numberRef": 0, "myClass": "TransportProcess"}, {"name": [], "idx": [], "idxProcess": [], "status": [], "inputOperand": [], "inputOperandWeight": [], "outputOperand": [], "outputOperandWeight": [], "MLPNeg": [], "MLPPos": [], "number": 0, "numberMax": 64, "origin": [], "destination": [], "ref": [], "nameRef": [], "idxOrigin": [], "idxDestination": [], "idxHolding": [], "idxTransport": [], "numberRefMax": 64, "numberRef": 0, "myClass": "TransportProcess"}, {"name": [], "idx": [], "idxProcess": [], "status": [], "inputOperand": [], "inputOperandWeight": [], "outputOperand": [], "outputOperandWeight": [], "MLPNeg": [], "MLPPos": [], "number": 0, "numberMax": 64, "origin": [], "destination": [], "ref": [], "nameRef": [], "idxOrigin": [], "idxDestination": [], "idxHolding": [], "idxTransport": [], "numberRefMax": 64, "numberRef": 0, "myClass": "TransportProcess"}, {"name": ["transport f. Land 1 t. Lake 1"], "idx": [24], "idxProcess": [], "status": [true], "inputOperand": ["water"], "inputOperandWeight": [[1.0]], "outputOperand": ["water"], "outputOperandWeight": [[1.0]], "MLPNeg": [], "MLPPos": [], "number": 1, "numberMax": 64, "origin": ["Land 1"], "destination": ["Lake 1"], "ref": ["water"], "nameRef": ["transport f. land 1 t. lake 1 while water"], "idxOrigin": [3], "idxDestination": [0], "idxHolding": [0], "idxTransport": [24], "numberRefMax": 64, "resistanceUnits": ["s/m^3"], "hasUEPlusExoConstraint": ["false"], "resistance": ["5000"], "hasQEinitCond": ["false"], "hasUEMinusCapacityConstraint": ["false"], "duration": [""], "CUMinus": ["rainfall"], "QEinitCond": [""], "hasResistance": ["true"], "CUPlus": [""], "hasQECapacityConstraint": ["false"], "hasUEPlusCapacityConstraint": ["false"], "hasQEfinalCond": ["false"], "QEfinalCond": [""], "UEPlusMax": [""], "UEMinusMax": [""], "hasUEMinusExoConstraint": ["false"], "costCoeffQE": ["0"], "QEmax": [""], "numberRef": 1, "myClass": "TransportProcess"}, {"name": ["transport f. Land 2 t. Lake 2"], "idx": [33], "idxProcess": [], "status": [true], "inputOperand": ["water"], "inputOperandWeight": [[1.0]], "outputOperand": ["water"], "outputOperandWeight": [[1.0]], "MLPNeg": [], "MLPPos": [], "number": 1, "numberMax": 64, "origin": ["Land 2"], "destination": ["Lake 2"], "ref": ["water"], "nameRef": ["transport f. land 2 t. lake 2 while water"], "idxOrigin": [4], "idxDestination": [1], "idxHolding": [0], "idxTransport": [33], "numberRefMax": 64, "resistanceUnits": ["s/m^3"], "hasUEPlusExoConstraint": ["false"], "resistance": ["5000"], "hasQEinitCond": ["false"], "hasUEMinusCapacityConstraint": ["false"], "duration": [""], "CUMinus": ["rainfall"], "QEinitCond": [""], "hasResistance": ["true"], "CUPlus": [""], "hasQECapacityConstraint": ["false"], "hasUEPlusCapacityConstraint": ["false"], "hasQEfinalCond": ["false"], "QEfinalCond": [""], "UEPlusMax": [""], "UEMinusMax": [""], "hasUEMinusExoConstraint": ["false"], "costCoeffQE": ["0"], "QEmax": [""], "numberRef": 1, "myClass": "TransportProcess"}, {"name": ["transport f. Land 3 t. Lake 3"], "idx": [42], "idxProcess": [], "status": [true], "inputOperand": ["water"], "inputOperandWeight": [[1.0]], "outputOperand": ["water"], "outputOperandWeight": [[1.0]], "MLPNeg": [], "MLPPos": [], "number": 1, "numberMax": 64, "origin": ["Land 3"], "destination": ["Lake 3"], "ref": ["water"], "nameRef": ["transport f. land 3 t. lake 3 while water"], "idxOrigin": [5], "idxDestination": [2], "idxHolding": [0], "idxTransport": [42], "numberRefMax": 64, "resistanceUnits": ["s/m^3"], "hasUEPlusExoConstraint": ["false"], "resistance": ["5000"], "hasQEinitCond": ["false"], "hasUEMinusCapacityConstraint": ["false"], "duration": [""], "CUMinus": ["rainfall"], "QEinitCond": [""], "hasResistance": ["true"], "CUPlus": [""], "hasQECapacityConstraint": ["false"], "hasUEPlusCapacityConstraint": ["false"], "hasQEfinalCond": ["false"], "QEfinalCond": [""], "UEPlusMax": [""], "UEMinusMax": [""], "hasUEMinusExoConstraint": ["false"], "costCoeffQE": ["0"], "QEmax": [""], "numberRef": 1, "myClass": "TransportProcess"}], "hasQBCapacityConstraint": ["false", "false", "false", "false", "false", "false"], "QBfinalCond": ["", "", "", "", "", ""], "hasQBfinalCond": ["false", "false", "false", "false", "false", "false"], "QBminFlow": ["150", "150", "150", "150", "150", "150"], "QBunits": ["m^3", "m^3", "m^3", "m^3", "m^3", "m^3"], "area": ["100", "100", "100", "200", "200", "200"], "elevationUnits": ["m", "m", "m", "m", "m", "m"], "hasQBinitCond": ["true", "true", "true", "true", "true", "true"], "costCoeffQB": ["0", "0", "0", "0", "0", "0"], "QBinitCond": ["100", "300", "50", "50", "50", "50"], "controller": ["", "", "", "", "", ""], "QBmax": ["10000000", "10000000", "10000000", "10000000", "10000000", "10000000"], "areaUnits": ["m^2", "m^2", "m^2", "m^2", "m^2", "m^2"], "elevation": ["600", "580", "510", "610", "590", "520"], "myClass": "TransformationResource"}, "independentBuffer": {"name": ["Point 1", "Point 2"], "idx": [0, 1], "number": 2, "status": [true, true], "idxResource": [6, 7], "decisionMaker": ["", ""], "autonomous": [true, true], "idxBuffer": [6, 7], "gpsX": [1.0, 2.0], "gpsY": [0.0, 1.0], "independentBufferName": ["Point 1", "Point 2"], "transportProcess": [{"name": [], "idx": [], "idxProcess": [], "status": [], "inputOperand": [], "inputOperandWeight": [], "outputOperand": [], "outputOperandWeight": [], "MLPNeg": [], "MLPPos": [], "number": 0, "numberMax": 64, "origin": [], "destination": [], "ref": [], "nameRef": [], "idxOrigin": [], "idxDestination": [], "idxHolding": [], "idxTransport": [], "numberRefMax": 64, "numberRef": 0, "myClass": "TransportProcess"}, {"name": [], "idx": [], "idxProcess": [], "status": [], "inputOperand": [], "inputOperandWeight": [], "outputOperand": [], "outputOperandWeight": [], "MLPNeg": [], "MLPPos": [], "number": 0, "numberMax": 64, "origin": [], "destination": [], "ref": [], "nameRef": [], "idxOrigin": [], "idxDestination": [], "idxHolding": [], "idxTransport": [], "numberRefMax": 64, "numberRef": 0, "myClass": "TransportProcess"}], "hasQBCapacityConstraint": ["false", "false"], "QBfinalCond": ["", ""], "hasQBfinalCond": ["false", "false"], "QBminFlow": ["0", "0"], "QBunits": ["m^3", "m^3"], "area": ["0", "0"], "elevationUnits": ["m", "m"], "hasQBinitCond": ["true", "true"], "costCoeffQB": ["0", "0"], "QBinitCond": ["100", "100"], "controller": ["", ""], "QBmax": ["0", "0"], "areaUnits": ["m^2", "m^2"], "elevation": ["540", "500"], "myClass": "IndependentBuffer"}, "transportationResource": {"name": ["River Segment 1", "River Segment 2", "River Segment 3", "River Segment 4"], "idx": [0, 1, 2, 3], "number": 4, "status": [true, true, true, true], "idxResource": [8, 9, 10, 11], "decisionMaker": ["", "", "", ""], "autonomous": [true, true, true, true], "transportationResourceName": ["River Segment 1", "River Segment 2", "River Segment 3", "River Segment 4"], "transportProcess": [{"name": ["transport f. Lake 1 t. Point 1"], "idx": [6], "idxProcess": [], "status": [true], "inputOperand": ["water"], "inputOperandWeight": [[1.0]], "outputOperand": ["water"], "outputOperandWeight": [[1.0]], "MLPNeg": [], "MLPPos": [], "number": 1, "numberMax": 64, "origin": ["Lake 1"], "destination": ["Point 1"], "ref": ["water"], "nameRef": ["transport f. lake 1 t. point 1 while water"], "idxOrigin": [0], "idxDestination": [6], "idxHolding": [0], "idxTransport": [6], "numberRefMax": 64, "resistanceUnits": ["s/m^3"], "hasUEPlusExoConstraint": ["false"], "resistance": ["5000"], "hasQEinitCond": ["false"], "hasUEMinusCapacityConstraint": ["false"], "duration": [""], "CUMinus": ["rainfall"], "QEinitCond": [""], "hasResistance": ["true"], "CUPlus": [""], "hasQECapacityConstraint": ["false"], "hasUEPlusCapacityConstraint": ["false"], "hasQEfinalCond": ["false"], "QEfinalCond": [""], "UEPlusMax": [""], "UEMinusMax": [""], "hasUEMinusExoConstraint": ["false"], "costCoeffQE": ["0"], "QEmax": [""], "numberRef": 1, "myClass": "TransportProcess"}, {"name": ["transport f. Lake 2 t. Point 1"], "idx": [14], "idxProcess": [], "status": [true], "inputOperand": ["water"], "inputOperandWeight": [[1.0]], "outputOperand": ["water"], "outputOperandWeight": [[1.0]], "MLPNeg": [], "MLPPos": [], "number": 1, "numberMax": 64, "origin": ["Lake 2"], "destination": ["Point 1"], "ref": ["water"], "nameRef": ["transport f. lake 2 t. point 1 while water"], "idxOrigin": [1], "idxDestination": [6], "idxHolding": [0], "idxTransport": [14], "numberRefMax": 64, "resistanceUnits": ["s/m^3"], "hasUEPlusExoConstraint": ["false"], "resistance": ["5000"], "hasQEinitCond": ["false"], "hasUEMinusCapacityConstraint": ["false"], "duration": [""], "CUMinus": ["rainfall"], "QEinitCond": [""], "hasResistance": ["true"], "CUPlus": [""], "hasQECapacityConstraint": ["false"], "hasUEPlusCapacityConstraint": ["false"], "hasQEfinalCond": ["false"], "QEfinalCond": [""], "UEPlusMax": [""], "UEMinusMax": [""], "hasUEMinusExoConstraint": ["false"], "costCoeffQE": ["0"], "QEmax": [""], "numberRef": 1, "myClass": "TransportProcess"}, {"name": ["transport f. Point 1 t. Lake 3"], "idx": [50], "idxProcess": [], "status": [true], "inputOperand": ["water"], "inputOperandWeight": [[1.0]], "outputOperand": ["water"], "outputOperandWeight": [[1.0]], "MLPNeg": [], "MLPPos": [], "number": 1, "numberMax": 64, "origin": ["Point 1"], "destination": ["Lake 3"], "ref": ["water"], "nameRef": ["transport f. point 1 t. lake 3 while water"], "idxOrigin": [6], "idxDestination": [2], "idxHolding": [0], "idxTransport": [50], "numberRefMax": 64, "resistanceUnits": ["s/m^3"], "hasUEPlusExoConstraint": ["false"], "resistance": ["5000"], "hasQEinitCond": ["false"], "hasUEMinusCapacityConstraint": ["false"], "duration": [""], "CUMinus": ["rainfall"], "QEinitCond": [""], "hasResistance": ["true"], "CUPlus": [""], "hasQECapacityConstraint": ["false"], "hasUEPlusCapacityConstraint": ["false"], "hasQEfinalCond": ["false"], "QEfinalCond": [""], "UEPlusMax": [""], "UEMinusMax": [""], "hasUEMinusExoConstraint": ["false"], "costCoeffQE": ["0"], "QEmax": [""], "numberRef": 1, "myClass": "TransportProcess"}, {"name": ["transport f. Lake 3 t. Point 2"], "idx": [23], "idxProcess": [], "status": [true], "inputOperand": ["water"], "inputOperandWeight": [[1.0]], "outputOperand": ["water"], "outputOperandWeight": [[1.0]], "MLPNeg": [], "MLPPos": [], "number": 1, "numberMax": 64, "origin": ["Lake 3"], "destination": ["Point 2"], "ref": ["water"], "nameRef": ["transport f. lake 3 t. point 2 while water"], "idxOrigin": [2], "idxDestination": [7], "idxHolding": [0], "idxTransport": [23], "numberRefMax": 64, "resistanceUnits": ["s/m^3"], "hasUEPlusExoConstraint": ["false"], "resistance": ["5000"], "hasQEinitCond": ["false"], "hasUEMinusCapacityConstraint": ["false"], "duration": [""], "CUMinus": ["rainfall"], "QEinitCond": [""], "hasResistance": ["true"], "CUPlus": [""], "hasQECapacityConstraint": ["false"], "hasUEPlusCapacityConstraint": ["false"], "hasQEfinalCond": ["false"], "QEfinalCond": [""], "UEPlusMax": [""], "UEMinusMax": [""], "hasUEMinusExoConstraint": ["false"], "costCoeffQE": ["0"], "QEmax": [""], "numberRef": 1, "myClass": "TransportProcess"}], "myClass": "TransportationResource"}, "buffer": {"name": ["Lake 1", "Lake 2", "Lake 3", "Land 1", "Land 2", "Land 3", "Point 1", "Point 2"], "idx": [0, 1, 2, 3, 4, 5, 6, 7], "number": 8, "status": [true, true, true, true, true, true, true, true], "idxResource": [0, 1, 2, 3, 4, 5, 6, 7], "decisionMaker": ["", "", "", "", "", "", "", ""], "autonomous": [true, true, true, true, true, true, true, true], "idxBuffer": [0, 1, 2, 3, 4, 5, 6, 7], "gpsX": [0.0, 1.0, 2.0, 1.0, 1.0, 1.0, 1.0, 2.0], "gpsY": [0.0, 0.0, 0.0, 1.0, 1.0, 1.0, 0.0, 1.0], "myClass": "Buffer"}, "physicalResource": {"name": ["Lake 1", "Lake 2", "Lake 3", "Land 1", "Land 2", "Land 3", "Point 1", "Point 2", "River Segment 1", "River Segment 2", "River Segment 3", "River Segment 4"], "idx": [0, 1, 2, 3, 4, 5, 6, 7, 8, 9, 10, 11], "number": 12, "status": [true, true, true, true, true, true, true, true, true, true, true, true], "idxResource": [0, 1, 2, 3, 4, 5, 6, 7, 8, 9, 10, 11], "decisionMaker": ["", "", "", "", "", "", "", "", "", "", "", ""], "autonomous": [true, true, true, true, true, true, true, true, true, true, true, true], "myClass": "PhysicalResource"}, "decisionMaker": {"name": [], "idx": [], "number": 0, "status": [], "peerRecipient": [], "A_DD": {"maxprint": 50, "coords": [[], []], "data": [], "has_canonical_format": true, "myClass": "coo_array", "myShape": [0, 0]}, "A_RD": {"maxprint": 50, "coords": [[], []], "data": [], "has_canonical_format": false, "myClass": "coo_array", "myShape": [12, 0]}, "ARhoD": {"maxprint": 50, "coords": [[], []], "data": [], "has_canonical_format": false, "myClass": "coo_array", "myShape": [13, 0]}, "myClass": "DecisionMaker"}, "transformProcess": {"name": ["accept water"], "idx": [0], "idxProcess": [0], "status": [true], "inputOperand": [""], "inputOperandWeight": [[]], "outputOperand": ["water"], "outputOperandWeight": [[1.0]], "MLPNeg": {"maxprint": 50, "coords": [[], []], "data": [], "has_canonical_format": true, "myClass": "coo_array", "myShape": [1, 1]}, "MLPPos": {"maxprint": 50, "coords": [[0], [0]], "data": [1.0], "has_canonical_format": true, "myClass": "coo_array", "myShape": [1, 1]}, "number": 1, "numberMax": 1, "resistanceUnits": ["s/m^3", "s/m^3", "s/m^3", "s/m^3", "s/m^3", "s/m^3"], "hasUEPlusExoConstraint": ["false", "false", "false", "false", "false", "false"], "resistance": ["5000", "5000", "5000", "5000", "5000", "5000"], "hasQEinitCond": ["false", "false", "false", "false", "false", "false"], "hasUEMinusCapacityConstraint": ["false", "false", "false", "false", "false", "false"], "duration": ["", "", "", "", "", ""], "CUMinus": ["rainfall", "rainfall", "rainfall", "rainfall", "rainfall", "rainfall"], "QEinitCond": ["", "", "", "", "", ""], "hasResistance": ["false", "false", "false", "false", "false", "false"], "CUPlus": ["", "", "", "", "", ""], "hasQECapacityConstraint": ["false", "false", "false", "false", "false", "false"], "hasUEPlusCapacityConstraint": ["false", "false", "false", "false", "false", "false"], "hasQEfinalCond": ["false", "false", "false", "false", "false", "false"], "QEfinalCond": ["", "", "", "", "", ""], "UEPlusMax": ["", "", "", "", "", ""], "UEMinusMax": ["", "", "", "", "", ""], "hasUEMinusExoConstraint": ["true", "true", "true", "true", "true", "true"], "costCoeffQE": ["0", "0", "0", "0", "0", "0"], "QEmax": ["", "", "", "", "", ""], "myClass": "TransformProcess"}, "transportProcess": {"name": ["transport f. Land 1 t. Lake 1", "transport f. Land 2 t. Lake 2", "transport f. Land 3 t. Lake 3", "transport f. Lake 1 t. Point 1", "transport f. Lake 2 t. Point 1", "transport f. Point 1 t. Lake 3", "transport f. Lake 3 t. Point 2"], "idx": [24, 33, 42, 6, 14, 50, 23], "idxProcess": [25, 34, 43, 7, 15, 51, 24], "status": [true, true, true, true, true, true, true], "inputOperand": ["water", "water", "water", "water", "water", "water", "water"], "inputOperandWeight": [[1.0], [1.0], [1.0], [1.0], [1.0], [1.0], [1.0]], "outputOperand": ["water", "water", "water", "water", "water", "water", "water"], "outputOperandWeight": [[1.0], [1.0], [1.0], [1.0], [1.0], [1.0], [1.0]], "MLPNeg": {"maxprint": 50, "coords": [[0, 0, 0, 0, 0, 0, 0, 0, 0, 0, 0, 0, 0, 0, 0, 0, 0, 0, 0, 0, 0, 0, 0, 0, 0, 0, 0, 0, 0, 0, 0, 0, 0, 0, 0, 0, 0, 0, 0, 0, 0, 0, 0, 0, 0, 0, 0, 0, 0, 0, 0, 0, 0, 0, 0, 0, 0, 0, 0, 0, 0, 0, 0, 0], [0, 1, 2, 3, 4, 5, 6, 7, 8, 9, 10, 11, 12, 13, 14, 15, 16, 17, 18, 19, 20, 21, 22, 23, 24, 25, 26, 27, 28, 29, 30, 31, 32, 33, 34, 35, 36, 37, 38, 39, 40, 41, 42, 43, 44, 45, 46, 47, 48, 49, 50, 51, 52, 53, 54, 55, 56, 57, 58, 59, 60, 61, 62, 63]], "data": [1.0, 1.0, 1.0, 1.0, 1.0, 1.0, 1.0, 1.0, 1.0, 1.0, 1.0, 1.0, 1.0, 1.0, 1.0, 1.0, 1.0, 1.0, 1.0, 1.0, 1.0, 1.0, 1.0, 1.0, 1.0, 1.0, 1.0, 1.0, 1.0, 1.0, 1.0, 1.0, 1.0, 1.0, 1.0, 1.0, 1.0, 1.0, 1.0, 1.0, 1.0, 1.0, 1.0, 1.0, 1.0, 1.0, 1.0, 1.0, 1.0, 1.0, 1.0, 1.0, 1.0, 1.0, 1.0, 1.0, 1.0, 1.0, 1.0, 1.0, 1.0, 1.0, 1.0, 1.0], "has_canonical_format": false, "myClass": "coo_array", "myShape": [1, 64]}, "MLPPos": {"maxprint": 50, "coords": [[0, 0, 0, 0, 0, 0, 0, 0, 0, 0, 0, 0, 0, 0, 0, 0, 0, 0, 0, 0, 0, 0, 0, 0, 0, 0, 0, 0, 0, 0, 0, 0, 0, 0, 0, 0, 0, 0, 0, 0, 0, 0, 0, 0, 0, 0, 0, 0, 0, 0, 0, 0, 0, 0, 0, 0, 0, 0, 0, 0, 0, 0, 0, 0], [0, 1, 2, 3, 4, 5, 6, 7, 8, 9, 10, 11, 12, 13, 14, 15, 16, 17, 18, 19, 20, 21, 22, 23, 24, 25, 26, 27, 28, 29, 30, 31, 32, 33, 34, 35, 36, 37, 38, 39, 40, 41, 42, 43, 44, 45, 46, 47, 48, 49, 50, 51, 52, 53, 54, 55, 56, 57, 58, 59, 60, 61, 62, 63]], "data": [1.0, 1.0, 1.0, 1.0, 1.0, 1.0, 1.0, 1.0, 1.0, 1.0, 1.0, 1.0, 1.0, 1.0, 1.0, 1.0, 1.0, 1.0, 1.0, 1.0, 1.0, 1.0, 1.0, 1.0, 1.0, 1.0, 1.0, 1.0, 1.0, 1.0, 1.0, 1.0, 1.0, 1.0, 1.0, 1.0, 1.0, 1.0, 1.0, 1.0, 1.0, 1.0, 1.0, 1.0, 1.0, 1.0, 1.0, 1.0, 1.0, 1.0, 1.0, 1.0, 1.0, 1.0, 1.0, 1.0, 1.0, 1.0, 1.0, 1.0, 1.0, 1.0, 1.0, 1.0], "has_canonical_format": false, "myClass": "coo_array", "myShape": [1, 64]}, "number": 7, "numberMax": 64, "origin": ["Land 1", "Land 2", "Land 3", "Lake 1", "Lake 2", "Point 1", "Lake 3"], "destination": ["Lake 1", "Lake 2", "Lake 3", "Point 1", "Point 1", "Lake 3", "Point 2"], "ref": ["water", "water", "water", "water", "water", "water", "water"], "nameRef": ["transport f. land 1 t. lake 1 while water", "transport f. land 2 t. lake 2 while water", "transport f. land 3 t. lake 3 while water", "transport f. lake 1 t. point 1 while water", "transport f. lake 2 t. point 1 while water", "transport f. point 1 t. lake 3 while water", "transport f. lake 3 t. point 2 while water"], "idxOrigin": [3, 4, 5, 0, 1, 6, 2], "idxDestination": [0, 1, 2, 6, 6, 2, 7], "idxHolding": [0, 0, 0, 0, 0, 0, 0], "idxTransport": [24, 33, 42, 6, 14, 50, 23], "numberRefMax": 64, "resistanceUnits": ["s/m^3", "s/m^3", "s/m^3", "s/m^3", "s/m^3", "s/m^3", "s/m^3"], "hasUEPlusExoConstraint": ["false", "false", "false", "false", "false", "false", "false"], "resistance": ["5000", "5000", "5000", "5000", "5000", "5000", "5000"], "hasQEinitCond": ["false", "false", "false", "false", "false", "false", "false"], "hasUEMinusCapacityConstraint": ["false", "false", "false", "false", "false", "false", "false"], "duration": ["", "", "", "", "", "", ""], "CUMinus": ["rainfall", "rainfall", "rainfall", "rainfall", "rainfall", "rainfall", "rainfall"], "QEinitCond": ["", "", "", "", "", "", ""], "hasResistance": ["true", "true", "true", "true", "true", "true", "true"], "CUPlus": ["", "", "", "", "", "", ""], "hasQECapacityConstraint": ["false", "false", "false", "false", "false", "false", "false"], "hasUEPlusCapacityConstraint": ["false", "false", "false", "false", "false", "false", "false"], "hasQEfinalCond": ["false", "false", "false", "false", "false", "false", "false"], "QEfinalCond": ["", "", "", "", "", "", ""], "UEPlusMax": ["", "", "", "", "", "", ""], "UEMinusMax": ["", "", "", "", "", "", ""], "hasUEMinusExoConstraint": ["false", "false", "false", "false", "false", "false", "false"], "costCoeffQE": ["0", "0", "0", "0", "0", "0", "0"], "QEmax": ["", "", "", "", "", "", ""], "numberRef": 7, "myClass": "TransportProcess"}, "holdingProcess": {"name": ["water"], "idx": [0], "idxProcess": [], "status": [true], "inputOperand": ["water"], "inputOperandWeight": [[1.0]], "outputOperand": ["water"], "outputOperandWeight": [[1.0]], "MLPNeg": {"maxprint": 50, "coords": [[0], [0]], "data": [1.0], "has_canonical_format": true, "myClass": "coo_array", "myShape": [1, 1]}, "MLPPos": {"maxprint": 50, "coords": [[0], [0]], "data": [1.0], "has_canonical_format": true, "myClass": "coo_array", "myShape": [1, 1]}, "number": 1, "numberMax": [], "myClass": "HoldingProcess"}, "systemProcess": {"name": ["accept water", "transport f. land 1 t. lake 1 while water", "transport f. land 2 t. lake 2 while water", "transport f. land 3 t. lake 3 while water", "transport f. lake 1 t. point 1 while water", "transport f. lake 2 t. point 1 while water", "transport f. point 1 t. lake 3 while water", "transport f. lake 3 t. point 2 while water"], "idx": [0, 25, 34, 43, 7, 15, 51, 24], "idxProcess": [0, 25, 34, 43, 7, 15, 51, 24], "status": [true, true, true, true, true, true, true, true], "inputOperand": ["", "water", "water", "water", "water", "water", "water", "water"], "inputOperandWeight": [[], [1.0], [1.0], [1.0], [1.0], [1.0], [1.0], [1.0]], "outputOperand": ["water", "water", "water", "water", "water", "water", "water", "water"], "outputOperandWeight": [[1.0], [1.0], [1.0], [1.0], [1.0], [1.0], [1.0], [1.0]], "MLPNeg": {"maxprint": 50, "coords": [[0, 0, 0, 0, 0, 0, 0, 0, 0, 0, 0, 0, 0, 0, 0, 0, 0, 0, 0, 0, 0, 0, 0, 0, 0, 0, 0, 0, 0, 0, 0, 0, 0, 0, 0, 0, 0, 0, 0, 0, 0, 0, 0, 0, 0, 0, 0, 0, 0, 0, 0, 0, 0, 0, 0, 0, 0, 0, 0, 0, 0, 0, 0, 0], [1, 2, 3, 4, 5, 6, 7, 8, 9, 10, 11, 12, 13, 14, 15, 16, 17, 18, 19, 20, 21, 22, 23, 24, 25, 26, 27, 28, 29, 30, 31, 32, 33, 34, 35, 36, 37, 38, 39, 40, 41, 42, 43, 44, 45, 46, 47, 48, 49, 50, 51, 52, 53, 54, 55, 56, 57, 58, 59, 60, 61, 62, 63, 64]], "data": [1.0, 1.0, 1.0, 1.0, 1.0, 1.0, 1.0, 1.0, 1.0, 1.0, 1.0, 1.0, 1.0, 1.0, 1.0, 1.0, 1.0, 1.0, 1.0, 1.0, 1.0, 1.0, 1.0, 1.0, 1.0, 1.0, 1.0, 1.0, 1.0, 1.0, 1.0, 1.0, 1.0, 1.0, 1.0, 1.0, 1.0, 1.0, 1.0, 1.0, 1.0, 1.0, 1.0, 1.0, 1.0, 1.0, 1.0, 1.0, 1.0, 1.0, 1.0, 1.0, 1.0, 1.0, 1.0, 1.0, 1.0, 1.0, 1.0, 1.0, 1.0, 1.0, 1.0, 1.0], "has_canonical_format": false, "myClass": "coo_array", "myShape": [1, 65]}, "MLPPos": {"maxprint": 50, "coords": [[0, 0, 0, 0, 0, 0, 0, 0, 0, 0, 0, 0, 0, 0, 0, 0, 0, 0, 0, 0, 0, 0, 0, 0, 0, 0, 0, 0, 0, 0, 0, 0, 0, 0, 0, 0, 0, 0, 0, 0, 0, 0, 0, 0, 0, 0, 0, 0, 0, 0, 0, 0, 0, 0, 0, 0, 0, 0, 0, 0, 0, 0, 0, 0, 0], [0, 1, 2, 3, 4, 5, 6, 7, 8, 9, 10, 11, 12, 13, 14, 15, 16, 17, 18, 19, 20, 21, 22, 23, 24, 25, 26, 27, 28, 29, 30, 31, 32, 33, 34, 35, 36, 37, 38, 39, 40, 41, 42, 43, 44, 45, 46, 47, 48, 49, 50, 51, 52, 53, 54, 55, 56, 57, 58, 59, 60, 61, 62, 63, 64]], "data": [1.0, 1.0, 1.0, 1.0, 1.0, 1.0, 1.0, 1.0, 1.0, 1.0, 1.0, 1.0, 1.0, 1.0, 1.0, 1.0, 1.0, 1.0, 1.0, 1.0, 1.0, 1.0, 1.0, 1.0, 1.0, 1.0, 1.0, 1.0, 1.0, 1.0, 1.0, 1.0, 1.0, 1.0, 1.0, 1.0, 1.0, 1.0, 1.0, 1.0, 1.0, 1.0, 1.0, 1.0, 1.0, 1.0, 1.0, 1.0, 1.0, 1.0, 1.0, 1.0, 1.0, 1.0, 1.0, 1.0, 1.0, 1.0, 1.0, 1.0, 1.0, 1.0, 1.0, 1.0, 1.0], "has_canonical_format": false, "myClass": "coo_array", "myShape": [1, 65]}, "number": 8, "numberMax": 65, "myClass": "SystemProcess"}, "systemConcept": {"name": ["Lake 1 accept water", "Lake 2 accept water", "Lake 3 accept water", "Land 1 accept water", "Land 1 transport f. land 1 t. lake 1 while water", "Land 2 accept water", "Land 2 transport f. land 2 t. lake 2 while water", "Land 3 accept water", "Land 3 transport f. land 3 t. lake 3 while water", "River Segment 1 transport f. lake 1 t. point 1 while water", "River Segment 2 transport f. lake 2 t. point 1 while water", "River Segment 3 transport f. point 1 t. lake 3 while water", "River Segment 4 transport f. lake 3 t. point 2 while water"], "nameSoS": [], "idxPsiCapability": [0, 1, 2, 3, 4, 5, 6, 7, 8, 9, 10, 11, 12], "idxChiCapability": [0, 65, 130, 195, 220, 260, 294, 325, 368, 527, 600, 701, 739], "idxResource": [0, 1, 2, 3, 3, 4, 4, 5, 5, 8, 9, 10, 11], "idxProcess": [0, 0, 0, 0, 25, 0, 34, 0, 43, 7, 15, 51, 24], "idxOperand": {"maxprint": 50, "coords": [[0, 0, 0, 0, 0, 0, 0], [11, 8, 6, 4, 12, 10, 9]], "data": [1.0, 1.0, 1.0, 1.0, 1.0, 1.0, 1.0], "has_canonical_format": false, "myClass": "coo_array", "myShape": [1, 13]}, "idxOutput": {"maxprint": 50, "coords": [[0, 0, 0, 0, 0, 0, 0, 0, 0, 0, 0, 0, 0], [11, 8, 6, 4, 12, 10, 9, 7, 5, 3, 2, 1, 0]], "data": [1.0, 1.0, 1.0, 1.0, 1.0, 1.0, 1.0, 1.0, 1.0, 1.0, 1.0, 1.0, 1.0], "has_canonical_format": false, "myClass": "coo_array", "myShape": [1, 13]}, "DOFM": 6, "DOFHRef": 7, "DOFG": 7, "DOFH": 7, "DOFS": 13, "JM": {"maxprint": 50, "coords": [[0, 0, 0, 0, 0, 0], [0, 1, 2, 3, 4, 5]], "data": [1, 1, 1, 1, 1, 1], "has_canonical_format": true, "myClass": "coo_array", "myShape": [1, 6]}, "KM": {"maxprint": 50, "coords": [[], []], "data": [], "has_canonical_format": true, "myClass": "coo_array", "myShape": [1, 6]}, "AM": {"maxprint": 50, "coords": [[0, 0, 0, 0, 0, 0], [0, 1, 2, 3, 4, 5]], "data": [1, 1, 1, 1, 1, 1], "has_canonical_format": false, "myClass": "coo_array", "myShape": [1, 6]}, "JH": {"maxprint": 50, "coords": [[24, 33, 42, 6, 14, 50, 23], [3, 4, 5, 8, 9, 10, 11]], "data": [1, 1, 1, 1, 1, 1, 1], "has_canonical_format": true, "myClass": "coo_array", "myShape": [64, 12]}, "KH": {"maxprint": 50, "coords": [[], []], "data": [], "has_canonical_format": true, "myClass": "coo_array", "myShape": [64, 12]}, "AH": {"maxprint": 50, "coords": [[6, 14, 23, 24, 33, 42, 50], [8, 9, 11, 3, 4, 5, 10]], "data": [1, 1, 1, 1, 1, 1, 1], "has_canonical_format": false, "myClass": "coo_array", "myShape": [64, 12]}, "JG": {"maxprint": 50, "coords": [[0, 0, 0, 0, 0, 0, 0], [3, 4, 5, 8, 9, 10, 11]], "data": [1, 1, 1, 1, 1, 1, 1], "has_canonical_format": true, "myClass": "coo_array", "myShape": [1, 12]}, "KG": {"maxprint": 50, "coords": [[], []], "data": [], "has_canonical_format": true, "myClass": "coo_array", "myShape": [1, 12]}, "AG": {"maxprint": 50, "coords": [[0, 0, 0, 0, 0, 0, 0], [3, 4, 5, 8, 9, 10, 11]], "data": [1, 1, 1, 1, 1, 1, 1], "has_canonical_format": false, "myClass": "coo_array", "myShape": [1, 12]}, "JHRef": {"maxprint": 50, "coords": [[24, 33, 42, 6, 14, 50, 23], [3, 4, 5, 8, 9, 10, 11]], "data": [1, 1, 1, 1, 1, 1, 1], "has_canonical_format": true, "myClass": "coo_array", "myShape": [64, 12]}, "KHRef": {"maxprint": 50, "coords": [[], []], "data": [], "has_canonical_format": true, "myClass": "coo_array", "myShape": [64, 12]}, "AHRef": {"maxprint": 50, "coords": [[6, 14, 23, 24, 33, 42, 50], [8, 9, 11, 3, 4, 5, 10]], "data": [1, 1, 1, 1, 1, 1, 1], "has_canonical_format": false, "myClass": "coo_array", "myShape": [64, 12]}, "JS": {"maxprint": 50, "coords": [[0, 0, 0, 0, 0, 0, 25, 34, 43, 7, 15, 51, 24], [0, 1, 2, 3, 4, 5, 3, 4, 5, 8, 9, 10, 11]], "data": [1, 1, 1, 1, 1, 1, 1, 1, 1, 1, 1, 1, 1], "has_canonical_format": false, "myClass": "coo_array", "myShape": [65, 12]}, "KS": {"maxprint": 50, "coords": [[], []], "data": [], "has_canonical_format": false, "myClass": "coo_array", "myShape": [65, 12]}, "AS": {"maxprint": 50, "coords": [[0, 0, 0, 0, 25, 0, 34, 0, 43, 7, 15, 51, 24], [0, 1, 2, 3, 3, 4, 4, 5, 5, 8, 9, 10, 11]], "data": [1, 1, 1, 1, 1, 1, 1, 1, 1, 1, 1, 1, 1], "has_canonical_format": false, "myClass": "coo_array", "myShape": [65, 12]}, "JHT": {"coords": [[0, 1, 2, 3, 4, 5, 6], [6, 6, 7, 0, 1, 2, 2], [8, 9, 11, 3, 4, 5, 10]], "data": [1, 1, 1, 1, 1, 1, 1], "fill_value": 0, "_cache": [], "myClass": "COO", "myShape": [8, 8, 12]}, "KHT": {"coords": [[], [], []], "data": [], "fill_value": 0, "_cache": [], "myClass": "COO", "myShape": [8, 8, 12]}, "AHT": {"coords": [[0, 1, 2, 3, 4, 5, 6], [6, 6, 7, 0, 1, 2, 2], [8, 9, 11, 3, 4, 5, 10]], "data": [1, 1, 1, 1, 1, 1, 1], "fill_value": 0, "_cache": [], "myClass": "COO", "myShape": [8, 8, 12]}, "JHRefT": {"coords": [[0, 0, 0, 0, 0, 0, 0], [0, 1, 2, 3, 4, 5, 6], [6, 6, 7, 0, 1, 2, 2], [8, 9, 11, 3, 4, 5, 10]], "data": [1, 1, 1, 1, 1, 1, 1], "fill_value": 0, "_cache": [], "myClass": "COO", "myShape": [1, 8, 8, 12]}, "KHRefT": {"coords": [[], [], [], []], "data": [], "fill_value": 0, "_cache": [], "myClass": "COO", "myShape": [1, 8, 8, 12]}, "AHRefT": {"coords": [[0, 0, 0, 0, 0, 0, 0], [0, 1, 2, 3, 4, 5, 6], [6, 6, 7, 0, 1, 2, 2], [8, 9, 11, 3, 4, 5, 10]], "data": [1, 1, 1, 1, 1, 1, 1], "fill_value": 0, "_cache": [], "myClass": "COO", "myShape": [1, 8, 8, 12]}, "PS": {"maxprint": 50, "coords": [[0, 1, 2, 3, 4, 5, 6, 7, 8, 9, 10, 11, 12], [0, 65, 130, 195, 220, 260, 294, 325, 368, 527, 600, 701, 739]], "data": [1, 1, 1, 1, 1, 1, 1, 1, 1, 1, 1, 1, 1], "has_canonical_format": true, "myClass": "coo_array", "myShape": [13, 780]}, "PPS": {"maxprint": 50, "coords": [[0, 0, 0, 0, 25, 0, 34, 0, 43, 7, 15, 51, 24], [0, 1, 2, 3, 4, 5, 6, 7, 8, 9, 10, 11, 12]], "data": [1, 1, 1, 1, 1, 1, 1, 1, 1, 1, 1, 1, 1], "has_canonical_format": true, "myClass": "coo_array", "myShape": [65, 13]}, "PRS": {"maxprint": 50, "coords": [[0, 1, 2, 3, 3, 4, 4, 5, 5, 8, 9, 10, 11], [0, 1, 2, 3, 4, 5, 6, 7, 8, 9, 10, 11, 12]], "data": [1, 1, 1, 1, 1, 1, 1, 1, 1, 1, 1, 1, 1], "has_canonical_format": true, "myClass": "coo_array", "myShape": [12, 13]}, "ABS": {"maxprint": 50, "coords": [[0, 1, 2, 2, 6, 6, 7], [3, 4, 5, 6, 0, 1, 2]], "data": [1, 1, 1, 1, 1, 1, 1], "has_canonical_format": false, "myClass": "coo_array", "myShape": [8, 8]}, "ALBS": {"coords": [[0, 1, 2, 2, 6, 6, 7], [3, 4, 5, 6, 0, 1, 2], [0, 0, 0, 0, 0, 0, 0]], "data": [1, 1, 1, 1, 1, 1, 1], "fill_value": 0, "_cache": [], "myClass": "COO", "myShape": [8, 8, 1]}, "DOFMax": 780, "myClass": "SystemConcept"}, "analytics": {"MPR4Neg": {"coords": [[0, 0, 0, 0, 0, 0, 0], [0, 1, 2, 3, 4, 5, 6], [7, 15, 24, 25, 34, 43, 51], [8, 9, 11, 3, 4, 5, 10]], "data": [1, 1, 1, 1, 1, 1, 1], "fill_value": 0, "_cache": [], "myClass": "COO", "myShape": [1, 8, 65, 12]}, "MRho3Neg": {"coords": [[0, 0, 0, 0, 0, 0, 0], [0, 1, 2, 3, 4, 5, 6], [9, 10, 12, 4, 6, 8, 11]], "data": [1, 1, 1, 1, 1, 1, 1], "fill_value": 0, "_cache": [], "myClass": "COO", "myShape": [1, 8, 13]}, "MRho2Neg": {"maxprint": 50, "coords": [[0, 1, 2, 3, 4, 5, 6], [9, 10, 12, 4, 6, 8, 11]], "data": [1, 1, 1, 1, 1, 1, 1], "has_canonical_format": false, "myClass": "coo_array", "myShape": [8, 13]}, "MPR4Pos": {"coords": [[0, 0, 0, 0, 0, 0, 0, 0, 0, 0, 0, 0, 0], [0, 0, 1, 1, 2, 2, 2, 3, 4, 5, 6, 6, 7], [0, 25, 0, 34, 0, 43, 51, 0, 0, 0, 7, 15, 24], [0, 3, 1, 4, 2, 5, 10, 3, 4, 5, 8, 9, 11]], "data": [1, 1, 1, 1, 1, 1, 1, 1, 1, 1, 1, 1, 1], "fill_value": 0, "_cache": [], "myClass": "COO", "myShape": [1, 8, 65, 12]}, "MRho3Pos": {"coords": [[0, 0, 0, 0, 0, 0, 0, 0, 0, 0, 0, 0, 0], [0, 0, 1, 1, 2, 2, 2, 3, 4, 5, 6, 6, 7], [0, 4, 1, 6, 2, 8, 11, 3, 5, 7, 9, 10, 12]], "data": [1, 1, 1, 1, 1, 1, 1, 1, 1, 1, 1, 1, 1], "fill_value": 0, "_cache": [], "myClass": "COO", "myShape": [1, 8, 13]}, "MRho2Pos": {"maxprint": 50, "coords": [[0, 0, 1, 1, 2, 2, 2, 3, 4, 5, 6, 6, 7], [0, 4, 1, 6, 2, 8, 11, 3, 5, 7, 9, 10, 12]], "data": [1, 1, 1, 1, 1, 1, 1, 1, 1, 1, 1, 1, 1], "has_canonical_format": false, "myClass": "coo_array", "myShape": [8, 13]}, "MPR4": {"coords": [[0, 0, 0, 0, 0, 0, 0, 0, 0, 0, 0, 0, 0, 0, 0, 0, 0, 0, 0, 0], [0, 0, 0, 1, 1, 1, 2, 2, 2, 2, 3, 3, 4, 4, 5, 5, 6, 6, 6, 7], [0, 7, 25, 0, 15, 34, 0, 24, 43, 51, 0, 25, 0, 34, 0, 43, 7, 15, 51, 24], [0, 8, 3, 1, 9, 4, 2, 11, 5, 10, 3, 3, 4, 4, 5, 5, 8, 9, 10, 11]], "data": [1, -1, 1, 1, -1, 1, 1, -1, 1, 1, 1, -1, 1, -1, 1, -1, 1, 1, -1, 1], "fill_value": 0, "_cache": [], "myClass": "COO", "myShape": [1, 8, 65, 12]}, "MRho3": {"coords": [[0, 0, 0, 0, 0, 0, 0, 0, 0, 0, 0, 0, 0, 0, 0, 0, 0, 0, 0, 0], [0, 0, 0, 1, 1, 1, 2, 2, 2, 2, 3, 3, 4, 4, 5, 5, 6, 6, 6, 7], [0, 4, 9, 1, 6, 10, 2, 8, 11, 12, 3, 4, 5, 6, 7, 8, 9, 10, 11, 12]], "data": [1, 1, -1, 1, 1, -1, 1, 1, 1, -1, 1, -1, 1, -1, 1, -1, 1, 1, -1, 1], "fill_value": 0, "_cache": [], "myClass": "COO", "myShape": [1, 8, 13]}, "MRho2": {"maxprint": 50, "coords": [[0, 0, 0, 1, 1, 1, 2, 2, 2, 2, 3, 3, 4, 4, 5, 5, 6, 6, 6, 7], [0, 4, 9, 1, 6, 10, 2, 8, 11, 12, 3, 4, 5, 6, 7, 8, 9, 10, 11, 12]], "data": [1, 1, -1, 1, 1, -1, 1, 1, 1, -1, 1, -1, 1, -1, 1, -1, 1, 1, -1, 1], "has_canonical_format": false, "myClass": "coo_array", "myShape": [8, 13]}, "ARho": {"maxprint": 50, "coords": [[0, 1, 2, 3, 4, 5, 6, 7, 8, 9, 10, 11], [9, 10, 12, 4, 9, 6, 10, 8, 12, 11, 11, 12]], "data": [1, 1, 1, 1, 1, 1, 1, 1, 1, 1, 1, 1], "has_canonical_format": false, "myClass": "coo_array", "myShape": [13, 13]}, "APR": {"maxprint": 50, "coords": [[0, 65, 130, 195, 220, 260, 294, 325, 368, 527, 600, 701], [527, 600, 739, 220, 527, 294, 600, 368, 739, 701, 701, 739]], "data": [1, 1, 1, 1, 1, 1, 1, 1, 1, 1, 1, 1], "has_canonical_format": true, "myClass": "coo_array", "myShape": [780, 780]}, "APR4": {"coords": [[0, 0, 0, 0, 0, 0, 7, 15, 25, 34, 43, 51], [0, 1, 2, 3, 4, 5, 8, 9, 3, 4, 5, 10], [7, 15, 24, 25, 34, 43, 51, 51, 7, 15, 24, 24], [8, 9, 11, 3, 4, 5, 10, 10, 8, 9, 11, 11]], "data": [1, 1, 1, 1, 1, 1, 1, 1, 1, 1, 1, 1], "fill_value": 0, "_cache": [], "myClass": "COO", "myShape": [65, 12, 65, 12]}, "ARhoSoS": [], "AFormal": {"maxprint": 50, "coords": [[0, 1, 2, 3, 4, 5, 6], [6, 6, 7, 0, 1, 2, 2]], "data": [1, 1, 1, 1, 1, 1, 1], "has_canonical_format": false, "myClass": "coo_array", "myShape": [8, 8]}, "AFormalT": {"coords": [[0, 0, 0, 0, 0, 0, 0], [0, 1, 2, 3, 4, 5, 6], [0, 0, 0, 0, 0, 0, 0], [6, 6, 7, 0, 1, 2, 2]], "data": [1, 1, 1, 1, 1, 1, 1], "fill_value": 0, "_cache": [], "myClass": "COO", "myShape": [1, 8, 1, 8]}, "ASys": {"maxprint": 50, "coords": [[0, 1, 2, 3, 4, 5, 6, 7, 8, 9, 10, 11], [9, 10, 12, 4, 9, 6, 10, 8, 12, 11, 11, 12]], "data": [1, 1, 1, 1, 1, 1, 1, 1, 1, 1, 1, 1], "has_canonical_format": false, "myClass": "coo_array", "myShape": [13, 13]}, "myClass": "Analytics"}, "myClass": "LFES"}