<?xml version="1.0" encoding="UTF-8" ?><myLFES><name><item>ExampleNetwork</item></name><scenario><item>base</item></scenario><refArchitecture><item>Smart City</item></refArchitecture><dataState><item>final</item></dataState><version><item>4.0</item></version><runCode><item>2024-12-24</item></runCode><verboseMode><item>false</item></verboseMode><analyzeSoS>false</analyzeSoS><inputDataFormat><item>default</item></inputDataFormat><inputFilePath>0_Input_Data/XMLs/ExampleNetwork-Default-Base-2024-12-24.xml</inputFilePath><outputFileType><item>xml</item></outputFileType><outputDirectory>1_Output_Data</outputDirectory><operand><idx><item>0</item><item>1</item><item>2</item></idx><operandName><item>electricity</item><item>potable water</item><item>EV</item></operandName><operandNet><item><operandNetName>deliver electricity</operandNetName><number>1</number><status><item>true</item></status><Aprime><maxprint>50</maxprint><coords><item ><item>0</item></item><item ><item>0</item></item></coords><data><item>1</item></data><has_canonical_format>false</has_canonical_format><myClass>coo_array</myClass><myShape><item>1</item><item>1</item></myShape></Aprime><Adual><maxprint>50</maxprint><coords><item ><item>0</item><item>0</item><item>0</item><item>0</item><item>1</item><item>1</item><item>1</item><item>1</item></item><item ><item>4</item><item>3</item><item>2</item><item>1</item><item>4</item><item>3</item><item>2</item><item>1</item></item></coords><data><item>1</item><item>1</item><item>1</item><item>1</item><item>1</item><item>1</item><item>1</item><item>1</item></data><has_canonical_format>false</has_canonical_format><myClass>coo_array</myClass><myShape><item>5</item><item>5</item></myShape></Adual><LambdaTransform><maxprint>50</maxprint><coords><item ><item>0</item><item>2</item><item>3</item></item><item ><item>1</item><item>0</item><item>2</item></item></coords><data><item>1</item><item>1</item><item>1</item></data><has_canonical_format>false</has_canonical_format><myClass>coo_array</myClass><myShape><item>5</item><item>3</item></myShape></LambdaTransform><LambdaHolding><maxprint>50</maxprint><coords><item ><item>1</item><item>4</item></item><item ><item>3</item><item>1</item></item></coords><data><item>1</item><item>1</item></data><has_canonical_format>false</has_canonical_format><myClass>coo_array</myClass><myShape><item>5</item><item>5</item></myShape></LambdaHolding><LambdaTransport><maxprint>50</maxprint><coords><item ><item>1</item><item>1</item><item>1</item><item>1</item><item>1</item><item>1</item><item>1</item><item>1</item><item>1</item><item>1</item><item>1</item><item>1</item><item>1</item><item>1</item><item>1</item><item>1</item><item>4</item><item>4</item><item>4</item><item>4</item><item>4</item><item>4</item><item>4</item><item>4</item><item>4</item><item>4</item><item>4</item><item>4</item><item>4</item><item>4</item><item>4</item><item>4</item></item><item ><item>48</item><item>49</item><item>50</item><item>51</item><item>52</item><item>53</item><item>54</item><item>55</item><item>56</item><item>57</item><item>58</item><item>59</item><item>60</item><item>61</item><item>62</item><item>63</item><item>16</item><item>17</item><item>18</item><item>19</item><item>20</item><item>21</item><item>22</item><item>23</item><item>24</item><item>25</item><item>26</item><item>27</item><item>28</item><item>29</item><item>30</item><item>31</item></item></coords><data><item>1.0</item><item>1.0</item><item>1.0</item><item>1.0</item><item>1.0</item><item>1.0</item><item>1.0</item><item>1.0</item><item>1.0</item><item>1.0</item><item>1.0</item><item>1.0</item><item>1.0</item><item>1.0</item><item>1.0</item><item>1.0</item><item>1.0</item><item>1.0</item><item>1.0</item><item>1.0</item><item>1.0</item><item>1.0</item><item>1.0</item><item>1.0</item><item>1.0</item><item>1.0</item><item>1.0</item><item>1.0</item><item>1.0</item><item>1.0</item><item>1.0</item><item>1.0</item></data><has_canonical_format>false</has_canonical_format><myClass>coo_array</myClass><myShape><item>5</item><item>80</item></myShape></LambdaTransport><Lambda><maxprint>50</maxprint><coords><item ><item>0</item><item>2</item><item>3</item><item>1</item><item>1</item><item>1</item><item>1</item><item>1</item><item>1</item><item>1</item><item>1</item><item>1</item><item>1</item><item>1</item><item>1</item><item>1</item><item>1</item><item>1</item><item>1</item><item>4</item><item>4</item><item>4</item><item>4</item><item>4</item><item>4</item><item>4</item><item>4</item><item>4</item><item>4</item><item>4</item><item>4</item><item>4</item><item>4</item><item>4</item><item>4</item></item><item ><item>1</item><item>0</item><item>2</item><item>51</item><item>52</item><item>53</item><item>54</item><item>55</item><item>56</item><item>57</item><item>58</item><item>59</item><item>60</item><item>61</item><item>62</item><item>63</item><item>64</item><item>65</item><item>66</item><item>19</item><item>20</item><item>21</item><item>22</item><item>23</item><item>24</item><item>25</item><item>26</item><item>27</item><item>28</item><item>29</item><item>30</item><item>31</item><item>32</item><item>33</item><item>34</item></item></coords><data><item>1.0</item><item>1.0</item><item>1.0</item><item>1.0</item><item>1.0</item><item>1.0</item><item>1.0</item><item>1.0</item><item>1.0</item><item>1.0</item><item>1.0</item><item>1.0</item><item>1.0</item><item>1.0</item><item>1.0</item><item>1.0</item><item>1.0</item><item>1.0</item><item>1.0</item><item>1.0</item><item>1.0</item><item>1.0</item><item>1.0</item><item>1.0</item><item>1.0</item><item>1.0</item><item>1.0</item><item>1.0</item><item>1.0</item><item>1.0</item><item>1.0</item><item>1.0</item><item>1.0</item><item>1.0</item><item>1.0</item></data><has_canonical_format>false</has_canonical_format><myClass>coo_array</myClass><myShape><item>5</item><item>83</item></myShape></Lambda><syncMat><maxprint>50</maxprint><coords><item ><item>0</item><item>1</item><item>1</item><item>2</item><item>3</item><item>4</item></item><item ><item>1</item><item>8</item><item>7</item><item>0</item><item>2</item><item>4</item></item></coords><data><item>1.0</item><item>1.0</item><item>1.0</item><item>1.0</item><item>1.0</item><item>1.0</item></data><has_canonical_format>false</has_canonical_format><myClass>coo_array</myClass><myShape><item>5</item><item>11</item></myShape></syncMat><Mneg><maxprint>50</maxprint><coords><item ><item>0</item><item>0</item><item>0</item><item>0</item></item><item ><item>1</item><item>2</item><item>3</item><item>4</item></item></coords><data><item>1</item><item>1</item><item>1</item><item>1</item></data><has_canonical_format>true</has_canonical_format><myClass>coo_array</myClass><myShape><item>1</item><item>5</item></myShape></Mneg><Mpos><maxprint>50</maxprint><coords><item ><item>0</item><item>0</item></item><item ><item>0</item><item>1</item></item></coords><data><item>1</item><item>1</item></data><has_canonical_format>true</has_canonical_format><myClass>coo_array</myClass><myShape><item>1</item><item>5</item></myShape></Mpos><operandPlace><name><item>electric power</item></name><type><item>internal</item></type><myClass>OperandPlace</myClass></operandPlace><operandTransition><name><item>generate electric power</item><item>continuing electric power</item><item>treat water</item><item>consume water</item><item>charge EV</item></name><preset><item></item><item>electric power</item><item>electric power</item><item>electric power</item><item>electric power</item></preset><postset><item>electric power</item><item>electric power</item><item></item><item></item><item></item></postset><processLinkName><item>generate electric power</item><item>transport electricity</item><item>treat water</item><item>consume water</item><item>store EV</item></processLinkName><processLinkRef><item></item><item>hold 132kV</item><item></item><item></item><item>charge EV</item></processLinkRef><myClass>OperandTransition</myClass></operandTransition><myClass>OperandNet</myClass></item><item><operandNetName>deliver potable Water</operandNetName><number>1</number><status><item>true</item></status><Aprime><maxprint>50</maxprint><coords><item ><item>0</item></item><item ><item>0</item></item></coords><data><item>1</item></data><has_canonical_format>false</has_canonical_format><myClass>coo_array</myClass><myShape><item>1</item><item>1</item></myShape></Aprime><Adual><maxprint>50</maxprint><coords><item ><item>0</item><item>0</item><item>1</item><item>1</item></item><item ><item>2</item><item>1</item><item>2</item><item>1</item></item></coords><data><item>1</item><item>1</item><item>1</item><item>1</item></data><has_canonical_format>false</has_canonical_format><myClass>coo_array</myClass><myShape><item>3</item><item>3</item></myShape></Adual><LambdaTransform><maxprint>50</maxprint><coords><item ><item>0</item><item>2</item></item><item ><item>0</item><item>2</item></item></coords><data><item>1</item><item>1</item></data><has_canonical_format>false</has_canonical_format><myClass>coo_array</myClass><myShape><item>3</item><item>3</item></myShape></LambdaTransform><LambdaHolding><maxprint>50</maxprint><coords><item ><item>1</item></item><item ><item>2</item></item></coords><data><item>1</item></data><has_canonical_format>false</has_canonical_format><myClass>coo_array</myClass><myShape><item>3</item><item>5</item></myShape></LambdaHolding><LambdaTransport><maxprint>50</maxprint><coords><item ><item>1</item><item>1</item><item>1</item><item>1</item><item>1</item><item>1</item><item>1</item><item>1</item><item>1</item><item>1</item><item>1</item><item>1</item><item>1</item><item>1</item><item>1</item><item>1</item></item><item ><item>32</item><item>33</item><item>34</item><item>35</item><item>36</item><item>37</item><item>38</item><item>39</item><item>40</item><item>41</item><item>42</item><item>43</item><item>44</item><item>45</item><item>46</item><item>47</item></item></coords><data><item>1.0</item><item>1.0</item><item>1.0</item><item>1.0</item><item>1.0</item><item>1.0</item><item>1.0</item><item>1.0</item><item>1.0</item><item>1.0</item><item>1.0</item><item>1.0</item><item>1.0</item><item>1.0</item><item>1.0</item><item>1.0</item></data><has_canonical_format>false</has_canonical_format><myClass>coo_array</myClass><myShape><item>3</item><item>80</item></myShape></LambdaTransport><Lambda><maxprint>50</maxprint><coords><item ><item>0</item><item>2</item><item>1</item><item>1</item><item>1</item><item>1</item><item>1</item><item>1</item><item>1</item><item>1</item><item>1</item><item>1</item><item>1</item><item>1</item><item>1</item><item>1</item><item>1</item><item>1</item></item><item ><item>0</item><item>2</item><item>35</item><item>36</item><item>37</item><item>38</item><item>39</item><item>40</item><item>41</item><item>42</item><item>43</item><item>44</item><item>45</item><item>46</item><item>47</item><item>48</item><item>49</item><item>50</item></item></coords><data><item>1.0</item><item>1.0</item><item>1.0</item><item>1.0</item><item>1.0</item><item>1.0</item><item>1.0</item><item>1.0</item><item>1.0</item><item>1.0</item><item>1.0</item><item>1.0</item><item>1.0</item><item>1.0</item><item>1.0</item><item>1.0</item><item>1.0</item><item>1.0</item></data><has_canonical_format>false</has_canonical_format><myClass>coo_array</myClass><myShape><item>3</item><item>83</item></myShape></Lambda><syncMat><maxprint>50</maxprint><coords><item ><item>0</item><item>1</item><item>2</item></item><item ><item>0</item><item>6</item><item>2</item></item></coords><data><item>1.0</item><item>1.0</item><item>1.0</item></data><has_canonical_format>false</has_canonical_format><myClass>coo_array</myClass><myShape><item>3</item><item>11</item></myShape></syncMat><Mneg><maxprint>50</maxprint><coords><item ><item>0</item><item>0</item></item><item ><item>1</item><item>2</item></item></coords><data><item>1</item><item>1</item></data><has_canonical_format>true</has_canonical_format><myClass>coo_array</myClass><myShape><item>1</item><item>3</item></myShape></Mneg><Mpos><maxprint>50</maxprint><coords><item ><item>0</item><item>0</item></item><item ><item>0</item><item>1</item></item></coords><data><item>1</item><item>1</item></data><has_canonical_format>true</has_canonical_format><myClass>coo_array</myClass><myShape><item>1</item><item>3</item></myShape></Mpos><operandPlace><name><item>potable water</item></name><type><item>internal</item></type><myClass>OperandPlace</myClass></operandPlace><operandTransition><name><item>treat water</item><item>continuing water</item><item>consume water</item></name><preset><item></item><item>potable water</item><item>potable water</item></preset><postset><item>potable water</item><item>potable water</item><item></item></postset><processLinkName><item>treat water</item><item>transport potable water</item><item>consume water</item></processLinkName><processLinkRef><item></item><item>hold potable water</item><item></item></processLinkRef><myClass>OperandTransition</myClass></operandTransition><myClass>OperandNet</myClass></item><item><operandNetName>deliver EV</operandNetName><number>1</number><status><item>true</item></status><Aprime><maxprint>50</maxprint><coords><item ><item>0</item></item><item ><item>0</item></item></coords><data><item>1</item></data><has_canonical_format>false</has_canonical_format><myClass>coo_array</myClass><myShape><item>1</item><item>1</item></myShape></Aprime><Adual><maxprint>50</maxprint><coords><item ><item>0</item><item>0</item><item>1</item><item>1</item></item><item ><item>2</item><item>1</item><item>2</item><item>1</item></item></coords><data><item>1</item><item>1</item><item>1</item><item>1</item></data><has_canonical_format>false</has_canonical_format><myClass>coo_array</myClass><myShape><item>3</item><item>3</item></myShape></Adual><LambdaTransform><maxprint>50</maxprint><coords><item ></item><item ></item></coords><data></data><has_canonical_format>false</has_canonical_format><myClass>coo_array</myClass><myShape><item>3</item><item>3</item></myShape></LambdaTransform><LambdaHolding><maxprint>50</maxprint><coords><item ><item>0</item><item>1</item><item>2</item></item><item ><item>1</item><item>0</item><item>4</item></item></coords><data><item>1</item><item>1</item><item>1</item></data><has_canonical_format>false</has_canonical_format><myClass>coo_array</myClass><myShape><item>3</item><item>5</item></myShape></LambdaHolding><LambdaTransport><maxprint>50</maxprint><coords><item ><item>0</item><item>0</item><item>0</item><item>0</item><item>0</item><item>0</item><item>0</item><item>0</item><item>0</item><item>0</item><item>0</item><item>0</item><item>0</item><item>0</item><item>0</item><item>0</item><item>1</item><item>1</item><item>1</item><item>1</item><item>1</item><item>1</item><item>1</item><item>1</item><item>1</item><item>1</item><item>1</item><item>1</item><item>1</item><item>1</item><item>1</item><item>1</item><item>2</item><item>2</item><item>2</item><item>2</item><item>2</item><item>2</item><item>2</item><item>2</item><item>2</item><item>2</item><item>2</item><item>2</item><item>2</item><item>2</item><item>2</item><item>2</item></item><item ><item>16</item><item>17</item><item>18</item><item>19</item><item>20</item><item>21</item><item>22</item><item>23</item><item>24</item><item>25</item><item>26</item><item>27</item><item>28</item><item>29</item><item>30</item><item>31</item><item>0</item><item>1</item><item>2</item><item>3</item><item>4</item><item>5</item><item>6</item><item>7</item><item>8</item><item>9</item><item>10</item><item>11</item><item>12</item><item>13</item><item>14</item><item>15</item><item>64</item><item>65</item><item>66</item><item>67</item><item>68</item><item>69</item><item>70</item><item>71</item><item>72</item><item>73</item><item>74</item><item>75</item><item>76</item><item>77</item><item>78</item><item>79</item></item></coords><data><item>1.0</item><item>1.0</item><item>1.0</item><item>1.0</item><item>1.0</item><item>1.0</item><item>1.0</item><item>1.0</item><item>1.0</item><item>1.0</item><item>1.0</item><item>1.0</item><item>1.0</item><item>1.0</item><item>1.0</item><item>1.0</item><item>1.0</item><item>1.0</item><item>1.0</item><item>1.0</item><item>1.0</item><item>1.0</item><item>1.0</item><item>1.0</item><item>1.0</item><item>1.0</item><item>1.0</item><item>1.0</item><item>1.0</item><item>1.0</item><item>1.0</item><item>1.0</item><item>1.0</item><item>1.0</item><item>1.0</item><item>1.0</item><item>1.0</item><item>1.0</item><item>1.0</item><item>1.0</item><item>1.0</item><item>1.0</item><item>1.0</item><item>1.0</item><item>1.0</item><item>1.0</item><item>1.0</item><item>1.0</item></data><has_canonical_format>false</has_canonical_format><myClass>coo_array</myClass><myShape><item>3</item><item>80</item></myShape></LambdaTransport><Lambda><maxprint>50</maxprint><coords><item ><item>0</item><item>0</item><item>0</item><item>0</item><item>0</item><item>0</item><item>0</item><item>0</item><item>0</item><item>0</item><item>0</item><item>0</item><item>0</item><item>0</item><item>0</item><item>0</item><item>1</item><item>1</item><item>1</item><item>1</item><item>1</item><item>1</item><item>1</item><item>1</item><item>1</item><item>1</item><item>1</item><item>1</item><item>1</item><item>1</item><item>1</item><item>1</item><item>2</item><item>2</item><item>2</item><item>2</item><item>2</item><item>2</item><item>2</item><item>2</item><item>2</item><item>2</item><item>2</item><item>2</item><item>2</item><item>2</item><item>2</item><item>2</item></item><item ><item>19</item><item>20</item><item>21</item><item>22</item><item>23</item><item>24</item><item>25</item><item>26</item><item>27</item><item>28</item><item>29</item><item>30</item><item>31</item><item>32</item><item>33</item><item>34</item><item>3</item><item>4</item><item>5</item><item>6</item><item>7</item><item>8</item><item>9</item><item>10</item><item>11</item><item>12</item><item>13</item><item>14</item><item>15</item><item>16</item><item>17</item><item>18</item><item>67</item><item>68</item><item>69</item><item>70</item><item>71</item><item>72</item><item>73</item><item>74</item><item>75</item><item>76</item><item>77</item><item>78</item><item>79</item><item>80</item><item>81</item><item>82</item></item></coords><data><item>1.0</item><item>1.0</item><item>1.0</item><item>1.0</item><item>1.0</item><item>1.0</item><item>1.0</item><item>1.0</item><item>1.0</item><item>1.0</item><item>1.0</item><item>1.0</item><item>1.0</item><item>1.0</item><item>1.0</item><item>1.0</item><item>1.0</item><item>1.0</item><item>1.0</item><item>1.0</item><item>1.0</item><item>1.0</item><item>1.0</item><item>1.0</item><item>1.0</item><item>1.0</item><item>1.0</item><item>1.0</item><item>1.0</item><item>1.0</item><item>1.0</item><item>1.0</item><item>1.0</item><item>1.0</item><item>1.0</item><item>1.0</item><item>1.0</item><item>1.0</item><item>1.0</item><item>1.0</item><item>1.0</item><item>1.0</item><item>1.0</item><item>1.0</item><item>1.0</item><item>1.0</item><item>1.0</item><item>1.0</item></data><has_canonical_format>false</has_canonical_format><myClass>coo_array</myClass><myShape><item>3</item><item>83</item></myShape></Lambda><syncMat><maxprint>50</maxprint><coords><item ><item>0</item><item>1</item><item>1</item><item>2</item><item>2</item></item><item ><item>4</item><item>5</item><item>3</item><item>10</item><item>9</item></item></coords><data><item>1.0</item><item>1.0</item><item>1.0</item><item>1.0</item><item>1.0</item></data><has_canonical_format>false</has_canonical_format><myClass>coo_array</myClass><myShape><item>3</item><item>11</item></myShape></syncMat><Mneg><maxprint>50</maxprint><coords><item ><item>0</item><item>0</item></item><item ><item>1</item><item>2</item></item></coords><data><item>1</item><item>1</item></data><has_canonical_format>true</has_canonical_format><myClass>coo_array</myClass><myShape><item>1</item><item>3</item></myShape></Mneg><Mpos><maxprint>50</maxprint><coords><item ><item>0</item><item>0</item></item><item ><item>0</item><item>1</item></item></coords><data><item>1</item><item>1</item></data><has_canonical_format>true</has_canonical_format><myClass>coo_array</myClass><myShape><item>1</item><item>3</item></myShape></Mpos><operandPlace><name><item>state of charge</item></name><type><item>internal</item></type><myClass>OperandPlace</myClass></operandPlace><operandTransition><name><item>charge battery</item><item>continuing battery</item><item>discharge battery</item></name><preset><item></item><item>state of charge</item><item>state of charge</item></preset><postset><item>state of charge</item><item>state of charge</item><item></item></postset><processLinkName><item>store EV</item><item>store EV</item><item>transport EV</item></processLinkName><processLinkRef><item>charge EV</item><item>park EV</item><item>discharge EV</item></processLinkRef><myClass>OperandTransition</myClass></operandTransition><myClass>OperandNet</myClass></item></operandNet><number>3</number><type><item>internal</item><item>internal</item><item>internal</item></type><AL><maxprint>50</maxprint><coords><item ><item>0</item><item>0</item><item>0</item><item>0</item><item>1</item><item>1</item><item>1</item><item>1</item><item>5</item><item>5</item><item>6</item><item>6</item><item>8</item><item>8</item><item>9</item><item>9</item></item><item ><item>4</item><item>3</item><item>2</item><item>1</item><item>4</item><item>3</item><item>2</item><item>1</item><item>7</item><item>6</item><item>7</item><item>6</item><item>10</item><item>9</item><item>10</item><item>9</item></item></coords><data><item>1</item><item>1</item><item>1</item><item>1</item><item>1</item><item>1</item><item>1</item><item>1</item><item>1</item><item>1</item><item>1</item><item>1</item><item>1</item><item>1</item><item>1</item><item>1</item></data><has_canonical_format>false</has_canonical_format><myClass>coo_array</myClass><myShape><item>11</item><item>11</item></myShape></AL><ALrho><maxprint>50</maxprint><coords><item ><item>0</item><item>1</item><item>1</item><item>2</item><item>3</item><item>4</item><item>5</item><item>6</item><item>7</item><item>8</item><item>9</item><item>9</item><item>10</item><item>10</item></item><item ><item>1</item><item>8</item><item>7</item><item>0</item><item>2</item><item>4</item><item>0</item><item>6</item><item>2</item><item>4</item><item>5</item><item>3</item><item>10</item><item>9</item></item></coords><data><item>1.0</item><item>1.0</item><item>1.0</item><item>1.0</item><item>1.0</item><item>1.0</item><item>1.0</item><item>1.0</item><item>1.0</item><item>1.0</item><item>1.0</item><item>1.0</item><item>1.0</item><item>1.0</item></data><has_canonical_format>false</has_canonical_format><myClass>coo_array</myClass><myShape><item>11</item><item>11</item></myShape></ALrho><myClass>Operand</myClass></operand><sosService><idx></idx><operandName></operandName><operandNet></operandNet><number></number><type></type><AL></AL><ALrho></ALrho><myClass>Operand</myClass></sosService><transformationResource><name><item>Water Treatment Facility</item><item>Solar PV</item><item>House</item></name><idx><item>0</item><item>1</item><item>2</item></idx><number>3</number><status><item>True</item><item>True</item><item>True</item></status><idxResource><item>0</item><item>1</item><item>2</item></idxResource><decisionMaker><item>Water Utility</item><item>Electric Power Utility</item><item>End User</item></decisionMaker><autonomous><item>True</item><item>True</item><item>True</item></autonomous><idxBuffer><item>0</item><item>1</item><item>2</item></idxBuffer><gpsX><item>0.0</item><item>0.0</item><item>1.0</item></gpsX><gpsY><item>1.0</item><item>0.0</item><item>1.0</item></gpsY><transformationResourceName><item>Water Treatment Facility</item><item>Solar PV</item><item>House</item></transformationResourceName><transformProcess><item><name><item>treat water</item></name><idx><item>0</item></idx><status><item>True</item></status><operand><item>electricity</item></operand><output><item>potable water</item></output><MLPNeg></MLPNeg><MLPPos></MLPPos><number>1</number><numberMax>1</numberMax><idxTransform><item>0</item></idxTransform><myClass>TransformProcess</myClass></item><item><name><item>generate electric power</item></name><idx><item>1</item></idx><status><item>True</item></status><operand><item></item></operand><output><item>electricity</item></output><MLPNeg></MLPNeg><MLPPos></MLPPos><number>1</number><numberMax>1</numberMax><idxTransform><item>1</item></idxTransform><myClass>TransformProcess</myClass></item><item><name><item>consume water</item></name><idx><item>2</item></idx><status><item>True</item></status><operand><item>electricity,potable water</item></operand><output><item></item></output><MLPNeg></MLPNeg><MLPPos></MLPPos><number>1</number><numberMax>1</numberMax><idxTransform><item>2</item></idxTransform><myClass>TransformProcess</myClass></item></transformProcess><transportProcess><item><name></name><idx></idx><status></status><operand></operand><output></output><MLPNeg></MLPNeg><MLPPos></MLPPos><number>0</number><numberMax>16</numberMax><origin></origin><destination></destination><ref></ref><nameRef></nameRef><idxOrigin></idxOrigin><idxDestination></idxDestination><idxHolding></idxHolding><idxTransport></idxTransport><idxTransportRef></idxTransportRef><numberRefMax>80</numberRefMax><numberRef>0</numberRef><myClass>TransportProcess</myClass></item><item><name></name><idx></idx><status></status><operand></operand><output></output><MLPNeg></MLPNeg><MLPPos></MLPPos><number>0</number><numberMax>16</numberMax><origin></origin><destination></destination><ref></ref><nameRef></nameRef><idxOrigin></idxOrigin><idxDestination></idxDestination><idxHolding></idxHolding><idxTransport></idxTransport><idxTransportRef></idxTransportRef><numberRefMax>80</numberRefMax><numberRef>0</numberRef><myClass>TransportProcess</myClass></item><item><name><item>store ev @ house</item><item>store ev @ house</item></name><idx></idx><status><item>True</item><item>True</item></status><operand><item>EV</item><item>EV, electricity</item></operand><output><item>EV</item><item>EV</item></output><MLPNeg></MLPNeg><MLPPos></MLPPos><number>2</number><numberMax>16</numberMax><origin><item>House</item><item>House</item></origin><destination><item>House</item><item>House</item></destination><ref><item>park EV</item><item>charge EV</item></ref><nameRef><item>store ev @ house while park EV</item><item>store ev @ house while charge EV</item></nameRef><idxOrigin><item>2</item><item>2</item></idxOrigin><idxDestination><item>2</item><item>2</item></idxDestination><idxHolding><item>0</item><item>1</item></idxHolding><idxTransport><item>10</item><item>10</item></idxTransport><idxTransportRef><item>10</item><item>26</item></idxTransportRef><numberRefMax>80</numberRefMax><numberRef>2</numberRef><myClass>TransportProcess</myClass></item></transportProcess><myClass>TransformationResource</myClass></transformationResource><independentBuffer><name><item>Work Location</item></name><idx><item>0</item></idx><number>1</number><status><item>True</item></status><idxResource><item>3</item></idxResource><decisionMaker><item>End User</item></decisionMaker><autonomous><item>True</item></autonomous><idxBuffer><item>3</item></idxBuffer><gpsX><item>1.0</item></gpsX><gpsY><item>0.0</item></gpsY><independentBufferName><item>Work Location</item></independentBufferName><transportProcess><item><name><item>store ev @ work location</item></name><idx></idx><status><item>True</item></status><operand><item>EV</item></operand><output><item>EV</item></output><MLPNeg></MLPNeg><MLPPos></MLPPos><number>1</number><numberMax>16</numberMax><origin><item>Work Location</item></origin><destination><item>Work Location</item></destination><ref><item>park EV</item></ref><nameRef><item>store ev @ work location while park EV</item></nameRef><idxOrigin><item>3</item></idxOrigin><idxDestination><item>3</item></idxDestination><idxHolding><item>0</item></idxHolding><idxTransport><item>15</item></idxTransport><idxTransportRef><item>15</item></idxTransportRef><numberRefMax>80</numberRefMax><numberRef>1</numberRef><myClass>TransportProcess</myClass></item></transportProcess><myClass>IndependentBuffer</myClass></independentBuffer><transportationResource><name><item>Water Pipeline</item><item>Power Line 1</item><item>Power Line 2</item><item>Road</item></name><idx><item>0</item><item>1</item><item>2</item><item>3</item></idx><number>4</number><status><item>True</item><item>True</item><item>True</item><item>True</item></status><idxResource><item>4</item><item>5</item><item>6</item><item>7</item></idxResource><decisionMaker><item>Water Utility</item><item>Electric Power Utility</item><item>Electric Power Utility</item><item>End User</item></decisionMaker><autonomous><item>True</item><item>True</item><item>True</item><item>True</item></autonomous><transportationResourceName><item>Water Pipeline</item><item>Power Line 1</item><item>Power Line 2</item><item>Road</item></transportationResourceName><transportProcess><item><name><item>transport potable water f. Water Treatment Facility t. House</item></name><idx></idx><status><item>True</item></status><operand><item>potable water</item></operand><output><item>potable water</item></output><MLPNeg></MLPNeg><MLPPos></MLPPos><number>1</number><numberMax>16</numberMax><origin><item>Water Treatment Facility</item></origin><destination><item>House</item></destination><ref><item>hold potable water</item></ref><nameRef><item>transport potable water f. water treatment facility t. house while hold potable water</item></nameRef><idxOrigin><item>0</item></idxOrigin><idxDestination><item>2</item></idxDestination><idxHolding><item>2</item></idxHolding><idxTransport><item>2</item></idxTransport><idxTransportRef><item>34</item></idxTransportRef><numberRefMax>80</numberRefMax><numberRef>1</numberRef><myClass>TransportProcess</myClass></item><item><name><item>transport electricity f. Solar PV t. Water Treatment Facility</item></name><idx></idx><status><item>True</item></status><operand><item>electricity</item></operand><output><item>electricity</item></output><MLPNeg></MLPNeg><MLPPos></MLPPos><number>1</number><numberMax>16</numberMax><origin><item>Solar PV</item></origin><destination><item>Water Treatment Facility</item></destination><ref><item>hold 132kV</item></ref><nameRef><item>transport electricity f. solar pv t. water treatment facility while hold 132kV</item></nameRef><idxOrigin><item>1</item></idxOrigin><idxDestination><item>0</item></idxDestination><idxHolding><item>3</item></idxHolding><idxTransport><item>4</item></idxTransport><idxTransportRef><item>52</item></idxTransportRef><numberRefMax>80</numberRefMax><numberRef>1</numberRef><myClass>TransportProcess</myClass></item><item><name><item>transport electricity f. Solar PV t. House</item></name><idx></idx><status><item>True</item></status><operand><item>electricity</item></operand><output><item>electricity</item></output><MLPNeg></MLPNeg><MLPPos></MLPPos><number>1</number><numberMax>16</numberMax><origin><item>Solar PV</item></origin><destination><item>House</item></destination><ref><item>hold 132kV</item></ref><nameRef><item>transport electricity f. solar pv t. house while hold 132kV</item></nameRef><idxOrigin><item>1</item></idxOrigin><idxDestination><item>2</item></idxDestination><idxHolding><item>3</item></idxHolding><idxTransport><item>6</item></idxTransport><idxTransportRef><item>54</item></idxTransportRef><numberRefMax>80</numberRefMax><numberRef>1</numberRef><myClass>TransportProcess</myClass></item><item><name><item>transport ev f. Work Location t. House</item><item>transport ev f. House t. Work Location</item></name><idx></idx><status><item>True</item><item>True</item></status><operand><item>EV</item><item>EV</item></operand><output><item>EV</item><item>EV</item></output><MLPNeg></MLPNeg><MLPPos></MLPPos><number>2</number><numberMax>16</numberMax><origin><item>Work Location</item><item>House</item></origin><destination><item>House</item><item>Work Location</item></destination><ref><item>discharge EV</item><item>discharge EV</item></ref><nameRef><item>transport ev f. work location t. house while discharge EV</item><item>transport ev f. house t. work location while discharge EV</item></nameRef><idxOrigin><item>3</item><item>2</item></idxOrigin><idxDestination><item>2</item><item>3</item></idxDestination><idxHolding><item>4</item><item>4</item></idxHolding><idxTransport><item>14</item><item>11</item></idxTransport><idxTransportRef><item>78</item><item>75</item></idxTransportRef><numberRefMax>80</numberRefMax><numberRef>2</numberRef><myClass>TransportProcess</myClass></item></transportProcess><myClass>TransportationResource</myClass></transportationResource><buffer><name><item>Water Treatment Facility</item><item>Solar PV</item><item>House</item><item>Work Location</item></name><idx><item>0</item><item>1</item><item>2</item><item>3</item></idx><number>4</number><status><item>True</item><item>True</item><item>True</item><item>True</item></status><idxResource><item>0</item><item>1</item><item>2</item><item>3</item></idxResource><decisionMaker><item>Water Utility</item><item>Electric Power Utility</item><item>End User</item><item>End User</item></decisionMaker><autonomous><item>True</item><item>True</item><item>True</item><item>True</item></autonomous><idxBuffer><item>0</item><item>1</item><item>2</item><item>3</item></idxBuffer><gpsX><item>0.0</item><item>0.0</item><item>1.0</item><item>1.0</item></gpsX><gpsY><item>1.0</item><item>0.0</item><item>1.0</item><item>0.0</item></gpsY><myClass>Buffer</myClass></buffer><physicalResource><name><item>Water Treatment Facility</item><item>Solar PV</item><item>House</item><item>Work Location</item><item>Water Pipeline</item><item>Power Line 1</item><item>Power Line 2</item><item>Road</item></name><idx><item>0</item><item>1</item><item>2</item><item>3</item><item>4</item><item>5</item><item>6</item><item>7</item></idx><number>8</number><status><item>True</item><item>True</item><item>True</item><item>True</item><item>True</item><item>True</item><item>True</item><item>True</item></status><idxResource><item>0</item><item>1</item><item>2</item><item>3</item><item>4</item><item>5</item><item>6</item><item>7</item></idxResource><decisionMaker><item>Water Utility</item><item>Electric Power Utility</item><item>End User</item><item>End User</item><item>Water Utility</item><item>Electric Power Utility</item><item>Electric Power Utility</item><item>End User</item></decisionMaker><autonomous><item>True</item><item>True</item><item>True</item><item>True</item><item>True</item><item>True</item><item>True</item><item>True</item></autonomous><myClass>PhysicalResource</myClass></physicalResource><decisionMaker><name><item>Water Utility</item><item>Electric Power Utility</item><item>End User</item></name><idx><item>0</item><item>1</item><item>2</item></idx><number>3</number><status><item>True</item><item>True</item><item>True</item></status><peerRecipient><item>Water Utility, Electric Power Utility,End User</item><item>Electric Power Utility, Water Utility, End User</item><item>End User, Water Utility,Electric Power Utility</item></peerRecipient><A_DD><maxprint>50</maxprint><coords><item ><item>0</item><item>1</item><item>2</item><item>0</item><item>1</item><item>2</item><item>0</item><item>1</item><item>2</item></item><item ><item>0</item><item>0</item><item>0</item><item>1</item><item>1</item><item>1</item><item>2</item><item>2</item><item>2</item></item></coords><data><item>1</item><item>1</item><item>1</item><item>1</item><item>1</item><item>1</item><item>1</item><item>1</item><item>1</item></data><has_canonical_format>true</has_canonical_format><myClass>coo_array</myClass><myShape><item>3</item><item>3</item></myShape></A_DD><A_RD><maxprint>50</maxprint><coords><item ><item>0</item><item>1</item><item>2</item><item>3</item><item>4</item><item>5</item><item>6</item><item>7</item></item><item ><item>0</item><item>1</item><item>2</item><item>2</item><item>0</item><item>1</item><item>1</item><item>2</item></item></coords><data><item>1</item><item>1</item><item>1</item><item>1</item><item>1</item><item>1</item><item>1</item><item>1</item></data><has_canonical_format>false</has_canonical_format><myClass>coo_array</myClass><myShape><item>8</item><item>3</item></myShape></A_RD><ARhoD><maxprint>50</maxprint><coords><item ><item>0</item><item>1</item><item>2</item><item>3</item><item>4</item><item>5</item><item>6</item><item>7</item><item>8</item><item>9</item><item>10</item></item><item ><item>0</item><item>0</item><item>0</item><item>2</item><item>2</item><item>2</item><item>1</item><item>1</item><item>2</item><item>2</item><item>1</item></item></coords><data><item>1</item><item>1</item><item>1</item><item>1</item><item>1</item><item>1</item><item>1</item><item>1</item><item>1</item><item>1</item><item>1</item></data><has_canonical_format>false</has_canonical_format><myClass>coo_array</myClass><myShape><item>11</item><item>3</item></myShape></ARhoD><myClass>DecisionMaker</myClass></decisionMaker><transformProcess><name><item>treat water</item><item>generate electric power</item><item>consume water</item></name><idx><item>0</item><item>1</item><item>2</item></idx><status><item>True</item><item>True</item><item>True</item></status><operand><item>electricity</item><item></item><item>electricity,potable water</item></operand><output><item>potable water</item><item>electricity</item><item></item></output><MLPNeg><maxprint>50</maxprint><coords><item ><item>0</item><item>0</item><item>1</item></item><item ><item>0</item><item>2</item><item>2</item></item></coords><data><item>1</item><item>1</item><item>1</item></data><has_canonical_format>true</has_canonical_format><myClass>coo_array</myClass><myShape><item>3</item><item>3</item></myShape></MLPNeg><MLPPos><maxprint>50</maxprint><coords><item ><item>1</item><item>0</item></item><item ><item>0</item><item>1</item></item></coords><data><item>1</item><item>1</item></data><has_canonical_format>true</has_canonical_format><myClass>coo_array</myClass><myShape><item>3</item><item>3</item></myShape></MLPPos><number>3</number><numberMax>3</numberMax><idxTransform><item>0</item><item>1</item><item>2</item></idxTransform><myClass>TransformProcess</myClass></transformProcess><transportProcess><name><item>store ev @ house</item><item>store ev @ house</item><item>store ev @ work location</item><item>transport potable water f. Water Treatment Facility t. House</item><item>transport electricity f. Solar PV t. Water Treatment Facility</item><item>transport electricity f. Solar PV t. House</item><item>transport ev f. Work Location t. House</item><item>transport ev f. House t. Work Location</item></name><idx><item>13</item><item>29</item><item>18</item><item>37</item><item>55</item><item>57</item><item>81</item><item>78</item></idx><status><item>True</item><item>True</item><item>True</item><item>True</item><item>True</item><item>True</item><item>True</item><item>True</item></status><operand><item>EV</item><item>EV, electricity</item><item>EV</item><item>potable water</item><item>electricity</item><item>electricity</item><item>EV</item><item>EV</item></operand><output><item>EV</item><item>EV</item><item>EV</item><item>potable water</item><item>electricity</item><item>electricity</item><item>EV</item><item>EV</item></output><MLPNeg><maxprint>50</maxprint><coords><item ><item>2</item><item>2</item><item>2</item><item>2</item><item>2</item><item>2</item><item>2</item><item>2</item><item>2</item><item>2</item><item>2</item><item>2</item><item>2</item><item>2</item><item>2</item><item>2</item><item>0</item><item>0</item><item>0</item><item>0</item><item>0</item><item>0</item><item>0</item><item>0</item><item>0</item><item>0</item><item>0</item><item>0</item><item>0</item><item>0</item><item>0</item><item>0</item><item>2</item><item>2</item><item>2</item><item>2</item><item>2</item><item>2</item><item>2</item><item>2</item><item>2</item><item>2</item><item>2</item><item>2</item><item>2</item><item>2</item><item>2</item><item>2</item><item>1</item><item>1</item><item>1</item><item>1</item><item>1</item><item>1</item><item>1</item><item>1</item><item>1</item><item>1</item><item>1</item><item>1</item><item>1</item><item>1</item><item>1</item><item>1</item><item>0</item><item>0</item><item>0</item><item>0</item><item>0</item><item>0</item><item>0</item><item>0</item><item>0</item><item>0</item><item>0</item><item>0</item><item>0</item><item>0</item><item>0</item><item>0</item><item>2</item><item>2</item><item>2</item><item>2</item><item>2</item><item>2</item><item>2</item><item>2</item><item>2</item><item>2</item><item>2</item><item>2</item><item>2</item><item>2</item><item>2</item><item>2</item></item><item ><item>0</item><item>1</item><item>2</item><item>3</item><item>4</item><item>5</item><item>6</item><item>7</item><item>8</item><item>9</item><item>10</item><item>11</item><item>12</item><item>13</item><item>14</item><item>15</item><item>16</item><item>17</item><item>18</item><item>19</item><item>20</item><item>21</item><item>22</item><item>23</item><item>24</item><item>25</item><item>26</item><item>27</item><item>28</item><item>29</item><item>30</item><item>31</item><item>16</item><item>17</item><item>18</item><item>19</item><item>20</item><item>21</item><item>22</item><item>23</item><item>24</item><item>25</item><item>26</item><item>27</item><item>28</item><item>29</item><item>30</item><item>31</item><item>32</item><item>33</item><item>34</item><item>35</item><item>36</item><item>37</item><item>38</item><item>39</item><item>40</item><item>41</item><item>42</item><item>43</item><item>44</item><item>45</item><item>46</item><item>47</item><item>48</item><item>49</item><item>50</item><item>51</item><item>52</item><item>53</item><item>54</item><item>55</item><item>56</item><item>57</item><item>58</item><item>59</item><item>60</item><item>61</item><item>62</item><item>63</item><item>64</item><item>65</item><item>66</item><item>67</item><item>68</item><item>69</item><item>70</item><item>71</item><item>72</item><item>73</item><item>74</item><item>75</item><item>76</item><item>77</item><item>78</item><item>79</item></item></coords><data><item>1.0</item><item>1.0</item><item>1.0</item><item>1.0</item><item>1.0</item><item>1.0</item><item>1.0</item><item>1.0</item><item>1.0</item><item>1.0</item><item>1.0</item><item>1.0</item><item>1.0</item><item>1.0</item><item>1.0</item><item>1.0</item><item>1.0</item><item>1.0</item><item>1.0</item><item>1.0</item><item>1.0</item><item>1.0</item><item>1.0</item><item>1.0</item><item>1.0</item><item>1.0</item><item>1.0</item><item>1.0</item><item>1.0</item><item>1.0</item><item>1.0</item><item>1.0</item><item>1.0</item><item>1.0</item><item>1.0</item><item>1.0</item><item>1.0</item><item>1.0</item><item>1.0</item><item>1.0</item><item>1.0</item><item>1.0</item><item>1.0</item><item>1.0</item><item>1.0</item><item>1.0</item><item>1.0</item><item>1.0</item><item>1.0</item><item>1.0</item><item>1.0</item><item>1.0</item><item>1.0</item><item>1.0</item><item>1.0</item><item>1.0</item><item>1.0</item><item>1.0</item><item>1.0</item><item>1.0</item><item>1.0</item><item>1.0</item><item>1.0</item><item>1.0</item><item>1.0</item><item>1.0</item><item>1.0</item><item>1.0</item><item>1.0</item><item>1.0</item><item>1.0</item><item>1.0</item><item>1.0</item><item>1.0</item><item>1.0</item><item>1.0</item><item>1.0</item><item>1.0</item><item>1.0</item><item>1.0</item><item>1.0</item><item>1.0</item><item>1.0</item><item>1.0</item><item>1.0</item><item>1.0</item><item>1.0</item><item>1.0</item><item>1.0</item><item>1.0</item><item>1.0</item><item>1.0</item><item>1.0</item><item>1.0</item><item>1.0</item><item>1.0</item></data><has_canonical_format>false</has_canonical_format><myClass>coo_array</myClass><myShape><item>3</item><item>80</item></myShape></MLPNeg><MLPPos><maxprint>50</maxprint><coords><item ><item>2</item><item>2</item><item>2</item><item>2</item><item>2</item><item>2</item><item>2</item><item>2</item><item>2</item><item>2</item><item>2</item><item>2</item><item>2</item><item>2</item><item>2</item><item>2</item><item>2</item><item>2</item><item>2</item><item>2</item><item>2</item><item>2</item><item>2</item><item>2</item><item>2</item><item>2</item><item>2</item><item>2</item><item>2</item><item>2</item><item>2</item><item>2</item><item>1</item><item>1</item><item>1</item><item>1</item><item>1</item><item>1</item><item>1</item><item>1</item><item>1</item><item>1</item><item>1</item><item>1</item><item>1</item><item>1</item><item>1</item><item>1</item><item>0</item><item>0</item><item>0</item><item>0</item><item>0</item><item>0</item><item>0</item><item>0</item><item>0</item><item>0</item><item>0</item><item>0</item><item>0</item><item>0</item><item>0</item><item>0</item><item>2</item><item>2</item><item>2</item><item>2</item><item>2</item><item>2</item><item>2</item><item>2</item><item>2</item><item>2</item><item>2</item><item>2</item><item>2</item><item>2</item><item>2</item><item>2</item></item><item ><item>0</item><item>1</item><item>2</item><item>3</item><item>4</item><item>5</item><item>6</item><item>7</item><item>8</item><item>9</item><item>10</item><item>11</item><item>12</item><item>13</item><item>14</item><item>15</item><item>16</item><item>17</item><item>18</item><item>19</item><item>20</item><item>21</item><item>22</item><item>23</item><item>24</item><item>25</item><item>26</item><item>27</item><item>28</item><item>29</item><item>30</item><item>31</item><item>32</item><item>33</item><item>34</item><item>35</item><item>36</item><item>37</item><item>38</item><item>39</item><item>40</item><item>41</item><item>42</item><item>43</item><item>44</item><item>45</item><item>46</item><item>47</item><item>48</item><item>49</item><item>50</item><item>51</item><item>52</item><item>53</item><item>54</item><item>55</item><item>56</item><item>57</item><item>58</item><item>59</item><item>60</item><item>61</item><item>62</item><item>63</item><item>64</item><item>65</item><item>66</item><item>67</item><item>68</item><item>69</item><item>70</item><item>71</item><item>72</item><item>73</item><item>74</item><item>75</item><item>76</item><item>77</item><item>78</item><item>79</item></item></coords><data><item>1.0</item><item>1.0</item><item>1.0</item><item>1.0</item><item>1.0</item><item>1.0</item><item>1.0</item><item>1.0</item><item>1.0</item><item>1.0</item><item>1.0</item><item>1.0</item><item>1.0</item><item>1.0</item><item>1.0</item><item>1.0</item><item>1.0</item><item>1.0</item><item>1.0</item><item>1.0</item><item>1.0</item><item>1.0</item><item>1.0</item><item>1.0</item><item>1.0</item><item>1.0</item><item>1.0</item><item>1.0</item><item>1.0</item><item>1.0</item><item>1.0</item><item>1.0</item><item>1.0</item><item>1.0</item><item>1.0</item><item>1.0</item><item>1.0</item><item>1.0</item><item>1.0</item><item>1.0</item><item>1.0</item><item>1.0</item><item>1.0</item><item>1.0</item><item>1.0</item><item>1.0</item><item>1.0</item><item>1.0</item><item>1.0</item><item>1.0</item><item>1.0</item><item>1.0</item><item>1.0</item><item>1.0</item><item>1.0</item><item>1.0</item><item>1.0</item><item>1.0</item><item>1.0</item><item>1.0</item><item>1.0</item><item>1.0</item><item>1.0</item><item>1.0</item><item>1.0</item><item>1.0</item><item>1.0</item><item>1.0</item><item>1.0</item><item>1.0</item><item>1.0</item><item>1.0</item><item>1.0</item><item>1.0</item><item>1.0</item><item>1.0</item><item>1.0</item><item>1.0</item><item>1.0</item><item>1.0</item></data><has_canonical_format>false</has_canonical_format><myClass>coo_array</myClass><myShape><item>3</item><item>80</item></myShape></MLPPos><number>8</number><numberMax>16</numberMax><origin><item>House</item><item>House</item><item>Work Location</item><item>Water Treatment Facility</item><item>Solar PV</item><item>Solar PV</item><item>Work Location</item><item>House</item></origin><destination><item>House</item><item>House</item><item>Work Location</item><item>House</item><item>Water Treatment Facility</item><item>House</item><item>House</item><item>Work Location</item></destination><ref><item>park EV</item><item>charge EV</item><item>park EV</item><item>hold potable water</item><item>hold 132kV</item><item>hold 132kV</item><item>discharge EV</item><item>discharge EV</item></ref><nameRef><item>store ev @ house while park EV</item><item>store ev @ house while charge EV</item><item>store ev @ work location while park EV</item><item>transport potable water f. water treatment facility t. house while hold potable water</item><item>transport electricity f. solar pv t. water treatment facility while hold 132kV</item><item>transport electricity f. solar pv t. house while hold 132kV</item><item>transport ev f. work location t. house while discharge EV</item><item>transport ev f. house t. work location while discharge EV</item></nameRef><idxOrigin><item>2</item><item>2</item><item>3</item><item>0</item><item>1</item><item>1</item><item>3</item><item>2</item></idxOrigin><idxDestination><item>2</item><item>2</item><item>3</item><item>2</item><item>0</item><item>2</item><item>2</item><item>3</item></idxDestination><idxHolding><item>0</item><item>1</item><item>0</item><item>2</item><item>3</item><item>3</item><item>4</item><item>4</item></idxHolding><idxTransport><item>10</item><item>10</item><item>15</item><item>2</item><item>4</item><item>6</item><item>14</item><item>11</item></idxTransport><idxTransportRef><item>10</item><item>26</item><item>15</item><item>34</item><item>52</item><item>54</item><item>78</item><item>75</item></idxTransportRef><numberRefMax>80</numberRefMax><numberRef>8</numberRef><myClass>TransportProcess</myClass></transportProcess><holdingProcess><name><item>park EV</item><item>charge EV</item><item>hold potable water</item><item>hold 132kV</item><item>discharge EV</item></name><idx><item>0</item><item>1</item><item>2</item><item>3</item><item>4</item></idx><status><item>True</item><item>True</item><item>True</item><item>True</item><item>True</item></status><operand><item>EV</item><item>EV, electricity</item><item>potable water</item><item>electricity</item><item>EV</item></operand><output><item>EV</item><item>EV</item><item>potable water</item><item>electricity</item><item>EV</item></output><MLPNeg><maxprint>50</maxprint><coords><item ><item>2</item><item>0</item><item>2</item><item>1</item><item>0</item><item>2</item></item><item ><item>0</item><item>1</item><item>1</item><item>2</item><item>3</item><item>4</item></item></coords><data><item>1</item><item>1</item><item>1</item><item>1</item><item>1</item><item>1</item></data><has_canonical_format>true</has_canonical_format><myClass>coo_array</myClass><myShape><item>3</item><item>5</item></myShape></MLPNeg><MLPPos><maxprint>50</maxprint><coords><item ><item>2</item><item>2</item><item>1</item><item>0</item><item>2</item></item><item ><item>0</item><item>1</item><item>2</item><item>3</item><item>4</item></item></coords><data><item>1</item><item>1</item><item>1</item><item>1</item><item>1</item></data><has_canonical_format>true</has_canonical_format><myClass>coo_array</myClass><myShape><item>3</item><item>5</item></myShape></MLPPos><number>5</number><numberMax></numberMax><idxHolding><item>0</item><item>1</item><item>2</item><item>3</item><item>4</item></idxHolding><myClass>HoldingProcess</myClass></holdingProcess><systemProcess><name><item>treat water</item><item>generate electric power</item><item>consume water</item><item>store ev @ house while park EV</item><item>store ev @ house while charge EV</item><item>store ev @ work location while park EV</item><item>transport potable water f. water treatment facility t. house while hold potable water</item><item>transport electricity f. solar pv t. water treatment facility while hold 132kV</item><item>transport electricity f. solar pv t. house while hold 132kV</item><item>transport ev f. work location t. house while discharge EV</item><item>transport ev f. house t. work location while discharge EV</item></name><idx><item>0</item><item>1</item><item>2</item><item>13</item><item>29</item><item>18</item><item>37</item><item>55</item><item>57</item><item>81</item><item>78</item></idx><status><item>True</item><item>True</item><item>True</item><item>True</item><item>True</item><item>True</item><item>True</item><item>True</item><item>True</item><item>True</item><item>True</item></status><operand><item>electricity</item><item></item><item>electricity,potable water</item><item>EV</item><item>EV, electricity</item><item>EV</item><item>potable water</item><item>electricity</item><item>electricity</item><item>EV</item><item>EV</item></operand><output><item>potable water</item><item>electricity</item><item></item><item>EV</item><item>EV</item><item>EV</item><item>potable water</item><item>electricity</item><item>electricity</item><item>EV</item><item>EV</item></output><MLPNeg><maxprint>50</maxprint><coords><item ><item>0</item><item>0</item><item>1</item><item>2</item><item>2</item><item>2</item><item>2</item><item>2</item><item>2</item><item>2</item><item>2</item><item>2</item><item>2</item><item>2</item><item>2</item><item>2</item><item>2</item><item>2</item><item>2</item><item>0</item><item>0</item><item>0</item><item>0</item><item>0</item><item>0</item><item>0</item><item>0</item><item>0</item><item>0</item><item>0</item><item>0</item><item>0</item><item>0</item><item>0</item><item>0</item><item>2</item><item>2</item><item>2</item><item>2</item><item>2</item><item>2</item><item>2</item><item>2</item><item>2</item><item>2</item><item>2</item><item>2</item><item>2</item><item>2</item><item>2</item><item>2</item><item>1</item><item>1</item><item>1</item><item>1</item><item>1</item><item>1</item><item>1</item><item>1</item><item>1</item><item>1</item><item>1</item><item>1</item><item>1</item><item>1</item><item>1</item><item>1</item><item>0</item><item>0</item><item>0</item><item>0</item><item>0</item><item>0</item><item>0</item><item>0</item><item>0</item><item>0</item><item>0</item><item>0</item><item>0</item><item>0</item><item>0</item><item>0</item><item>2</item><item>2</item><item>2</item><item>2</item><item>2</item><item>2</item><item>2</item><item>2</item><item>2</item><item>2</item><item>2</item><item>2</item><item>2</item><item>2</item><item>2</item><item>2</item></item><item ><item>0</item><item>2</item><item>2</item><item>3</item><item>4</item><item>5</item><item>6</item><item>7</item><item>8</item><item>9</item><item>10</item><item>11</item><item>12</item><item>13</item><item>14</item><item>15</item><item>16</item><item>17</item><item>18</item><item>19</item><item>20</item><item>21</item><item>22</item><item>23</item><item>24</item><item>25</item><item>26</item><item>27</item><item>28</item><item>29</item><item>30</item><item>31</item><item>32</item><item>33</item><item>34</item><item>19</item><item>20</item><item>21</item><item>22</item><item>23</item><item>24</item><item>25</item><item>26</item><item>27</item><item>28</item><item>29</item><item>30</item><item>31</item><item>32</item><item>33</item><item>34</item><item>35</item><item>36</item><item>37</item><item>38</item><item>39</item><item>40</item><item>41</item><item>42</item><item>43</item><item>44</item><item>45</item><item>46</item><item>47</item><item>48</item><item>49</item><item>50</item><item>51</item><item>52</item><item>53</item><item>54</item><item>55</item><item>56</item><item>57</item><item>58</item><item>59</item><item>60</item><item>61</item><item>62</item><item>63</item><item>64</item><item>65</item><item>66</item><item>67</item><item>68</item><item>69</item><item>70</item><item>71</item><item>72</item><item>73</item><item>74</item><item>75</item><item>76</item><item>77</item><item>78</item><item>79</item><item>80</item><item>81</item><item>82</item></item></coords><data><item>1.0</item><item>1.0</item><item>1.0</item><item>1.0</item><item>1.0</item><item>1.0</item><item>1.0</item><item>1.0</item><item>1.0</item><item>1.0</item><item>1.0</item><item>1.0</item><item>1.0</item><item>1.0</item><item>1.0</item><item>1.0</item><item>1.0</item><item>1.0</item><item>1.0</item><item>1.0</item><item>1.0</item><item>1.0</item><item>1.0</item><item>1.0</item><item>1.0</item><item>1.0</item><item>1.0</item><item>1.0</item><item>1.0</item><item>1.0</item><item>1.0</item><item>1.0</item><item>1.0</item><item>1.0</item><item>1.0</item><item>1.0</item><item>1.0</item><item>1.0</item><item>1.0</item><item>1.0</item><item>1.0</item><item>1.0</item><item>1.0</item><item>1.0</item><item>1.0</item><item>1.0</item><item>1.0</item><item>1.0</item><item>1.0</item><item>1.0</item><item>1.0</item><item>1.0</item><item>1.0</item><item>1.0</item><item>1.0</item><item>1.0</item><item>1.0</item><item>1.0</item><item>1.0</item><item>1.0</item><item>1.0</item><item>1.0</item><item>1.0</item><item>1.0</item><item>1.0</item><item>1.0</item><item>1.0</item><item>1.0</item><item>1.0</item><item>1.0</item><item>1.0</item><item>1.0</item><item>1.0</item><item>1.0</item><item>1.0</item><item>1.0</item><item>1.0</item><item>1.0</item><item>1.0</item><item>1.0</item><item>1.0</item><item>1.0</item><item>1.0</item><item>1.0</item><item>1.0</item><item>1.0</item><item>1.0</item><item>1.0</item><item>1.0</item><item>1.0</item><item>1.0</item><item>1.0</item><item>1.0</item><item>1.0</item><item>1.0</item><item>1.0</item><item>1.0</item><item>1.0</item><item>1.0</item></data><has_canonical_format>false</has_canonical_format><myClass>coo_array</myClass><myShape><item>3</item><item>83</item></myShape></MLPNeg><MLPPos><maxprint>50</maxprint><coords><item ><item>1</item><item>0</item><item>2</item><item>2</item><item>2</item><item>2</item><item>2</item><item>2</item><item>2</item><item>2</item><item>2</item><item>2</item><item>2</item><item>2</item><item>2</item><item>2</item><item>2</item><item>2</item><item>2</item><item>2</item><item>2</item><item>2</item><item>2</item><item>2</item><item>2</item><item>2</item><item>2</item><item>2</item><item>2</item><item>2</item><item>2</item><item>2</item><item>2</item><item>2</item><item>1</item><item>1</item><item>1</item><item>1</item><item>1</item><item>1</item><item>1</item><item>1</item><item>1</item><item>1</item><item>1</item><item>1</item><item>1</item><item>1</item><item>1</item><item>1</item><item>0</item><item>0</item><item>0</item><item>0</item><item>0</item><item>0</item><item>0</item><item>0</item><item>0</item><item>0</item><item>0</item><item>0</item><item>0</item><item>0</item><item>0</item><item>0</item><item>2</item><item>2</item><item>2</item><item>2</item><item>2</item><item>2</item><item>2</item><item>2</item><item>2</item><item>2</item><item>2</item><item>2</item><item>2</item><item>2</item><item>2</item><item>2</item></item><item ><item>0</item><item>1</item><item>3</item><item>4</item><item>5</item><item>6</item><item>7</item><item>8</item><item>9</item><item>10</item><item>11</item><item>12</item><item>13</item><item>14</item><item>15</item><item>16</item><item>17</item><item>18</item><item>19</item><item>20</item><item>21</item><item>22</item><item>23</item><item>24</item><item>25</item><item>26</item><item>27</item><item>28</item><item>29</item><item>30</item><item>31</item><item>32</item><item>33</item><item>34</item><item>35</item><item>36</item><item>37</item><item>38</item><item>39</item><item>40</item><item>41</item><item>42</item><item>43</item><item>44</item><item>45</item><item>46</item><item>47</item><item>48</item><item>49</item><item>50</item><item>51</item><item>52</item><item>53</item><item>54</item><item>55</item><item>56</item><item>57</item><item>58</item><item>59</item><item>60</item><item>61</item><item>62</item><item>63</item><item>64</item><item>65</item><item>66</item><item>67</item><item>68</item><item>69</item><item>70</item><item>71</item><item>72</item><item>73</item><item>74</item><item>75</item><item>76</item><item>77</item><item>78</item><item>79</item><item>80</item><item>81</item><item>82</item></item></coords><data><item>1.0</item><item>1.0</item><item>1.0</item><item>1.0</item><item>1.0</item><item>1.0</item><item>1.0</item><item>1.0</item><item>1.0</item><item>1.0</item><item>1.0</item><item>1.0</item><item>1.0</item><item>1.0</item><item>1.0</item><item>1.0</item><item>1.0</item><item>1.0</item><item>1.0</item><item>1.0</item><item>1.0</item><item>1.0</item><item>1.0</item><item>1.0</item><item>1.0</item><item>1.0</item><item>1.0</item><item>1.0</item><item>1.0</item><item>1.0</item><item>1.0</item><item>1.0</item><item>1.0</item><item>1.0</item><item>1.0</item><item>1.0</item><item>1.0</item><item>1.0</item><item>1.0</item><item>1.0</item><item>1.0</item><item>1.0</item><item>1.0</item><item>1.0</item><item>1.0</item><item>1.0</item><item>1.0</item><item>1.0</item><item>1.0</item><item>1.0</item><item>1.0</item><item>1.0</item><item>1.0</item><item>1.0</item><item>1.0</item><item>1.0</item><item>1.0</item><item>1.0</item><item>1.0</item><item>1.0</item><item>1.0</item><item>1.0</item><item>1.0</item><item>1.0</item><item>1.0</item><item>1.0</item><item>1.0</item><item>1.0</item><item>1.0</item><item>1.0</item><item>1.0</item><item>1.0</item><item>1.0</item><item>1.0</item><item>1.0</item><item>1.0</item><item>1.0</item><item>1.0</item><item>1.0</item><item>1.0</item><item>1.0</item><item>1.0</item></data><has_canonical_format>false</has_canonical_format><myClass>coo_array</myClass><myShape><item>3</item><item>83</item></myShape></MLPPos><number>11</number><numberMax>83</numberMax><myClass>SystemProcess</myClass></systemProcess><systemConcept><name><item>Water Treatment Facility treat water</item><item>Solar PV generate electric power</item><item>House consume water</item><item>House store ev @ house while park EV</item><item>House store ev @ house while charge EV</item><item>Work Location store ev @ work location while park EV</item><item>Water Pipeline transport potable water f. water treatment facility t. house while hold potable water</item><item>Power Line 1 transport electricity f. solar pv t. water treatment facility while hold 132kV</item><item>Power Line 2 transport electricity f. solar pv t. house while hold 132kV</item><item>Road transport ev f. house t. work location while discharge EV</item><item>Road transport ev f. work location t. house while discharge EV</item></name><nameSoS></nameSoS><idxPsiCapability><item>0</item><item>1</item><item>2</item><item>3</item><item>4</item><item>5</item><item>6</item><item>7</item><item>8</item><item>9</item><item>10</item></idxPsiCapability><idxChiCapability><item>0</item><item>84</item><item>168</item><item>179</item><item>195</item><item>267</item><item>369</item><item>470</item><item>555</item><item>659</item><item>662</item></idxChiCapability><idxResource><item>0</item><item>1</item><item>2</item><item>2</item><item>2</item><item>3</item><item>4</item><item>5</item><item>6</item><item>7</item><item>7</item></idxResource><idxProcess><item>0</item><item>1</item><item>2</item><item>13</item><item>29</item><item>18</item><item>37</item><item>55</item><item>57</item><item>78</item><item>81</item></idxProcess><idxOperand><maxprint>50</maxprint><coords><item ><item>0</item><item>0</item><item>0</item><item>0</item><item>0</item><item>1</item><item>1</item><item>2</item><item>2</item><item>2</item><item>2</item><item>2</item></item><item ><item>8</item><item>7</item><item>4</item><item>2</item><item>0</item><item>6</item><item>2</item><item>10</item><item>9</item><item>4</item><item>5</item><item>3</item></item></coords><data><item>1.0</item><item>1.0</item><item>1.0</item><item>1.0</item><item>1.0</item><item>1.0</item><item>1.0</item><item>1.0</item><item>1.0</item><item>1.0</item><item>1.0</item><item>1.0</item></data><has_canonical_format>false</has_canonical_format><myClass>coo_array</myClass><myShape><item>3</item><item>11</item></myShape></idxOperand><idxOutput><maxprint>50</maxprint><coords><item ><item>0</item><item>0</item><item>0</item><item>1</item><item>1</item><item>2</item><item>2</item><item>2</item><item>2</item><item>2</item></item><item ><item>8</item><item>7</item><item>1</item><item>6</item><item>0</item><item>10</item><item>9</item><item>4</item><item>5</item><item>3</item></item></coords><data><item>1.0</item><item>1.0</item><item>1.0</item><item>1.0</item><item>1.0</item><item>1.0</item><item>1.0</item><item>1.0</item><item>1.0</item><item>1.0</item></data><has_canonical_format>false</has_canonical_format><myClass>coo_array</myClass><myShape><item>3</item><item>11</item></myShape></idxOutput><DOFM>3</DOFM><DOFHRef>8</DOFHRef><DOFG>7</DOFG><DOFH>7</DOFH><DOFS>11</DOFS><JM><maxprint>50</maxprint><coords><item ><item>0</item><item>1</item><item>2</item></item><item ><item>0</item><item>1</item><item>2</item></item></coords><data><item>1</item><item>1</item><item>1</item></data><has_canonical_format>true</has_canonical_format><myClass>coo_array</myClass><myShape><item>3</item><item>3</item></myShape></JM><KM><maxprint>50</maxprint><coords><item ></item><item ></item></coords><data></data><has_canonical_format>true</has_canonical_format><myClass>coo_array</myClass><myShape><item>3</item><item>3</item></myShape></KM><AM><maxprint>50</maxprint><coords><item ><item>0</item><item>1</item><item>2</item></item><item ><item>0</item><item>1</item><item>2</item></item></coords><data><item>1</item><item>1</item><item>1</item></data><has_canonical_format>false</has_canonical_format><myClass>coo_array</myClass><myShape><item>3</item><item>3</item></myShape></AM><JH><maxprint>50</maxprint><coords><item ><item>10</item><item>15</item><item>2</item><item>4</item><item>6</item><item>14</item><item>11</item></item><item ><item>2</item><item>3</item><item>4</item><item>5</item><item>6</item><item>7</item><item>7</item></item></coords><data><item>1</item><item>1</item><item>1</item><item>1</item><item>1</item><item>1</item><item>1</item></data><has_canonical_format>true</has_canonical_format><myClass>coo_array</myClass><myShape><item>16</item><item>8</item></myShape></JH><KH><maxprint>50</maxprint><coords><item ></item><item ></item></coords><data></data><has_canonical_format>true</has_canonical_format><myClass>coo_array</myClass><myShape><item>16</item><item>8</item></myShape></KH><AH><maxprint>50</maxprint><coords><item ><item>2</item><item>4</item><item>6</item><item>10</item><item>11</item><item>14</item><item>15</item></item><item ><item>4</item><item>5</item><item>6</item><item>2</item><item>7</item><item>7</item><item>3</item></item></coords><data><item>1</item><item>1</item><item>1</item><item>1</item><item>1</item><item>1</item><item>1</item></data><has_canonical_format>false</has_canonical_format><myClass>coo_array</myClass><myShape><item>16</item><item>8</item></myShape></AH><JG><maxprint>50</maxprint><coords><item ><item>0</item><item>1</item><item>0</item><item>2</item><item>3</item><item>3</item><item>4</item></item><item ><item>2</item><item>2</item><item>3</item><item>4</item><item>5</item><item>6</item><item>7</item></item></coords><data><item>1</item><item>1</item><item>1</item><item>1</item><item>1</item><item>1</item><item>1</item></data><has_canonical_format>true</has_canonical_format><myClass>coo_array</myClass><myShape><item>5</item><item>8</item></myShape></JG><KG><maxprint>50</maxprint><coords><item ></item><item ></item></coords><data></data><has_canonical_format>true</has_canonical_format><myClass>coo_array</myClass><myShape><item>5</item><item>8</item></myShape></KG><AG><maxprint>50</maxprint><coords><item ><item>0</item><item>0</item><item>1</item><item>2</item><item>3</item><item>3</item><item>4</item></item><item ><item>2</item><item>3</item><item>2</item><item>4</item><item>5</item><item>6</item><item>7</item></item></coords><data><item>1</item><item>1</item><item>1</item><item>1</item><item>1</item><item>1</item><item>1</item></data><has_canonical_format>false</has_canonical_format><myClass>coo_array</myClass><myShape><item>5</item><item>8</item></myShape></AG><JHRef><maxprint>50</maxprint><coords><item ><item>10</item><item>26</item><item>15</item><item>34</item><item>52</item><item>54</item><item>78</item><item>75</item></item><item ><item>2</item><item>2</item><item>3</item><item>4</item><item>5</item><item>6</item><item>7</item><item>7</item></item></coords><data><item>1</item><item>1</item><item>1</item><item>1</item><item>1</item><item>1</item><item>1</item><item>1</item></data><has_canonical_format>true</has_canonical_format><myClass>coo_array</myClass><myShape><item>80</item><item>8</item></myShape></JHRef><KHRef><maxprint>50</maxprint><coords><item ></item><item ></item></coords><data></data><has_canonical_format>true</has_canonical_format><myClass>coo_array</myClass><myShape><item>80</item><item>8</item></myShape></KHRef><AHRef><maxprint>50</maxprint><coords><item ><item>10</item><item>15</item><item>26</item><item>34</item><item>52</item><item>54</item><item>75</item><item>78</item></item><item ><item>2</item><item>3</item><item>2</item><item>4</item><item>5</item><item>6</item><item>7</item><item>7</item></item></coords><data><item>1</item><item>1</item><item>1</item><item>1</item><item>1</item><item>1</item><item>1</item><item>1</item></data><has_canonical_format>false</has_canonical_format><myClass>coo_array</myClass><myShape><item>80</item><item>8</item></myShape></AHRef><JS><maxprint>50</maxprint><coords><item ><item>0</item><item>1</item><item>2</item><item>13</item><item>29</item><item>18</item><item>37</item><item>55</item><item>57</item><item>81</item><item>78</item></item><item ><item>0</item><item>1</item><item>2</item><item>2</item><item>2</item><item>3</item><item>4</item><item>5</item><item>6</item><item>7</item><item>7</item></item></coords><data><item>1</item><item>1</item><item>1</item><item>1</item><item>1</item><item>1</item><item>1</item><item>1</item><item>1</item><item>1</item><item>1</item></data><has_canonical_format>false</has_canonical_format><myClass>coo_array</myClass><myShape><item>83</item><item>8</item></myShape></JS><KS><maxprint>50</maxprint><coords><item ></item><item ></item></coords><data></data><has_canonical_format>false</has_canonical_format><myClass>coo_array</myClass><myShape><item>83</item><item>8</item></myShape></KS><AS><maxprint>50</maxprint><coords><item ><item>0</item><item>1</item><item>2</item><item>13</item><item>29</item><item>18</item><item>37</item><item>55</item><item>57</item><item>78</item><item>81</item></item><item ><item>0</item><item>1</item><item>2</item><item>2</item><item>2</item><item>3</item><item>4</item><item>5</item><item>6</item><item>7</item><item>7</item></item></coords><data><item>1</item><item>1</item><item>1</item><item>1</item><item>1</item><item>1</item><item>1</item><item>1</item><item>1</item><item>1</item><item>1</item></data><has_canonical_format>false</has_canonical_format><myClass>coo_array</myClass><myShape><item>83</item><item>8</item></myShape></AS><JHT><coords><item ><item>0</item><item>1</item><item>1</item><item>2</item><item>2</item><item>3</item><item>3</item></item><item ><item>2</item><item>0</item><item>2</item><item>2</item><item>3</item><item>2</item><item>3</item></item><item ><item>4</item><item>5</item><item>6</item><item>2</item><item>7</item><item>7</item><item>3</item></item></coords><data><item>1</item><item>1</item><item>1</item><item>1</item><item>1</item><item>1</item><item>1</item></data><fill_value>0</fill_value><_cache></_cache><myClass>COO</myClass><myShape><item>4</item><item>4</item><item>8</item></myShape></JHT><KHT><coords><item ></item><item ></item><item ></item></coords><data></data><fill_value>0</fill_value><_cache></_cache><myClass>COO</myClass><myShape><item>4</item><item>4</item><item>8</item></myShape></KHT><AHT><coords><item ><item>0</item><item>1</item><item>1</item><item>2</item><item>2</item><item>3</item><item>3</item></item><item ><item>2</item><item>0</item><item>2</item><item>2</item><item>3</item><item>2</item><item>3</item></item><item ><item>4</item><item>5</item><item>6</item><item>2</item><item>7</item><item>7</item><item>3</item></item></coords><data><item>1</item><item>1</item><item>1</item><item>1</item><item>1</item><item>1</item><item>1</item></data><fill_value>0</fill_value><_cache></_cache><myClass>COO</myClass><myShape><item>4</item><item>4</item><item>8</item></myShape></AHT><JHRefT><coords><item ><item>0</item><item>0</item><item>1</item><item>2</item><item>3</item><item>3</item><item>4</item><item>4</item></item><item ><item>2</item><item>3</item><item>2</item><item>0</item><item>1</item><item>1</item><item>2</item><item>3</item></item><item ><item>2</item><item>3</item><item>2</item><item>2</item><item>0</item><item>2</item><item>3</item><item>2</item></item><item ><item>2</item><item>3</item><item>2</item><item>4</item><item>5</item><item>6</item><item>7</item><item>7</item></item></coords><data><item>1</item><item>1</item><item>1</item><item>1</item><item>1</item><item>1</item><item>1</item><item>1</item></data><fill_value>0</fill_value><_cache></_cache><myClass>COO</myClass><myShape><item>5</item><item>4</item><item>4</item><item>8</item></myShape></JHRefT><KHRefT><coords><item ></item><item ></item><item ></item><item ></item></coords><data></data><fill_value>0</fill_value><_cache></_cache><myClass>COO</myClass><myShape><item>5</item><item>4</item><item>4</item><item>8</item></myShape></KHRefT><AHRefT><coords><item ><item>0</item><item>0</item><item>1</item><item>2</item><item>3</item><item>3</item><item>4</item><item>4</item></item><item ><item>2</item><item>3</item><item>2</item><item>0</item><item>1</item><item>1</item><item>2</item><item>3</item></item><item ><item>2</item><item>3</item><item>2</item><item>2</item><item>0</item><item>2</item><item>3</item><item>2</item></item><item ><item>2</item><item>3</item><item>2</item><item>4</item><item>5</item><item>6</item><item>7</item><item>7</item></item></coords><data><item>1</item><item>1</item><item>1</item><item>1</item><item>1</item><item>1</item><item>1</item><item>1</item></data><fill_value>0</fill_value><_cache></_cache><myClass>COO</myClass><myShape><item>5</item><item>4</item><item>4</item><item>8</item></myShape></AHRefT><PS><maxprint>50</maxprint><coords><item ><item>0</item><item>1</item><item>2</item><item>3</item><item>4</item><item>5</item><item>6</item><item>7</item><item>8</item><item>9</item><item>10</item></item><item ><item>0</item><item>84</item><item>168</item><item>179</item><item>195</item><item>267</item><item>369</item><item>470</item><item>555</item><item>659</item><item>662</item></item></coords><data><item>1</item><item>1</item><item>1</item><item>1</item><item>1</item><item>1</item><item>1</item><item>1</item><item>1</item><item>1</item><item>1</item></data><has_canonical_format>true</has_canonical_format><myClass>coo_array</myClass><myShape><item>11</item><item>664</item></myShape></PS><PPS><maxprint>50</maxprint><coords><item ><item>0</item><item>1</item><item>2</item><item>13</item><item>29</item><item>18</item><item>37</item><item>55</item><item>57</item><item>78</item><item>81</item></item><item ><item>0</item><item>1</item><item>2</item><item>3</item><item>4</item><item>5</item><item>6</item><item>7</item><item>8</item><item>9</item><item>10</item></item></coords><data><item>1</item><item>1</item><item>1</item><item>1</item><item>1</item><item>1</item><item>1</item><item>1</item><item>1</item><item>1</item><item>1</item></data><has_canonical_format>true</has_canonical_format><myClass>coo_array</myClass><myShape><item>83</item><item>11</item></myShape></PPS><PRS><maxprint>50</maxprint><coords><item ><item>0</item><item>1</item><item>2</item><item>2</item><item>2</item><item>3</item><item>4</item><item>5</item><item>6</item><item>7</item><item>7</item></item><item ><item>0</item><item>1</item><item>2</item><item>3</item><item>4</item><item>5</item><item>6</item><item>7</item><item>8</item><item>9</item><item>10</item></item></coords><data><item>1</item><item>1</item><item>1</item><item>1</item><item>1</item><item>1</item><item>1</item><item>1</item><item>1</item><item>1</item><item>1</item></data><has_canonical_format>true</has_canonical_format><myClass>coo_array</myClass><myShape><item>8</item><item>11</item></myShape></PRS><ABS><maxprint>50</maxprint><coords><item ><item>0</item><item>2</item><item>2</item><item>2</item><item>2</item><item>3</item><item>3</item></item><item ><item>1</item><item>0</item><item>1</item><item>2</item><item>3</item><item>2</item><item>3</item></item></coords><data><item>1</item><item>1</item><item>1</item><item>1</item><item>1</item><item>1</item><item>1</item></data><has_canonical_format>false</has_canonical_format><myClass>coo_array</myClass><myShape><item>4</item><item>4</item></myShape></ABS><ALBS><coords><item ><item>0</item><item>2</item><item>2</item><item>2</item><item>2</item><item>2</item><item>3</item><item>3</item></item><item ><item>1</item><item>0</item><item>1</item><item>2</item><item>2</item><item>3</item><item>2</item><item>3</item></item><item ><item>3</item><item>2</item><item>3</item><item>0</item><item>1</item><item>4</item><item>4</item><item>0</item></item></coords><data><item>1</item><item>1</item><item>1</item><item>1</item><item>1</item><item>1</item><item>1</item><item>1</item></data><fill_value>0</fill_value><_cache></_cache><myClass>COO</myClass><myShape><item>4</item><item>4</item><item>5</item></myShape></ALBS><DOFMax>664</DOFMax><myClass>SystemConcept</myClass></systemConcept><analytics><MPR4Neg><coords><item ><item>0</item><item>0</item><item>0</item><item>0</item><item>0</item><item>1</item><item>1</item><item>2</item><item>2</item><item>2</item><item>2</item><item>2</item></item><item ><item>0</item><item>1</item><item>1</item><item>2</item><item>2</item><item>0</item><item>2</item><item>2</item><item>2</item><item>2</item><item>3</item><item>3</item></item><item ><item>0</item><item>55</item><item>57</item><item>2</item><item>29</item><item>37</item><item>2</item><item>13</item><item>29</item><item>78</item><item>18</item><item>81</item></item><item ><item>0</item><item>5</item><item>6</item><item>2</item><item>2</item><item>4</item><item>2</item><item>2</item><item>2</item><item>7</item><item>3</item><item>7</item></item></coords><data><item>1</item><item>1</item><item>1</item><item>1</item><item>1</item><item>1</item><item>1</item><item>1</item><item>1</item><item>1</item><item>1</item><item>1</item></data><fill_value>0</fill_value><_cache></_cache><myClass>COO</myClass><myShape><item>3</item><item>4</item><item>83</item><item>8</item></myShape></MPR4Neg><MRho3Neg><coords><item ><item>0</item><item>0</item><item>0</item><item>0</item><item>0</item><item>1</item><item>1</item><item>2</item><item>2</item><item>2</item><item>2</item><item>2</item></item><item ><item>0</item><item>1</item><item>1</item><item>2</item><item>2</item><item>0</item><item>2</item><item>2</item><item>2</item><item>2</item><item>3</item><item>3</item></item><item ><item>0</item><item>7</item><item>8</item><item>2</item><item>4</item><item>6</item><item>2</item><item>3</item><item>4</item><item>9</item><item>5</item><item>10</item></item></coords><data><item>1</item><item>1</item><item>1</item><item>1</item><item>1</item><item>1</item><item>1</item><item>1</item><item>1</item><item>1</item><item>1</item><item>1</item></data><fill_value>0</fill_value><_cache></_cache><myClass>COO</myClass><myShape><item>3</item><item>4</item><item>11</item></myShape></MRho3Neg><MRho2Neg><maxprint>50</maxprint><coords><item ><item>0</item><item>1</item><item>1</item><item>2</item><item>2</item><item>4</item><item>6</item><item>10</item><item>10</item><item>10</item><item>11</item><item>11</item></item><item ><item>0</item><item>7</item><item>8</item><item>2</item><item>4</item><item>6</item><item>2</item><item>3</item><item>4</item><item>9</item><item>5</item><item>10</item></item></coords><data><item>1</item><item>1</item><item>1</item><item>1</item><item>1</item><item>1</item><item>1</item><item>1</item><item>1</item><item>1</item><item>1</item><item>1</item></data><has_canonical_format>false</has_canonical_format><myClass>coo_array</myClass><myShape><item>12</item><item>11</item></myShape></MRho2Neg><MPR4Pos><coords><item ><item>0</item><item>0</item><item>0</item><item>1</item><item>1</item><item>2</item><item>2</item><item>2</item><item>2</item><item>2</item></item><item ><item>0</item><item>1</item><item>2</item><item>0</item><item>2</item><item>2</item><item>2</item><item>2</item><item>3</item><item>3</item></item><item ><item>55</item><item>1</item><item>57</item><item>0</item><item>37</item><item>13</item><item>29</item><item>81</item><item>18</item><item>78</item></item><item ><item>5</item><item>1</item><item>6</item><item>0</item><item>4</item><item>2</item><item>2</item><item>7</item><item>3</item><item>7</item></item></coords><data><item>1</item><item>1</item><item>1</item><item>1</item><item>1</item><item>1</item><item>1</item><item>1</item><item>1</item><item>1</item></data><fill_value>0</fill_value><_cache></_cache><myClass>COO</myClass><myShape><item>3</item><item>4</item><item>83</item><item>8</item></myShape></MPR4Pos><MRho3Pos><coords><item ><item>0</item><item>0</item><item>0</item><item>1</item><item>1</item><item>2</item><item>2</item><item>2</item><item>2</item><item>2</item></item><item ><item>0</item><item>1</item><item>2</item><item>0</item><item>2</item><item>2</item><item>2</item><item>2</item><item>3</item><item>3</item></item><item ><item>7</item><item>1</item><item>8</item><item>0</item><item>6</item><item>3</item><item>4</item><item>10</item><item>5</item><item>9</item></item></coords><data><item>1</item><item>1</item><item>1</item><item>1</item><item>1</item><item>1</item><item>1</item><item>1</item><item>1</item><item>1</item></data><fill_value>0</fill_value><_cache></_cache><myClass>COO</myClass><myShape><item>3</item><item>4</item><item>11</item></myShape></MRho3Pos><MRho2Pos><maxprint>50</maxprint><coords><item ><item>0</item><item>1</item><item>2</item><item>4</item><item>6</item><item>10</item><item>10</item><item>10</item><item>11</item><item>11</item></item><item ><item>7</item><item>1</item><item>8</item><item>0</item><item>6</item><item>3</item><item>4</item><item>10</item><item>5</item><item>9</item></item></coords><data><item>1</item><item>1</item><item>1</item><item>1</item><item>1</item><item>1</item><item>1</item><item>1</item><item>1</item><item>1</item></data><has_canonical_format>false</has_canonical_format><myClass>coo_array</myClass><myShape><item>12</item><item>11</item></myShape></MRho2Pos><MPR4></MPR4><MRho3><coords><item ><item>0</item><item>0</item><item>0</item><item>0</item><item>0</item><item>0</item><item>0</item><item>0</item><item>1</item><item>1</item><item>1</item><item>1</item><item>2</item><item>2</item><item>2</item><item>2</item></item><item ><item>0</item><item>0</item><item>1</item><item>1</item><item>1</item><item>2</item><item>2</item><item>2</item><item>0</item><item>0</item><item>2</item><item>2</item><item>2</item><item>2</item><item>3</item><item>3</item></item><item ><item>0</item><item>7</item><item>1</item><item>7</item><item>8</item><item>2</item><item>4</item><item>8</item><item>0</item><item>6</item><item>2</item><item>6</item><item>9</item><item>10</item><item>9</item><item>10</item></item></coords><data><item>-1</item><item>1</item><item>1</item><item>-1</item><item>-1</item><item>-1</item><item>-1</item><item>1</item><item>1</item><item>-1</item><item>-1</item><item>1</item><item>-1</item><item>1</item><item>1</item><item>-1</item></data><fill_value>0</fill_value><_cache></_cache><myClass>COO</myClass><myShape><item>3</item><item>4</item><item>11</item></myShape></MRho3><MRho2><maxprint>50</maxprint><coords><item ><item>0</item><item>0</item><item>1</item><item>1</item><item>1</item><item>2</item><item>2</item><item>2</item><item>4</item><item>4</item><item>6</item><item>6</item><item>10</item><item>10</item><item>11</item><item>11</item></item><item ><item>0</item><item>7</item><item>1</item><item>7</item><item>8</item><item>2</item><item>4</item><item>8</item><item>0</item><item>6</item><item>2</item><item>6</item><item>9</item><item>10</item><item>9</item><item>10</item></item></coords><data><item>-1</item><item>1</item><item>1</item><item>-1</item><item>-1</item><item>-1</item><item>-1</item><item>1</item><item>1</item><item>-1</item><item>-1</item><item>1</item><item>-1</item><item>1</item><item>1</item><item>-1</item></data><has_canonical_format>false</has_canonical_format><myClass>coo_array</myClass><myShape><item>12</item><item>11</item></myShape></MRho2><ARho><maxprint>50</maxprint><coords><item ><item>0</item><item>1</item><item>1</item><item>3</item><item>3</item><item>3</item><item>4</item><item>4</item><item>4</item><item>5</item><item>5</item><item>6</item><item>7</item><item>8</item><item>8</item><item>9</item><item>9</item><item>10</item><item>10</item><item>10</item></item><item ><item>6</item><item>8</item><item>7</item><item>9</item><item>4</item><item>3</item><item>9</item><item>4</item><item>3</item><item>10</item><item>5</item><item>2</item><item>0</item><item>4</item><item>2</item><item>10</item><item>5</item><item>9</item><item>4</item><item>3</item></item></coords><data><item>1</item><item>1</item><item>1</item><item>1</item><item>1</item><item>1</item><item>1</item><item>1</item><item>1</item><item>1</item><item>1</item><item>1</item><item>1</item><item>1</item><item>1</item><item>1</item><item>1</item><item>1</item><item>1</item><item>1</item></data><has_canonical_format>false</has_canonical_format><myClass>coo_array</myClass><myShape><item>11</item><item>11</item></myShape></ARho><APR><maxprint>50</maxprint><coords><item ><item>0</item><item>84</item><item>84</item><item>179</item><item>179</item><item>179</item><item>195</item><item>195</item><item>195</item><item>267</item><item>267</item><item>369</item><item>470</item><item>555</item><item>555</item><item>659</item><item>659</item><item>662</item><item>662</item><item>662</item></item><item ><item>369</item><item>555</item><item>470</item><item>659</item><item>195</item><item>179</item><item>659</item><item>195</item><item>179</item><item>662</item><item>267</item><item>168</item><item>0</item><item>195</item><item>168</item><item>662</item><item>267</item><item>659</item><item>195</item><item>179</item></item></coords><data><item>1</item><item>1</item><item>1</item><item>1</item><item>1</item><item>1</item><item>1</item><item>1</item><item>1</item><item>1</item><item>1</item><item>1</item><item>1</item><item>1</item><item>1</item><item>1</item><item>1</item><item>1</item><item>1</item><item>1</item></data><has_canonical_format>true</has_canonical_format><myClass>coo_array</myClass><myShape><item>664</item><item>664</item></myShape></APR><APR4><coords><item ><item>0</item><item>1</item><item>1</item><item>13</item><item>13</item><item>13</item><item>18</item><item>18</item><item>29</item><item>29</item><item>29</item><item>37</item><item>55</item><item>57</item><item>57</item><item>78</item><item>78</item><item>81</item><item>81</item><item>81</item></item><item ><item>0</item><item>1</item><item>1</item><item>2</item><item>2</item><item>2</item><item>3</item><item>3</item><item>2</item><item>2</item><item>2</item><item>4</item><item>5</item><item>6</item><item>6</item><item>7</item><item>7</item><item>7</item><item>7</item><item>7</item></item><item ><item>37</item><item>55</item><item>57</item><item>13</item><item>29</item><item>78</item><item>18</item><item>81</item><item>13</item><item>29</item><item>78</item><item>2</item><item>0</item><item>2</item><item>29</item><item>18</item><item>81</item><item>13</item><item>29</item><item>78</item></item><item ><item>4</item><item>5</item><item>6</item><item>2</item><item>2</item><item>7</item><item>3</item><item>7</item><item>2</item><item>2</item><item>7</item><item>2</item><item>0</item><item>2</item><item>2</item><item>3</item><item>7</item><item>2</item><item>2</item><item>7</item></item></coords><data><item>1</item><item>1</item><item>1</item><item>1</item><item>1</item><item>1</item><item>1</item><item>1</item><item>1</item><item>1</item><item>1</item><item>1</item><item>1</item><item>1</item><item>1</item><item>1</item><item>1</item><item>1</item><item>1</item><item>1</item></data><fill_value>0</fill_value><_cache></_cache><myClass>COO</myClass><myShape><item>83</item><item>8</item><item>83</item><item>8</item></myShape></APR4><ARhoSoS></ARhoSoS><AFormal><maxprint>50</maxprint><coords><item ><item>0</item><item>1</item><item>1</item><item>2</item><item>4</item><item>10</item><item>10</item><item>11</item><item>11</item></item><item ><item>4</item><item>2</item><item>0</item><item>10</item><item>6</item><item>11</item><item>10</item><item>10</item><item>11</item></item></coords><data><item>1</item><item>1</item><item>1</item><item>1</item><item>1</item><item>1</item><item>2</item><item>1</item><item>1</item></data><has_canonical_format>false</has_canonical_format><myClass>coo_array</myClass><myShape><item>12</item><item>12</item></myShape></AFormal><AFormalT><coords><item ><item>0</item><item>1</item><item>1</item><item>1</item><item>1</item><item>1</item><item>2</item><item>2</item><item>2</item></item><item ><item>0</item><item>0</item><item>0</item><item>1</item><item>3</item><item>3</item><item>0</item><item>3</item><item>3</item></item><item ><item>1</item><item>0</item><item>2</item><item>0</item><item>1</item><item>2</item><item>1</item><item>1</item><item>2</item></item><item ><item>1</item><item>0</item><item>0</item><item>2</item><item>3</item><item>3</item><item>3</item><item>3</item><item>3</item></item></coords><data><item>1</item><item>1</item><item>1</item><item>1</item><item>2</item><item>1</item><item>1</item><item>1</item><item>1</item></data><fill_value>0</fill_value><_cache></_cache><myClass>COO</myClass><myShape><item>3</item><item>4</item><item>3</item><item>4</item></myShape></AFormalT><ASys><maxprint>50</maxprint><coords><item ><item>0</item><item>0</item><item>0</item><item>0</item><item>1</item><item>1</item><item>1</item><item>1</item><item>5</item><item>5</item><item>6</item><item>6</item><item>8</item><item>8</item><item>9</item><item>9</item><item>0</item><item>1</item><item>1</item><item>2</item><item>3</item><item>4</item><item>5</item><item>6</item><item>7</item><item>8</item><item>9</item><item>9</item><item>10</item><item>10</item><item>12</item><item>19</item><item>18</item><item>11</item><item>13</item><item>15</item><item>11</item><item>17</item><item>13</item><item>15</item><item>16</item><item>14</item><item>21</item><item>20</item><item>11</item><item>12</item><item>12</item><item>14</item><item>14</item><item>14</item><item>15</item><item>15</item><item>15</item><item>16</item><item>16</item><item>17</item><item>18</item><item>19</item><item>19</item><item>20</item><item>20</item><item>21</item><item>21</item><item>21</item><item>11</item><item>12</item><item>13</item><item>14</item><item>15</item><item>16</item><item>17</item><item>18</item><item>19</item><item>20</item><item>21</item><item>22</item><item>22</item><item>22</item><item>24</item><item>24</item><item>24</item><item>23</item><item>23</item><item>24</item><item>24</item><item>23</item><item>22</item><item>23</item><item>24</item><item>22</item><item>23</item><item>24</item><item>22</item><item>23</item><item>24</item></item><item ><item>4</item><item>3</item><item>2</item><item>1</item><item>4</item><item>3</item><item>2</item><item>1</item><item>7</item><item>6</item><item>7</item><item>6</item><item>10</item><item>9</item><item>10</item><item>9</item><item>12</item><item>19</item><item>18</item><item>11</item><item>13</item><item>15</item><item>11</item><item>17</item><item>13</item><item>15</item><item>16</item><item>14</item><item>21</item><item>20</item><item>0</item><item>1</item><item>1</item><item>2</item><item>3</item><item>4</item><item>5</item><item>6</item><item>7</item><item>8</item><item>9</item><item>9</item><item>10</item><item>10</item><item>17</item><item>19</item><item>18</item><item>20</item><item>15</item><item>14</item><item>20</item><item>15</item><item>14</item><item>21</item><item>16</item><item>13</item><item>11</item><item>15</item><item>13</item><item>21</item><item>16</item><item>20</item><item>15</item><item>14</item><item>22</item><item>22</item><item>22</item><item>24</item><item>24</item><item>24</item><item>23</item><item>23</item><item>24</item><item>24</item><item>23</item><item>11</item><item>12</item><item>13</item><item>14</item><item>15</item><item>16</item><item>17</item><item>18</item><item>19</item><item>20</item><item>21</item><item>22</item><item>22</item><item>22</item><item>23</item><item>23</item><item>23</item><item>24</item><item>24</item><item>24</item></item></coords><data><item>1.0</item><item>1.0</item><item>1.0</item><item>1.0</item><item>1.0</item><item>1.0</item><item>1.0</item><item>1.0</item><item>1.0</item><item>1.0</item><item>1.0</item><item>1.0</item><item>1.0</item><item>1.0</item><item>1.0</item><item>1.0</item><item>1.0</item><item>1.0</item><item>1.0</item><item>1.0</item><item>1.0</item><item>1.0</item><item>1.0</item><item>1.0</item><item>1.0</item><item>1.0</item><item>1.0</item><item>1.0</item><item>1.0</item><item>1.0</item><item>1.0</item><item>1.0</item><item>1.0</item><item>1.0</item><item>1.0</item><item>1.0</item><item>1.0</item><item>1.0</item><item>1.0</item><item>1.0</item><item>1.0</item><item>1.0</item><item>1.0</item><item>1.0</item><item>1.0</item><item>1.0</item><item>1.0</item><item>1.0</item><item>1.0</item><item>1.0</item><item>1.0</item><item>1.0</item><item>1.0</item><item>1.0</item><item>1.0</item><item>1.0</item><item>1.0</item><item>1.0</item><item>1.0</item><item>1.0</item><item>1.0</item><item>1.0</item><item>1.0</item><item>1.0</item><item>1.0</item><item>1.0</item><item>1.0</item><item>1.0</item><item>1.0</item><item>1.0</item><item>1.0</item><item>1.0</item><item>1.0</item><item>1.0</item><item>1.0</item><item>1.0</item><item>1.0</item><item>1.0</item><item>1.0</item><item>1.0</item><item>1.0</item><item>1.0</item><item>1.0</item><item>1.0</item><item>1.0</item><item>1.0</item><item>1.0</item><item>1.0</item><item>1.0</item><item>1.0</item><item>1.0</item><item>1.0</item><item>1.0</item><item>1.0</item><item>1.0</item></data><has_canonical_format>false</has_canonical_format><myClass>coo_array</myClass><myShape><item>25</item><item>25</item></myShape></ASys><myClass>Analytics</myClass></analytics><myClass>LFES</myClass></myLFES>