{"name": ["Simulation 3"], "scenario": ["base"], "refArchitecture": ["Lake-Land System"], "dataState": ["final"], "version": ["4.0"], "runCode": "2025-04-15-NoGit", "verboseMode": ["true"], "analyzeSoS": false, "inputDataFormat": ["default"], "inputFilePath": "0_Input_Data/XMLs/Simulation 3-Default-Base-2.xml", "outputFileType": ["hdf5"], "outputDirectory": "1_Output_Data", "outputDataFormat": ["full"], "operand": {"idx": [0, 1], "operandName": ["water", "nitrogen"], "operandNet": [{"myClass": "GenericClass"}, {"myClass": "GenericClass"}], "number": 2, "sosType": [], "operandType": ["matter", "matter"], "AL": {"maxprint": 50, "coords": [[], []], "data": [], "has_canonical_format": false, "myClass": "coo_array", "myShape": [0, 0]}, "ALrho": {"maxprint": 50, "coords": [[], []], "data": [], "has_canonical_format": false, "myClass": "coo_array", "myShape": [0, 0]}, "myClass": "Operand"}, "sosService": {"idx": [], "operandName": [], "operandNet": [], "number": [], "sosType": [], "operandType": [], "AL": [], "ALrho": [], "myClass": "Operand"}, "transformationResource": {"name": ["Lake 1", "Lake 2", "Lake 3", "Land 1", "Land 2", "Land 3"], "idx": [0, 1, 2, 3, 4, 5], "number": 6, "status": [true, true, true, true, true, true], "idxResource": [0, 1, 2, 3, 4, 5], "decisionMaker": ["", "", "", "", "", ""], "autonomous": [true, true, true, true, true, true], "idxBuffer": [0, 1, 2, 3, 4, 5], "gpsX": [0.0, 1.0, 2.0, 1.0, 1.0, 1.0], "gpsY": [0.0, 0.0, 0.0, 1.0, 1.0, 1.0], "transformationResourceName": ["Lake 1", "Lake 2", "Lake 3", "Land 1", "Land 2", "Land 3"], "transformProcess": [{"name": ["accept water", "mix lakewater"], "idx": [0, 1], "idxProcess": [], "status": [true, true], "inputOperand": ["", "water,nitrogen"], "inputOperandWeight": [[], [1.0, 1.0]], "outputOperand": ["water", "water,nitrogen"], "outputOperandWeight": [[1.0], [1.0, 1.0]], "MLPNeg": [], "MLPPos": [], "number": 2, "numberMax": 2, "resistance": ["1000", ""], "QEinitCond": ["", ""], "costCoeffQE": ["0", "0"], "CUMinus": ["rainfall", ""], "hasQEinitCond": ["false", "false"], "hasResistance": ["false", "false"], "UEMinusMax": ["", ""], "resistanceUnits": ["s/m^3", "s/m^3"], "hasQEfinalCond": ["false", "false"], "QEfinalCond": ["", ""], "duration": ["", ""], "hasUEMinusCapacityConstraint": ["false", "false"], "hasUEMinusExoConstraint": ["true", "false"], "hasQECapacityConstraint": ["false", "false"], "QEmax": ["", ""], "hasUEPlusCapacityConstraint": ["false", "false"], "UEPlusMax": ["", ""], "hasUEPlusExoConstraint": ["false", "false"], "CUPlus": ["", ""], "myClass": "TransformProcess"}, {"name": ["accept water", "mix lakewater"], "idx": [0, 1], "idxProcess": [], "status": [true, true], "inputOperand": ["", "water,nitrogen"], "inputOperandWeight": [[], [1.0, 1.0]], "outputOperand": ["water", "water,nitrogen"], "outputOperandWeight": [[1.0], [1.0, 1.0]], "MLPNeg": [], "MLPPos": [], "number": 2, "numberMax": 2, "resistance": ["2000", ""], "QEinitCond": ["", ""], "costCoeffQE": ["0", "0"], "CUMinus": ["rainfall", ""], "hasQEinitCond": ["false", "false"], "hasResistance": ["false", "false"], "UEMinusMax": ["", ""], "resistanceUnits": ["s/m^3", "s/m^3"], "hasQEfinalCond": ["false", "false"], "QEfinalCond": ["", ""], "duration": ["", ""], "hasUEMinusCapacityConstraint": ["false", "false"], "hasUEMinusExoConstraint": ["true", "false"], "hasQECapacityConstraint": ["false", "false"], "QEmax": ["", ""], "hasUEPlusCapacityConstraint": ["false", "false"], "UEPlusMax": ["", ""], "hasUEPlusExoConstraint": ["false", "false"], "CUPlus": ["", ""], "myClass": "TransformProcess"}, {"name": ["accept water", "mix lakewater"], "idx": [0, 1], "idxProcess": [], "status": [true, true], "inputOperand": ["", "water,nitrogen"], "inputOperandWeight": [[], [1.0, 1.0]], "outputOperand": ["water", "water,nitrogen"], "outputOperandWeight": [[1.0], [1.0, 1.0]], "MLPNeg": [], "MLPPos": [], "number": 2, "numberMax": 2, "resistance": ["3000", ""], "QEinitCond": ["", ""], "costCoeffQE": ["0", "0"], "CUMinus": ["rainfall", ""], "hasQEinitCond": ["false", "false"], "hasResistance": ["false", "false"], "UEMinusMax": ["", ""], "resistanceUnits": ["s/m^3", "s/m^3"], "hasQEfinalCond": ["false", "false"], "QEfinalCond": ["", ""], "duration": ["", ""], "hasUEMinusCapacityConstraint": ["false", "false"], "hasUEMinusExoConstraint": ["true", "false"], "hasQECapacityConstraint": ["false", "false"], "QEmax": ["", ""], "hasUEPlusCapacityConstraint": ["false", "false"], "UEPlusMax": ["", ""], "hasUEPlusExoConstraint": ["false", "false"], "CUPlus": ["", ""], "myClass": "TransformProcess"}, {"name": ["accept water", "accept nitrogen", "mix runoff"], "idx": [0, 2, 3], "idxProcess": [], "status": [true, true, true], "inputOperand": ["", "", "water,nitrogen"], "inputOperandWeight": [[], [], [1.0, 1.0]], "outputOperand": ["water", "nitrogen", "water,nitrogen"], "outputOperandWeight": [[1.0], [1.0], [1.0, 1.0]], "MLPNeg": [], "MLPPos": [], "number": 3, "numberMax": 3, "resistance": ["4000", "4001", ""], "QEinitCond": ["", "", ""], "costCoeffQE": ["0", "0", "0"], "CUMinus": ["rainfall", "fertilizer1", ""], "hasQEinitCond": ["false", "false", "false"], "hasResistance": ["false", "false", "false"], "UEMinusMax": ["", "", ""], "resistanceUnits": ["s/m^3", "s/m^3", "s/m^3"], "hasQEfinalCond": ["false", "false", "false"], "QEfinalCond": ["", "", ""], "duration": ["", "", ""], "hasUEMinusCapacityConstraint": ["false", "false", "false"], "hasUEMinusExoConstraint": ["true", "true", "false"], "hasQECapacityConstraint": ["false", "false", "false"], "QEmax": ["", "", ""], "hasUEPlusCapacityConstraint": ["false", "false", "false"], "UEPlusMax": ["", "", ""], "hasUEPlusExoConstraint": ["false", "false", "false"], "CUPlus": ["", "", ""], "myClass": "TransformProcess"}, {"name": ["accept water", "accept nitrogen", "mix runoff"], "idx": [0, 2, 3], "idxProcess": [], "status": [true, true, true], "inputOperand": ["", "", "water,nitrogen"], "inputOperandWeight": [[], [], [1.0, 1.0]], "outputOperand": ["water", "nitrogen", "water,nitrogen"], "outputOperandWeight": [[1.0], [1.0], [1.0, 1.0]], "MLPNeg": [], "MLPPos": [], "number": 3, "numberMax": 3, "resistance": ["5000", "5001", ""], "QEinitCond": ["", "", ""], "costCoeffQE": ["0", "0", "0"], "CUMinus": ["rainfall", "fertilizer2", ""], "hasQEinitCond": ["false", "false", "false"], "hasResistance": ["false", "false", "false"], "UEMinusMax": ["", "", ""], "resistanceUnits": ["s/m^3", "s/m^3", "s/m^3"], "hasQEfinalCond": ["false", "false", "false"], "QEfinalCond": ["", "", ""], "duration": ["", "", ""], "hasUEMinusCapacityConstraint": ["false", "false", "false"], "hasUEMinusExoConstraint": ["true", "true", "false"], "hasQECapacityConstraint": ["false", "false", "false"], "QEmax": ["", "", ""], "hasUEPlusCapacityConstraint": ["false", "false", "false"], "UEPlusMax": ["", "", ""], "hasUEPlusExoConstraint": ["false", "false", "false"], "CUPlus": ["", "", ""], "myClass": "TransformProcess"}, {"name": ["accept water", "accept nitrogen", "mix runoff"], "idx": [0, 2, 3], "idxProcess": [], "status": [true, true, true], "inputOperand": ["", "", "water,nitrogen"], "inputOperandWeight": [[], [], [1.0, 1.0]], "outputOperand": ["water", "nitrogen", "water,nitrogen"], "outputOperandWeight": [[1.0], [1.0], [1.0, 1.0]], "MLPNeg": [], "MLPPos": [], "number": 3, "numberMax": 3, "resistance": ["6000", "6001", ""], "QEinitCond": ["", "", ""], "costCoeffQE": ["0", "0", "0"], "CUMinus": ["rainfall", "fertilizer3", ""], "hasQEinitCond": ["false", "false", "false"], "hasResistance": ["false", "false", "false"], "UEMinusMax": ["", "", ""], "resistanceUnits": ["s/m^3", "s/m^3", "s/m^3"], "hasQEfinalCond": ["false", "false", "false"], "QEfinalCond": ["", "", ""], "duration": ["", "", ""], "hasUEMinusCapacityConstraint": ["false", "false", "false"], "hasUEMinusExoConstraint": ["true", "true", "false"], "hasQECapacityConstraint": ["false", "false", "false"], "QEmax": ["", "", ""], "hasUEPlusCapacityConstraint": ["false", "false", "false"], "UEPlusMax": ["", "", ""], "hasUEPlusExoConstraint": ["false", "false", "false"], "CUPlus": ["", "", ""], "myClass": "TransformProcess"}], "transportProcess": [{"name": [], "idx": [], "idxProcess": [], "status": [], "inputOperand": [], "inputOperandWeight": [], "outputOperand": [], "outputOperandWeight": [], "MLPNeg": [], "MLPPos": [], "number": 0, "numberMax": 64, "origin": [], "destination": [], "ref": [], "nameRef": [], "idxOrigin": [], "idxDestination": [], "idxHolding": [], "idxTransport": [], "numberRefMax": 128, "numberRef": 0, "myClass": "TransportProcess"}, {"name": [], "idx": [], "idxProcess": [], "status": [], "inputOperand": [], "inputOperandWeight": [], "outputOperand": [], "outputOperandWeight": [], "MLPNeg": [], "MLPPos": [], "number": 0, "numberMax": 64, "origin": [], "destination": [], "ref": [], "nameRef": [], "idxOrigin": [], "idxDestination": [], "idxHolding": [], "idxTransport": [], "numberRefMax": 128, "numberRef": 0, "myClass": "TransportProcess"}, {"name": [], "idx": [], "idxProcess": [], "status": [], "inputOperand": [], "inputOperandWeight": [], "outputOperand": [], "outputOperandWeight": [], "MLPNeg": [], "MLPPos": [], "number": 0, "numberMax": 64, "origin": [], "destination": [], "ref": [], "nameRef": [], "idxOrigin": [], "idxDestination": [], "idxHolding": [], "idxTransport": [], "numberRefMax": 128, "numberRef": 0, "myClass": "TransportProcess"}, {"name": ["transport f. Land 1 t. Lake 1", "transport f. Land 1 t. Lake 1"], "idx": [24, 88], "idxProcess": [], "status": [true, true], "inputOperand": ["water", "nitrogen"], "inputOperandWeight": [[1.0], [1.0]], "outputOperand": ["water", "nitrogen"], "outputOperandWeight": [[1.0], [1.0]], "MLPNeg": [], "MLPPos": [], "number": 2, "numberMax": 64, "origin": ["Land 1", "Land 1"], "destination": ["Lake 1", "Lake 1"], "ref": ["water", "nitrogen"], "nameRef": ["transport f. land 1 t. lake 1 while water", "transport f. land 1 t. lake 1 while nitrogen"], "idxOrigin": [3, 3], "idxDestination": [0, 0], "idxHolding": [0, 1], "idxTransport": [24, 24], "numberRefMax": 128, "resistance": ["20000000", ""], "QEinitCond": ["", ""], "costCoeffQE": ["0", "0"], "CUMinus": ["", ""], "hasQEinitCond": ["false", "false"], "hasResistance": ["true", "false"], "UEMinusMax": ["", ""], "resistanceUnits": ["s/m^3", "s/m^3"], "hasQEfinalCond": ["false", "false"], "QEfinalCond": ["", ""], "duration": ["", ""], "hasUEMinusCapacityConstraint": ["false", "false"], "hasUEMinusExoConstraint": ["false", "false"], "hasQECapacityConstraint": ["false", "false"], "QEmax": ["", ""], "hasUEPlusCapacityConstraint": ["false", "false"], "UEPlusMax": ["", ""], "hasUEPlusExoConstraint": ["false", "false"], "CUPlus": ["", ""], "numberRef": 2, "myClass": "TransportProcess"}, {"name": ["transport f. Land 2 t. Lake 2", "transport f. Land 2 t. Lake 2"], "idx": [33, 97], "idxProcess": [], "status": [true, true], "inputOperand": ["water", "nitrogen"], "inputOperandWeight": [[1.0], [1.0]], "outputOperand": ["water", "nitrogen"], "outputOperandWeight": [[1.0], [1.0]], "MLPNeg": [], "MLPPos": [], "number": 2, "numberMax": 64, "origin": ["Land 2", "Land 2"], "destination": ["Lake 2", "Lake 2"], "ref": ["water", "nitrogen"], "nameRef": ["transport f. land 2 t. lake 2 while water", "transport f. land 2 t. lake 2 while nitrogen"], "idxOrigin": [4, 4], "idxDestination": [1, 1], "idxHolding": [0, 1], "idxTransport": [33, 33], "numberRefMax": 128, "resistance": ["18000000", ""], "QEinitCond": ["", ""], "costCoeffQE": ["0", "0"], "CUMinus": ["", ""], "hasQEinitCond": ["false", "false"], "hasResistance": ["true", "false"], "UEMinusMax": ["", ""], "resistanceUnits": ["s/m^3", "s/m^3"], "hasQEfinalCond": ["false", "false"], "QEfinalCond": ["", ""], "duration": ["", ""], "hasUEMinusCapacityConstraint": ["false", "false"], "hasUEMinusExoConstraint": ["false", "false"], "hasQECapacityConstraint": ["false", "false"], "QEmax": ["", ""], "hasUEPlusCapacityConstraint": ["false", "false"], "UEPlusMax": ["", ""], "hasUEPlusExoConstraint": ["false", "false"], "CUPlus": ["", ""], "numberRef": 2, "myClass": "TransportProcess"}, {"name": ["transport f. Land 3 t. Lake 3", "transport f. Land 3 t. Lake 3"], "idx": [42, 106], "idxProcess": [], "status": [true, true], "inputOperand": ["water", "nitrogen"], "inputOperandWeight": [[1.0], [1.0]], "outputOperand": ["water", "nitrogen"], "outputOperandWeight": [[1.0], [1.0]], "MLPNeg": [], "MLPPos": [], "number": 2, "numberMax": 64, "origin": ["Land 3", "Land 3"], "destination": ["Lake 3", "Lake 3"], "ref": ["water", "nitrogen"], "nameRef": ["transport f. land 3 t. lake 3 while water", "transport f. land 3 t. lake 3 while nitrogen"], "idxOrigin": [5, 5], "idxDestination": [2, 2], "idxHolding": [0, 1], "idxTransport": [42, 42], "numberRefMax": 128, "resistance": ["15000000", ""], "QEinitCond": ["", ""], "costCoeffQE": ["0", "0"], "CUMinus": ["", ""], "hasQEinitCond": ["false", "false"], "hasResistance": ["true", "false"], "UEMinusMax": ["", ""], "resistanceUnits": ["s/m^3", "s/m^3"], "hasQEfinalCond": ["false", "false"], "QEfinalCond": ["", ""], "duration": ["", ""], "hasUEMinusCapacityConstraint": ["false", "false"], "hasUEMinusExoConstraint": ["false", "false"], "hasQECapacityConstraint": ["false", "false"], "QEmax": ["", ""], "hasUEPlusCapacityConstraint": ["false", "false"], "UEPlusMax": ["", ""], "hasUEPlusExoConstraint": ["false", "false"], "CUPlus": ["", ""], "numberRef": 2, "myClass": "TransportProcess"}], "QBinitCond_2": ["3750000", "4800000", "6000000", "300000", "450000", "432000"], "elevation_2": ["200", "180", "140", "300", "280", "260"], "elevationUnits": ["m", "m", "m", "m", "m", "m"], "areaUnits": ["m^2", "m^2", "m^2", "m^2", "m^2", "m^2"], "costCoeffQB_2": ["0", "0", "0", "0", "0", "0"], "QBmax_2": ["10000000", "10000000", "10000000", "10000000", "10000000", "10000000"], "hasQBfinalCond_1": ["false", "false", "false", "false", "false", "false"], "QBfinalCond_2": ["", "", "", "", "", ""], "QBminFlow_2": ["150", "150", "150", "150", "150", "150"], "hasQBCapacityConstraint_2": ["false", "false", "false", "false", "false", "false"], "elevation_1": ["200", "180", "140", "300", "280", "260"], "costCoeffQB_1": ["0", "0", "0", "0", "0", "0"], "area_2": ["3000000", "4000000", "5000000", "1000000", "1500000", "800000"], "QBinitCond_1": ["15000000", "24000000", "40000000", "50000", "60000", "300000"], "hasQBinitCond_2": ["true", "true", "true", "true", "true", "true"], "QBunits": ["m^3", "m^3", "m^3", "m^3", "m^3", "m^3"], "controller": ["", "", "", "", "", ""], "QBfinalCond_1": ["", "", "", "", "", ""], "hasQBCapacityConstraint_1": ["false", "false", "false", "false", "false", "false"], "area_1": ["3000000", "4000000", "5000000", "1000000", "1500000", "800000"], "hasQBfinalCond_2": ["false", "false", "false", "false", "false", "false"], "QBminFlow_1": ["5000000", "8000000", "15000000", "100", "100", "100"], "hasQBinitCond_1": ["true", "true", "true", "true", "true", "true"], "QBmax_1": ["10000000", "10000000", "10000000", "10000000", "10000000", "10000000"], "myClass": "TransformationResource"}, "independentBuffer": {"name": ["Point 1", "Point 2"], "idx": [0, 1], "number": 2, "status": [true, true], "idxResource": [6, 7], "decisionMaker": ["", ""], "autonomous": [true, true], "idxBuffer": [6, 7], "gpsX": [1.0, 1.0], "gpsY": [0.0, 0.0], "independentBufferName": ["Point 1", "Point 2"], "transportProcess": [{"name": [], "idx": [], "idxProcess": [], "status": [], "inputOperand": [], "inputOperandWeight": [], "outputOperand": [], "outputOperandWeight": [], "MLPNeg": [], "MLPPos": [], "number": 0, "numberMax": 64, "origin": [], "destination": [], "ref": [], "nameRef": [], "idxOrigin": [], "idxDestination": [], "idxHolding": [], "idxTransport": [], "numberRefMax": 128, "numberRef": 0, "myClass": "TransportProcess"}, {"name": [], "idx": [], "idxProcess": [], "status": [], "inputOperand": [], "inputOperandWeight": [], "outputOperand": [], "outputOperandWeight": [], "MLPNeg": [], "MLPPos": [], "number": 0, "numberMax": 64, "origin": [], "destination": [], "ref": [], "nameRef": [], "idxOrigin": [], "idxDestination": [], "idxHolding": [], "idxTransport": [], "numberRefMax": 128, "numberRef": 0, "myClass": "TransportProcess"}], "QBinitCond_2": ["450", "350"], "elevation_2": ["160", "100"], "elevationUnits": ["m", "m"], "areaUnits": ["m^2", "m^2"], "costCoeffQB_2": ["0", "0"], "QBmax_2": ["0", "0"], "hasQBfinalCond_1": ["false", "false"], "QBfinalCond_2": ["", ""], "QBminFlow_2": ["0", "0"], "hasQBCapacityConstraint_2": ["false", "false"], "elevation_1": ["160", "100"], "costCoeffQB_1": ["0", "0"], "area_2": ["500", "500"], "QBinitCond_1": ["10000", "10000"], "hasQBinitCond_2": ["true", "true"], "QBunits": ["m^3", "m^3"], "controller": ["", ""], "QBfinalCond_1": ["", ""], "hasQBCapacityConstraint_1": ["false", "false"], "area_1": ["500", "500"], "hasQBfinalCond_2": ["false", "false"], "QBminFlow_1": ["100", "100"], "hasQBinitCond_1": ["true", "true"], "QBmax_1": ["0", "0"], "myClass": "IndependentBuffer"}, "transportationResource": {"name": ["River Segment 1", "River Segment 2", "River Segment 3", "River Segment 4"], "idx": [0, 1, 2, 3], "number": 4, "status": [true, true, true, true], "idxResource": [8, 9, 10, 11], "decisionMaker": ["", "", "", ""], "autonomous": [true, true, true, true], "transportationResourceName": ["River Segment 1", "River Segment 2", "River Segment 3", "River Segment 4"], "transportProcess": [{"name": ["transport f. Lake 1 t. Point 1", "transport f. Lake 1 t. Point 1"], "idx": [6, 70], "idxProcess": [], "status": [true, true], "inputOperand": ["water", "nitrogen"], "inputOperandWeight": [[1.0], [1.0]], "outputOperand": ["water", "nitrogen"], "outputOperandWeight": [[1.0], [1.0]], "MLPNeg": [], "MLPPos": [], "number": 2, "numberMax": 64, "origin": ["Lake 1", "Lake 1"], "destination": ["Point 1", "Point 1"], "ref": ["water", "nitrogen"], "nameRef": ["transport f. lake 1 t. point 1 while water", "transport f. lake 1 t. point 1 while nitrogen"], "idxOrigin": [0, 0], "idxDestination": [6, 6], "idxHolding": [0, 1], "idxTransport": [6, 6], "numberRefMax": 128, "resistance": ["480000000", ""], "QEinitCond": ["", ""], "costCoeffQE": ["0", "0"], "CUMinus": ["", ""], "hasQEinitCond": ["false", "false"], "hasResistance": ["true", "false"], "UEMinusMax": ["", ""], "resistanceUnits": ["s/m^3", "s/m^3"], "hasQEfinalCond": ["false", "false"], "QEfinalCond": ["", ""], "duration": ["", ""], "hasUEMinusCapacityConstraint": ["false", "false"], "hasUEMinusExoConstraint": ["false", "false"], "hasQECapacityConstraint": ["false", "false"], "QEmax": ["", ""], "hasUEPlusCapacityConstraint": ["false", "false"], "UEPlusMax": ["", ""], "hasUEPlusExoConstraint": ["false", "false"], "CUPlus": ["", ""], "numberRef": 2, "myClass": "TransportProcess"}, {"name": ["transport f. Lake 2 t. Point 1", "transport f. Lake 2 t. Point 1"], "idx": [14, 78], "idxProcess": [], "status": [true, true], "inputOperand": ["water", "nitrogen"], "inputOperandWeight": [[1.0], [1.0]], "outputOperand": ["water", "nitrogen"], "outputOperandWeight": [[1.0], [1.0]], "MLPNeg": [], "MLPPos": [], "number": 2, "numberMax": 64, "origin": ["Lake 2", "Lake 2"], "destination": ["Point 1", "Point 1"], "ref": ["water", "nitrogen"], "nameRef": ["transport f. lake 2 t. point 1 while water", "transport f. lake 2 t. point 1 while nitrogen"], "idxOrigin": [1, 1], "idxDestination": [6, 6], "idxHolding": [0, 1], "idxTransport": [14, 14], "numberRefMax": 128, "resistance": ["190000000", ""], "QEinitCond": ["", ""], "costCoeffQE": ["0", "0"], "CUMinus": ["", ""], "hasQEinitCond": ["false", "false"], "hasResistance": ["true", "false"], "UEMinusMax": ["", ""], "resistanceUnits": ["s/m^3", "s/m^3"], "hasQEfinalCond": ["false", "false"], "QEfinalCond": ["", ""], "duration": ["", ""], "hasUEMinusCapacityConstraint": ["false", "false"], "hasUEMinusExoConstraint": ["false", "false"], "hasQECapacityConstraint": ["false", "false"], "QEmax": ["", ""], "hasUEPlusCapacityConstraint": ["false", "false"], "UEPlusMax": ["", ""], "hasUEPlusExoConstraint": ["false", "false"], "CUPlus": ["", ""], "numberRef": 2, "myClass": "TransportProcess"}, {"name": ["transport f. Point 1 t. Lake 3", "transport f. Point 1 t. Lake 3"], "idx": [50, 114], "idxProcess": [], "status": [true, true], "inputOperand": ["water", "nitrogen"], "inputOperandWeight": [[1.0], [1.0]], "outputOperand": ["water", "nitrogen"], "outputOperandWeight": [[1.0], [1.0]], "MLPNeg": [], "MLPPos": [], "number": 2, "numberMax": 64, "origin": ["Point 1", "Point 1"], "destination": ["Lake 3", "Lake 3"], "ref": ["water", "nitrogen"], "nameRef": ["transport f. point 1 t. lake 3 while water", "transport f. point 1 t. lake 3 while nitrogen"], "idxOrigin": [6, 6], "idxDestination": [2, 2], "idxHolding": [0, 1], "idxTransport": [50, 50], "numberRefMax": 128, "resistance": ["500000000", ""], "QEinitCond": ["", ""], "costCoeffQE": ["0", "0"], "CUMinus": ["rainfall", ""], "hasQEinitCond": ["false", "false"], "hasResistance": ["true", "false"], "UEMinusMax": ["", ""], "resistanceUnits": ["s/m^3", "s/m^3"], "hasQEfinalCond": ["false", "false"], "QEfinalCond": ["", ""], "duration": ["", ""], "hasUEMinusCapacityConstraint": ["false", "false"], "hasUEMinusExoConstraint": ["false", "false"], "hasQECapacityConstraint": ["false", "false"], "QEmax": ["", ""], "hasUEPlusCapacityConstraint": ["false", "false"], "UEPlusMax": ["", ""], "hasUEPlusExoConstraint": ["false", "false"], "CUPlus": ["", ""], "numberRef": 2, "myClass": "TransportProcess"}, {"name": ["transport f. Lake 3 t. Point 2", "transport f. Lake 3 t. Point 2"], "idx": [23, 87], "idxProcess": [], "status": [true, true], "inputOperand": ["water", "nitrogen"], "inputOperandWeight": [[1.0], [1.0]], "outputOperand": ["water", "nitrogen"], "outputOperandWeight": [[1.0], [1.0]], "MLPNeg": [], "MLPPos": [], "number": 2, "numberMax": 64, "origin": ["Lake 3", "Lake 3"], "destination": ["Point 2", "Point 2"], "ref": ["water", "nitrogen"], "nameRef": ["transport f. lake 3 t. point 2 while water", "transport f. lake 3 t. point 2 while nitrogen"], "idxOrigin": [2, 2], "idxDestination": [7, 7], "idxHolding": [0, 1], "idxTransport": [23, 23], "numberRefMax": 128, "resistance": ["480000000", ""], "QEinitCond": ["", ""], "costCoeffQE": ["0", "0"], "CUMinus": ["", ""], "hasQEinitCond": ["false", "false"], "hasResistance": ["true", "false"], "UEMinusMax": ["", ""], "resistanceUnits": ["s/m^3", "s/m^3"], "hasQEfinalCond": ["false", "false"], "QEfinalCond": ["", ""], "duration": ["", ""], "hasUEMinusCapacityConstraint": ["false", "false"], "hasUEMinusExoConstraint": ["false", "false"], "hasQECapacityConstraint": ["false", "false"], "QEmax": ["", ""], "hasUEPlusCapacityConstraint": ["false", "false"], "UEPlusMax": ["", ""], "hasUEPlusExoConstraint": ["false", "false"], "CUPlus": ["", ""], "numberRef": 2, "myClass": "TransportProcess"}], "myClass": "TransportationResource"}, "buffer": {"name": ["Lake 1", "Lake 2", "Lake 3", "Land 1", "Land 2", "Land 3", "Point 1", "Point 2"], "idx": [0, 1, 2, 3, 4, 5, 6, 7], "number": 8, "status": [true, true, true, true, true, true, true, true], "idxResource": [0, 1, 2, 3, 4, 5, 6, 7], "decisionMaker": ["", "", "", "", "", "", "", ""], "autonomous": [true, true, true, true, true, true, true, true], "idxBuffer": [0, 1, 2, 3, 4, 5, 6, 7], "gpsX": [0.0, 1.0, 2.0, 1.0, 1.0, 1.0, 1.0, 1.0], "gpsY": [0.0, 0.0, 0.0, 1.0, 1.0, 1.0, 0.0, 0.0], "myClass": "Buffer"}, "physicalResource": {"name": ["Lake 1", "Lake 2", "Lake 3", "Land 1", "Land 2", "Land 3", "Point 1", "Point 2", "River Segment 1", "River Segment 2", "River Segment 3", "River Segment 4"], "idx": [0, 1, 2, 3, 4, 5, 6, 7, 8, 9, 10, 11], "number": 12, "status": [true, true, true, true, true, true, true, true, true, true, true, true], "idxResource": [0, 1, 2, 3, 4, 5, 6, 7, 8, 9, 10, 11], "decisionMaker": ["", "", "", "", "", "", "", "", "", "", "", ""], "autonomous": [true, true, true, true, true, true, true, true, true, true, true, true], "myClass": "PhysicalResource"}, "decisionMaker": {"name": [], "idx": [], "number": 0, "status": [], "peerRecipient": [], "A_DD": {"maxprint": 50, "coords": [[], []], "data": [], "has_canonical_format": true, "myClass": "coo_array", "myShape": [0, 0]}, "A_RD": {"maxprint": 50, "coords": [[], []], "data": [], "has_canonical_format": false, "myClass": "coo_array", "myShape": [12, 0]}, "ARhoD": {"maxprint": 50, "coords": [[], []], "data": [], "has_canonical_format": false, "myClass": "coo_array", "myShape": [29, 0]}, "myClass": "DecisionMaker"}, "transformProcess": {"name": ["accept water", "mix lakewater", "accept nitrogen", "mix runoff"], "idx": [0, 1, 2, 3], "idxProcess": [0, 1, 2, 3], "status": [true, true, true, true], "inputOperand": ["", "water,nitrogen", "", "water,nitrogen"], "inputOperandWeight": [[], [1.0, 1.0], [], [1.0, 1.0]], "outputOperand": ["water", "water,nitrogen", "nitrogen", "water,nitrogen"], "outputOperandWeight": [[1.0], [1.0, 1.0], [1.0], [1.0, 1.0]], "MLPNeg": {"maxprint": 50, "coords": [[0, 1, 0, 1], [1, 1, 3, 3]], "data": [1.0, 1.0, 1.0, 1.0], "has_canonical_format": true, "myClass": "coo_array", "myShape": [2, 4]}, "MLPPos": {"maxprint": 50, "coords": [[0, 0, 1, 1, 0, 1], [0, 1, 1, 2, 3, 3]], "data": [1.0, 1.0, 1.0, 1.0, 1.0, 1.0], "has_canonical_format": true, "myClass": "coo_array", "myShape": [2, 4]}, "number": 4, "numberMax": 4, "resistance": ["1000", "", "2000", "", "3000", "", "4000", "4001", "", "5000", "5001", "", "6000", "6001", ""], "QEinitCond": ["", "", "", "", "", "", "", "", "", "", "", "", "", "", ""], "costCoeffQE": ["0", "0", "0", "0", "0", "0", "0", "0", "0", "0", "0", "0", "0", "0", "0"], "CUMinus": ["rainfall", "", "rainfall", "", "rainfall", "", "rainfall", "fertilizer1", "", "rainfall", "fertilizer2", "", "rainfall", "fertilizer3", ""], "hasQEinitCond": ["false", "false", "false", "false", "false", "false", "false", "false", "false", "false", "false", "false", "false", "false", "false"], "hasResistance": ["false", "false", "false", "false", "false", "false", "false", "false", "false", "false", "false", "false", "false", "false", "false"], "UEMinusMax": ["", "", "", "", "", "", "", "", "", "", "", "", "", "", ""], "resistanceUnits": ["s/m^3", "s/m^3", "s/m^3", "s/m^3", "s/m^3", "s/m^3", "s/m^3", "s/m^3", "s/m^3", "s/m^3", "s/m^3", "s/m^3", "s/m^3", "s/m^3", "s/m^3"], "hasQEfinalCond": ["false", "false", "false", "false", "false", "false", "false", "false", "false", "false", "false", "false", "false", "false", "false"], "QEfinalCond": ["", "", "", "", "", "", "", "", "", "", "", "", "", "", ""], "duration": ["", "", "", "", "", "", "", "", "", "", "", "", "", "", ""], "hasUEMinusCapacityConstraint": ["false", "false", "false", "false", "false", "false", "false", "false", "false", "false", "false", "false", "false", "false", "false"], "hasUEMinusExoConstraint": ["true", "false", "true", "false", "true", "false", "true", "true", "false", "true", "true", "false", "true", "true", "false"], "hasQECapacityConstraint": ["false", "false", "false", "false", "false", "false", "false", "false", "false", "false", "false", "false", "false", "false", "false"], "QEmax": ["", "", "", "", "", "", "", "", "", "", "", "", "", "", ""], "hasUEPlusCapacityConstraint": ["false", "false", "false", "false", "false", "false", "false", "false", "false", "false", "false", "false", "false", "false", "false"], "UEPlusMax": ["", "", "", "", "", "", "", "", "", "", "", "", "", "", ""], "hasUEPlusExoConstraint": ["false", "false", "false", "false", "false", "false", "false", "false", "false", "false", "false", "false", "false", "false", "false"], "CUPlus": ["", "", "", "", "", "", "", "", "", "", "", "", "", "", ""], "myClass": "TransformProcess"}, "transportProcess": {"name": ["transport f. Land 1 t. Lake 1", "transport f. Land 1 t. Lake 1", "transport f. Land 2 t. Lake 2", "transport f. Land 2 t. Lake 2", "transport f. Land 3 t. Lake 3", "transport f. Land 3 t. Lake 3", "transport f. Lake 1 t. Point 1", "transport f. Lake 1 t. Point 1", "transport f. Lake 2 t. Point 1", "transport f. Lake 2 t. Point 1", "transport f. Point 1 t. Lake 3", "transport f. Point 1 t. Lake 3", "transport f. Lake 3 t. Point 2", "transport f. Lake 3 t. Point 2"], "idx": [24, 88, 33, 97, 42, 106, 6, 70, 14, 78, 50, 114, 23, 87], "idxProcess": [28, 92, 37, 101, 46, 110, 10, 74, 18, 82, 54, 118, 27, 91], "status": [true, true, true, true, true, true, true, true, true, true, true, true, true, true], "inputOperand": ["water", "nitrogen", "water", "nitrogen", "water", "nitrogen", "water", "nitrogen", "water", "nitrogen", "water", "nitrogen", "water", "nitrogen"], "inputOperandWeight": [[1.0], [1.0], [1.0], [1.0], [1.0], [1.0], [1.0], [1.0], [1.0], [1.0], [1.0], [1.0], [1.0], [1.0]], "outputOperand": ["water", "nitrogen", "water", "nitrogen", "water", "nitrogen", "water", "nitrogen", "water", "nitrogen", "water", "nitrogen", "water", "nitrogen"], "outputOperandWeight": [[1.0], [1.0], [1.0], [1.0], [1.0], [1.0], [1.0], [1.0], [1.0], [1.0], [1.0], [1.0], [1.0], [1.0]], "MLPNeg": {"maxprint": 50, "coords": [[0, 0, 0, 0, 0, 0, 0, 0, 0, 0, 0, 0, 0, 0, 0, 0, 0, 0, 0, 0, 0, 0, 0, 0, 0, 0, 0, 0, 0, 0, 0, 0, 0, 0, 0, 0, 0, 0, 0, 0, 0, 0, 0, 0, 0, 0, 0, 0, 0, 0, 0, 0, 0, 0, 0, 0, 0, 0, 0, 0, 0, 0, 0, 0, 1, 1, 1, 1, 1, 1, 1, 1, 1, 1, 1, 1, 1, 1, 1, 1, 1, 1, 1, 1, 1, 1, 1, 1, 1, 1, 1, 1, 1, 1, 1, 1, 1, 1, 1, 1, 1, 1, 1, 1, 1, 1, 1, 1, 1, 1, 1, 1, 1, 1, 1, 1, 1, 1, 1, 1, 1, 1, 1, 1, 1, 1, 1, 1], [0, 1, 2, 3, 4, 5, 6, 7, 8, 9, 10, 11, 12, 13, 14, 15, 16, 17, 18, 19, 20, 21, 22, 23, 24, 25, 26, 27, 28, 29, 30, 31, 32, 33, 34, 35, 36, 37, 38, 39, 40, 41, 42, 43, 44, 45, 46, 47, 48, 49, 50, 51, 52, 53, 54, 55, 56, 57, 58, 59, 60, 61, 62, 63, 64, 65, 66, 67, 68, 69, 70, 71, 72, 73, 74, 75, 76, 77, 78, 79, 80, 81, 82, 83, 84, 85, 86, 87, 88, 89, 90, 91, 92, 93, 94, 95, 96, 97, 98, 99, 100, 101, 102, 103, 104, 105, 106, 107, 108, 109, 110, 111, 112, 113, 114, 115, 116, 117, 118, 119, 120, 121, 122, 123, 124, 125, 126, 127]], "data": [1.0, 1.0, 1.0, 1.0, 1.0, 1.0, 1.0, 1.0, 1.0, 1.0, 1.0, 1.0, 1.0, 1.0, 1.0, 1.0, 1.0, 1.0, 1.0, 1.0, 1.0, 1.0, 1.0, 1.0, 1.0, 1.0, 1.0, 1.0, 1.0, 1.0, 1.0, 1.0, 1.0, 1.0, 1.0, 1.0, 1.0, 1.0, 1.0, 1.0, 1.0, 1.0, 1.0, 1.0, 1.0, 1.0, 1.0, 1.0, 1.0, 1.0, 1.0, 1.0, 1.0, 1.0, 1.0, 1.0, 1.0, 1.0, 1.0, 1.0, 1.0, 1.0, 1.0, 1.0, 1.0, 1.0, 1.0, 1.0, 1.0, 1.0, 1.0, 1.0, 1.0, 1.0, 1.0, 1.0, 1.0, 1.0, 1.0, 1.0, 1.0, 1.0, 1.0, 1.0, 1.0, 1.0, 1.0, 1.0, 1.0, 1.0, 1.0, 1.0, 1.0, 1.0, 1.0, 1.0, 1.0, 1.0, 1.0, 1.0, 1.0, 1.0, 1.0, 1.0, 1.0, 1.0, 1.0, 1.0, 1.0, 1.0, 1.0, 1.0, 1.0, 1.0, 1.0, 1.0, 1.0, 1.0, 1.0, 1.0, 1.0, 1.0, 1.0, 1.0, 1.0, 1.0, 1.0, 1.0], "has_canonical_format": false, "myClass": "coo_array", "myShape": [2, 128]}, "MLPPos": {"maxprint": 50, "coords": [[0, 0, 0, 0, 0, 0, 0, 0, 0, 0, 0, 0, 0, 0, 0, 0, 0, 0, 0, 0, 0, 0, 0, 0, 0, 0, 0, 0, 0, 0, 0, 0, 0, 0, 0, 0, 0, 0, 0, 0, 0, 0, 0, 0, 0, 0, 0, 0, 0, 0, 0, 0, 0, 0, 0, 0, 0, 0, 0, 0, 0, 0, 0, 0, 1, 1, 1, 1, 1, 1, 1, 1, 1, 1, 1, 1, 1, 1, 1, 1, 1, 1, 1, 1, 1, 1, 1, 1, 1, 1, 1, 1, 1, 1, 1, 1, 1, 1, 1, 1, 1, 1, 1, 1, 1, 1, 1, 1, 1, 1, 1, 1, 1, 1, 1, 1, 1, 1, 1, 1, 1, 1, 1, 1, 1, 1, 1, 1], [0, 1, 2, 3, 4, 5, 6, 7, 8, 9, 10, 11, 12, 13, 14, 15, 16, 17, 18, 19, 20, 21, 22, 23, 24, 25, 26, 27, 28, 29, 30, 31, 32, 33, 34, 35, 36, 37, 38, 39, 40, 41, 42, 43, 44, 45, 46, 47, 48, 49, 50, 51, 52, 53, 54, 55, 56, 57, 58, 59, 60, 61, 62, 63, 64, 65, 66, 67, 68, 69, 70, 71, 72, 73, 74, 75, 76, 77, 78, 79, 80, 81, 82, 83, 84, 85, 86, 87, 88, 89, 90, 91, 92, 93, 94, 95, 96, 97, 98, 99, 100, 101, 102, 103, 104, 105, 106, 107, 108, 109, 110, 111, 112, 113, 114, 115, 116, 117, 118, 119, 120, 121, 122, 123, 124, 125, 126, 127]], "data": [1.0, 1.0, 1.0, 1.0, 1.0, 1.0, 1.0, 1.0, 1.0, 1.0, 1.0, 1.0, 1.0, 1.0, 1.0, 1.0, 1.0, 1.0, 1.0, 1.0, 1.0, 1.0, 1.0, 1.0, 1.0, 1.0, 1.0, 1.0, 1.0, 1.0, 1.0, 1.0, 1.0, 1.0, 1.0, 1.0, 1.0, 1.0, 1.0, 1.0, 1.0, 1.0, 1.0, 1.0, 1.0, 1.0, 1.0, 1.0, 1.0, 1.0, 1.0, 1.0, 1.0, 1.0, 1.0, 1.0, 1.0, 1.0, 1.0, 1.0, 1.0, 1.0, 1.0, 1.0, 1.0, 1.0, 1.0, 1.0, 1.0, 1.0, 1.0, 1.0, 1.0, 1.0, 1.0, 1.0, 1.0, 1.0, 1.0, 1.0, 1.0, 1.0, 1.0, 1.0, 1.0, 1.0, 1.0, 1.0, 1.0, 1.0, 1.0, 1.0, 1.0, 1.0, 1.0, 1.0, 1.0, 1.0, 1.0, 1.0, 1.0, 1.0, 1.0, 1.0, 1.0, 1.0, 1.0, 1.0, 1.0, 1.0, 1.0, 1.0, 1.0, 1.0, 1.0, 1.0, 1.0, 1.0, 1.0, 1.0, 1.0, 1.0, 1.0, 1.0, 1.0, 1.0, 1.0, 1.0], "has_canonical_format": false, "myClass": "coo_array", "myShape": [2, 128]}, "number": 14, "numberMax": 64, "origin": ["Land 1", "Land 1", "Land 2", "Land 2", "Land 3", "Land 3", "Lake 1", "Lake 1", "Lake 2", "Lake 2", "Point 1", "Point 1", "Lake 3", "Lake 3"], "destination": ["Lake 1", "Lake 1", "Lake 2", "Lake 2", "Lake 3", "Lake 3", "Point 1", "Point 1", "Point 1", "Point 1", "Lake 3", "Lake 3", "Point 2", "Point 2"], "ref": ["water", "nitrogen", "water", "nitrogen", "water", "nitrogen", "water", "nitrogen", "water", "nitrogen", "water", "nitrogen", "water", "nitrogen"], "nameRef": ["transport f. land 1 t. lake 1 while water", "transport f. land 1 t. lake 1 while nitrogen", "transport f. land 2 t. lake 2 while water", "transport f. land 2 t. lake 2 while nitrogen", "transport f. land 3 t. lake 3 while water", "transport f. land 3 t. lake 3 while nitrogen", "transport f. lake 1 t. point 1 while water", "transport f. lake 1 t. point 1 while nitrogen", "transport f. lake 2 t. point 1 while water", "transport f. lake 2 t. point 1 while nitrogen", "transport f. point 1 t. lake 3 while water", "transport f. point 1 t. lake 3 while nitrogen", "transport f. lake 3 t. point 2 while water", "transport f. lake 3 t. point 2 while nitrogen"], "idxOrigin": [3, 3, 4, 4, 5, 5, 0, 0, 1, 1, 6, 6, 2, 2], "idxDestination": [0, 0, 1, 1, 2, 2, 6, 6, 6, 6, 2, 2, 7, 7], "idxHolding": [0, 1, 0, 1, 0, 1, 0, 1, 0, 1, 0, 1, 0, 1], "idxTransport": [24, 24, 33, 33, 42, 42, 6, 6, 14, 14, 50, 50, 23, 23], "numberRefMax": 128, "resistance": ["20000000", "", "18000000", "", "15000000", "", "480000000", "", "190000000", "", "500000000", "", "480000000", ""], "QEinitCond": ["", "", "", "", "", "", "", "", "", "", "", "", "", ""], "costCoeffQE": ["0", "0", "0", "0", "0", "0", "0", "0", "0", "0", "0", "0", "0", "0"], "CUMinus": ["", "", "", "", "", "", "", "", "", "", "rainfall", "", "", ""], "hasQEinitCond": ["false", "false", "false", "false", "false", "false", "false", "false", "false", "false", "false", "false", "false", "false"], "hasResistance": ["true", "false", "true", "false", "true", "false", "true", "false", "true", "false", "true", "false", "true", "false"], "UEMinusMax": ["", "", "", "", "", "", "", "", "", "", "", "", "", ""], "resistanceUnits": ["s/m^3", "s/m^3", "s/m^3", "s/m^3", "s/m^3", "s/m^3", "s/m^3", "s/m^3", "s/m^3", "s/m^3", "s/m^3", "s/m^3", "s/m^3", "s/m^3"], "hasQEfinalCond": ["false", "false", "false", "false", "false", "false", "false", "false", "false", "false", "false", "false", "false", "false"], "QEfinalCond": ["", "", "", "", "", "", "", "", "", "", "", "", "", ""], "duration": ["", "", "", "", "", "", "", "", "", "", "", "", "", ""], "hasUEMinusCapacityConstraint": ["false", "false", "false", "false", "false", "false", "false", "false", "false", "false", "false", "false", "false", "false"], "hasUEMinusExoConstraint": ["false", "false", "false", "false", "false", "false", "false", "false", "false", "false", "false", "false", "false", "false"], "hasQECapacityConstraint": ["false", "false", "false", "false", "false", "false", "false", "false", "false", "false", "false", "false", "false", "false"], "QEmax": ["", "", "", "", "", "", "", "", "", "", "", "", "", ""], "hasUEPlusCapacityConstraint": ["false", "false", "false", "false", "false", "false", "false", "false", "false", "false", "false", "false", "false", "false"], "UEPlusMax": ["", "", "", "", "", "", "", "", "", "", "", "", "", ""], "hasUEPlusExoConstraint": ["false", "false", "false", "false", "false", "false", "false", "false", "false", "false", "false", "false", "false", "false"], "CUPlus": ["", "", "", "", "", "", "", "", "", "", "", "", "", ""], "numberRef": 14, "myClass": "TransportProcess"}, "holdingProcess": {"name": ["water", "nitrogen"], "idx": [0, 1], "idxProcess": [], "status": [true, true], "inputOperand": ["water", "nitrogen"], "inputOperandWeight": [[1.0], [1.0]], "outputOperand": ["water", "nitrogen"], "outputOperandWeight": [[1.0], [1.0]], "MLPNeg": {"maxprint": 50, "coords": [[0, 1], [0, 1]], "data": [1.0, 1.0], "has_canonical_format": true, "myClass": "coo_array", "myShape": [2, 2]}, "MLPPos": {"maxprint": 50, "coords": [[0, 1], [0, 1]], "data": [1.0, 1.0], "has_canonical_format": true, "myClass": "coo_array", "myShape": [2, 2]}, "number": 2, "numberMax": [], "myClass": "HoldingProcess"}, "systemProcess": {"name": ["accept water", "mix lakewater", "accept nitrogen", "mix runoff", "transport f. land 1 t. lake 1 while water", "transport f. land 1 t. lake 1 while nitrogen", "transport f. land 2 t. lake 2 while water", "transport f. land 2 t. lake 2 while nitrogen", "transport f. land 3 t. lake 3 while water", "transport f. land 3 t. lake 3 while nitrogen", "transport f. lake 1 t. point 1 while water", "transport f. lake 1 t. point 1 while nitrogen", "transport f. lake 2 t. point 1 while water", "transport f. lake 2 t. point 1 while nitrogen", "transport f. point 1 t. lake 3 while water", "transport f. point 1 t. lake 3 while nitrogen", "transport f. lake 3 t. point 2 while water", "transport f. lake 3 t. point 2 while nitrogen"], "idx": [0, 1, 2, 3, 28, 92, 37, 101, 46, 110, 10, 74, 18, 82, 54, 118, 27, 91], "idxProcess": [0, 1, 2, 3, 28, 92, 37, 101, 46, 110, 10, 74, 18, 82, 54, 118, 27, 91], "status": [true, true, true, true, true, true, true, true, true, true, true, true, true, true, true, true, true, true], "inputOperand": ["", "water,nitrogen", "", "water,nitrogen", "water", "nitrogen", "water", "nitrogen", "water", "nitrogen", "water", "nitrogen", "water", "nitrogen", "water", "nitrogen", "water", "nitrogen"], "inputOperandWeight": [[], [1.0, 1.0], [], [1.0, 1.0], [1.0], [1.0], [1.0], [1.0], [1.0], [1.0], [1.0], [1.0], [1.0], [1.0], [1.0], [1.0], [1.0], [1.0]], "outputOperand": ["water", "water,nitrogen", "nitrogen", "water,nitrogen", "water", "nitrogen", "water", "nitrogen", "water", "nitrogen", "water", "nitrogen", "water", "nitrogen", "water", "nitrogen", "water", "nitrogen"], "outputOperandWeight": [[1.0], [1.0, 1.0], [1.0], [1.0, 1.0], [1.0], [1.0], [1.0], [1.0], [1.0], [1.0], [1.0], [1.0], [1.0], [1.0], [1.0], [1.0], [1.0], [1.0]], "MLPNeg": {"maxprint": 50, "coords": [[0, 1, 0, 1, 0, 0, 0, 0, 0, 0, 0, 0, 0, 0, 0, 0, 0, 0, 0, 0, 0, 0, 0, 0, 0, 0, 0, 0, 0, 0, 0, 0, 0, 0, 0, 0, 0, 0, 0, 0, 0, 0, 0, 0, 0, 0, 0, 0, 0, 0, 0, 0, 0, 0, 0, 0, 0, 0, 0, 0, 0, 0, 0, 0, 0, 0, 0, 0, 1, 1, 1, 1, 1, 1, 1, 1, 1, 1, 1, 1, 1, 1, 1, 1, 1, 1, 1, 1, 1, 1, 1, 1, 1, 1, 1, 1, 1, 1, 1, 1, 1, 1, 1, 1, 1, 1, 1, 1, 1, 1, 1, 1, 1, 1, 1, 1, 1, 1, 1, 1, 1, 1, 1, 1, 1, 1, 1, 1, 1, 1, 1, 1], [1, 1, 3, 3, 4, 5, 6, 7, 8, 9, 10, 11, 12, 13, 14, 15, 16, 17, 18, 19, 20, 21, 22, 23, 24, 25, 26, 27, 28, 29, 30, 31, 32, 33, 34, 35, 36, 37, 38, 39, 40, 41, 42, 43, 44, 45, 46, 47, 48, 49, 50, 51, 52, 53, 54, 55, 56, 57, 58, 59, 60, 61, 62, 63, 64, 65, 66, 67, 68, 69, 70, 71, 72, 73, 74, 75, 76, 77, 78, 79, 80, 81, 82, 83, 84, 85, 86, 87, 88, 89, 90, 91, 92, 93, 94, 95, 96, 97, 98, 99, 100, 101, 102, 103, 104, 105, 106, 107, 108, 109, 110, 111, 112, 113, 114, 115, 116, 117, 118, 119, 120, 121, 122, 123, 124, 125, 126, 127, 128, 129, 130, 131]], "data": [1.0, 1.0, 1.0, 1.0, 1.0, 1.0, 1.0, 1.0, 1.0, 1.0, 1.0, 1.0, 1.0, 1.0, 1.0, 1.0, 1.0, 1.0, 1.0, 1.0, 1.0, 1.0, 1.0, 1.0, 1.0, 1.0, 1.0, 1.0, 1.0, 1.0, 1.0, 1.0, 1.0, 1.0, 1.0, 1.0, 1.0, 1.0, 1.0, 1.0, 1.0, 1.0, 1.0, 1.0, 1.0, 1.0, 1.0, 1.0, 1.0, 1.0, 1.0, 1.0, 1.0, 1.0, 1.0, 1.0, 1.0, 1.0, 1.0, 1.0, 1.0, 1.0, 1.0, 1.0, 1.0, 1.0, 1.0, 1.0, 1.0, 1.0, 1.0, 1.0, 1.0, 1.0, 1.0, 1.0, 1.0, 1.0, 1.0, 1.0, 1.0, 1.0, 1.0, 1.0, 1.0, 1.0, 1.0, 1.0, 1.0, 1.0, 1.0, 1.0, 1.0, 1.0, 1.0, 1.0, 1.0, 1.0, 1.0, 1.0, 1.0, 1.0, 1.0, 1.0, 1.0, 1.0, 1.0, 1.0, 1.0, 1.0, 1.0, 1.0, 1.0, 1.0, 1.0, 1.0, 1.0, 1.0, 1.0, 1.0, 1.0, 1.0, 1.0, 1.0, 1.0, 1.0, 1.0, 1.0, 1.0, 1.0, 1.0, 1.0], "has_canonical_format": false, "myClass": "coo_array", "myShape": [2, 132]}, "MLPPos": {"maxprint": 50, "coords": [[0, 0, 1, 1, 0, 1, 0, 0, 0, 0, 0, 0, 0, 0, 0, 0, 0, 0, 0, 0, 0, 0, 0, 0, 0, 0, 0, 0, 0, 0, 0, 0, 0, 0, 0, 0, 0, 0, 0, 0, 0, 0, 0, 0, 0, 0, 0, 0, 0, 0, 0, 0, 0, 0, 0, 0, 0, 0, 0, 0, 0, 0, 0, 0, 0, 0, 0, 0, 0, 0, 1, 1, 1, 1, 1, 1, 1, 1, 1, 1, 1, 1, 1, 1, 1, 1, 1, 1, 1, 1, 1, 1, 1, 1, 1, 1, 1, 1, 1, 1, 1, 1, 1, 1, 1, 1, 1, 1, 1, 1, 1, 1, 1, 1, 1, 1, 1, 1, 1, 1, 1, 1, 1, 1, 1, 1, 1, 1, 1, 1, 1, 1, 1, 1], [0, 1, 1, 2, 3, 3, 4, 5, 6, 7, 8, 9, 10, 11, 12, 13, 14, 15, 16, 17, 18, 19, 20, 21, 22, 23, 24, 25, 26, 27, 28, 29, 30, 31, 32, 33, 34, 35, 36, 37, 38, 39, 40, 41, 42, 43, 44, 45, 46, 47, 48, 49, 50, 51, 52, 53, 54, 55, 56, 57, 58, 59, 60, 61, 62, 63, 64, 65, 66, 67, 68, 69, 70, 71, 72, 73, 74, 75, 76, 77, 78, 79, 80, 81, 82, 83, 84, 85, 86, 87, 88, 89, 90, 91, 92, 93, 94, 95, 96, 97, 98, 99, 100, 101, 102, 103, 104, 105, 106, 107, 108, 109, 110, 111, 112, 113, 114, 115, 116, 117, 118, 119, 120, 121, 122, 123, 124, 125, 126, 127, 128, 129, 130, 131]], "data": [1.0, 1.0, 1.0, 1.0, 1.0, 1.0, 1.0, 1.0, 1.0, 1.0, 1.0, 1.0, 1.0, 1.0, 1.0, 1.0, 1.0, 1.0, 1.0, 1.0, 1.0, 1.0, 1.0, 1.0, 1.0, 1.0, 1.0, 1.0, 1.0, 1.0, 1.0, 1.0, 1.0, 1.0, 1.0, 1.0, 1.0, 1.0, 1.0, 1.0, 1.0, 1.0, 1.0, 1.0, 1.0, 1.0, 1.0, 1.0, 1.0, 1.0, 1.0, 1.0, 1.0, 1.0, 1.0, 1.0, 1.0, 1.0, 1.0, 1.0, 1.0, 1.0, 1.0, 1.0, 1.0, 1.0, 1.0, 1.0, 1.0, 1.0, 1.0, 1.0, 1.0, 1.0, 1.0, 1.0, 1.0, 1.0, 1.0, 1.0, 1.0, 1.0, 1.0, 1.0, 1.0, 1.0, 1.0, 1.0, 1.0, 1.0, 1.0, 1.0, 1.0, 1.0, 1.0, 1.0, 1.0, 1.0, 1.0, 1.0, 1.0, 1.0, 1.0, 1.0, 1.0, 1.0, 1.0, 1.0, 1.0, 1.0, 1.0, 1.0, 1.0, 1.0, 1.0, 1.0, 1.0, 1.0, 1.0, 1.0, 1.0, 1.0, 1.0, 1.0, 1.0, 1.0, 1.0, 1.0, 1.0, 1.0, 1.0, 1.0, 1.0, 1.0], "has_canonical_format": false, "myClass": "coo_array", "myShape": [2, 132]}, "number": 18, "numberMax": 132, "myClass": "SystemProcess"}, "systemConcept": {"name": ["Lake 1 accept water", "Lake 1 mix lakewater", "Lake 2 accept water", "Lake 2 mix lakewater", "Lake 3 accept water", "Lake 3 mix lakewater", "Land 1 accept water", "Land 1 accept nitrogen", "Land 1 mix runoff", "Land 1 transport f. land 1 t. lake 1 while water", "Land 1 transport f. land 1 t. lake 1 while nitrogen", "Land 2 accept water", "Land 2 accept nitrogen", "Land 2 mix runoff", "Land 2 transport f. land 2 t. lake 2 while water", "Land 2 transport f. land 2 t. lake 2 while nitrogen", "Land 3 accept water", "Land 3 accept nitrogen", "Land 3 mix runoff", "Land 3 transport f. land 3 t. lake 3 while water", "Land 3 transport f. land 3 t. lake 3 while nitrogen", "River Segment 1 transport f. lake 1 t. point 1 while water", "River Segment 1 transport f. lake 1 t. point 1 while nitrogen", "River Segment 2 transport f. lake 2 t. point 1 while water", "River Segment 2 transport f. lake 2 t. point 1 while nitrogen", "River Segment 3 transport f. point 1 t. lake 3 while water", "River Segment 3 transport f. point 1 t. lake 3 while nitrogen", "River Segment 4 transport f. lake 3 t. point 2 while water", "River Segment 4 transport f. lake 3 t. point 2 while nitrogen"], "nameSoS": [], "idxPsiCapability": [0, 1, 2, 3, 4, 5, 6, 7, 8, 9, 10, 11, 12, 13, 14, 15, 16, 17, 18, 19, 20, 21, 22, 23, 24, 25, 26, 27, 28], "idxChiCapability": [0, 1, 132, 133, 264, 265, 396, 398, 399, 424, 488, 528, 530, 531, 565, 629, 660, 662, 663, 706, 770, 1066, 1130, 1206, 1270, 1374, 1438, 1479, 1543], "idxResource": [0, 0, 1, 1, 2, 2, 3, 3, 3, 3, 3, 4, 4, 4, 4, 4, 5, 5, 5, 5, 5, 8, 8, 9, 9, 10, 10, 11, 11], "idxProcess": [0, 1, 0, 1, 0, 1, 0, 2, 3, 28, 92, 0, 2, 3, 37, 101, 0, 2, 3, 46, 110, 10, 74, 18, 82, 54, 118, 27, 91], "idxOperand": {"maxprint": 50, "coords": [[0, 0, 0, 0, 0, 0, 0, 0, 0, 0, 0, 0, 0, 1, 1, 1, 1, 1, 1, 1, 1, 1, 1, 1, 1, 1], [25, 19, 14, 9, 27, 23, 21, 18, 13, 8, 5, 3, 1, 26, 20, 15, 10, 28, 24, 22, 18, 13, 8, 5, 3, 1]], "data": [1.0, 1.0, 1.0, 1.0, 1.0, 1.0, 1.0, 1.0, 1.0, 1.0, 1.0, 1.0, 1.0, 1.0, 1.0, 1.0, 1.0, 1.0, 1.0, 1.0, 1.0, 1.0, 1.0, 1.0, 1.0, 1.0], "has_canonical_format": false, "myClass": "coo_array", "myShape": [2, 29]}, "idxOutput": {"maxprint": 50, "coords": [[0, 0, 0, 0, 0, 0, 0, 0, 0, 0, 0, 0, 0, 0, 0, 0, 0, 0, 0, 1, 1, 1, 1, 1, 1, 1, 1, 1, 1, 1, 1, 1, 1, 1, 1], [25, 19, 14, 9, 27, 23, 21, 18, 13, 8, 5, 3, 1, 16, 11, 6, 4, 2, 0, 26, 20, 15, 10, 28, 24, 22, 18, 13, 8, 17, 12, 7, 5, 3, 1]], "data": [1.0, 1.0, 1.0, 1.0, 1.0, 1.0, 1.0, 1.0, 1.0, 1.0, 1.0, 1.0, 1.0, 1.0, 1.0, 1.0, 1.0, 1.0, 1.0, 1.0, 1.0, 1.0, 1.0, 1.0, 1.0, 1.0, 1.0, 1.0, 1.0, 1.0, 1.0, 1.0, 1.0, 1.0, 1.0], "has_canonical_format": false, "myClass": "coo_array", "myShape": [2, 29]}, "DOFM": 15, "DOFHRef": 14, "DOFG": 14, "DOFH": 7, "DOFS": 29, "JM": {"maxprint": 50, "coords": [[0, 1, 0, 1, 0, 1, 0, 2, 3, 0, 2, 3, 0, 2, 3], [0, 0, 1, 1, 2, 2, 3, 3, 3, 4, 4, 4, 5, 5, 5]], "data": [1, 1, 1, 1, 1, 1, 1, 1, 1, 1, 1, 1, 1, 1, 1], "has_canonical_format": true, "myClass": "coo_array", "myShape": [4, 6]}, "KM": {"maxprint": 50, "coords": [[], []], "data": [], "has_canonical_format": true, "myClass": "coo_array", "myShape": [4, 6]}, "AM": {"maxprint": 50, "coords": [[0, 0, 0, 0, 0, 0, 1, 1, 1, 2, 2, 2, 3, 3, 3], [0, 1, 2, 3, 4, 5, 0, 1, 2, 3, 4, 5, 3, 4, 5]], "data": [1, 1, 1, 1, 1, 1, 1, 1, 1, 1, 1, 1, 1, 1, 1], "has_canonical_format": false, "myClass": "coo_array", "myShape": [4, 6]}, "JH": {"maxprint": 50, "coords": [[24, 33, 42, 6, 14, 50, 23], [3, 4, 5, 8, 9, 10, 11]], "data": [1, 1, 1, 1, 1, 1, 1], "has_canonical_format": true, "myClass": "coo_array", "myShape": [64, 12]}, "KH": {"maxprint": 50, "coords": [[], []], "data": [], "has_canonical_format": true, "myClass": "coo_array", "myShape": [64, 12]}, "AH": {"maxprint": 50, "coords": [[6, 14, 23, 24, 33, 42, 50], [8, 9, 11, 3, 4, 5, 10]], "data": [1, 1, 1, 1, 1, 1, 1], "has_canonical_format": false, "myClass": "coo_array", "myShape": [64, 12]}, "JG": {"maxprint": 50, "coords": [[0, 1, 0, 1, 0, 1, 0, 1, 0, 1, 0, 1, 0, 1], [3, 3, 4, 4, 5, 5, 8, 8, 9, 9, 10, 10, 11, 11]], "data": [1, 1, 1, 1, 1, 1, 1, 1, 1, 1, 1, 1, 1, 1], "has_canonical_format": true, "myClass": "coo_array", "myShape": [2, 12]}, "KG": {"maxprint": 50, "coords": [[], []], "data": [], "has_canonical_format": true, "myClass": "coo_array", "myShape": [2, 12]}, "AG": {"maxprint": 50, "coords": [[0, 0, 0, 0, 0, 0, 0, 1, 1, 1, 1, 1, 1, 1], [3, 4, 5, 8, 9, 10, 11, 3, 4, 5, 8, 9, 10, 11]], "data": [1, 1, 1, 1, 1, 1, 1, 1, 1, 1, 1, 1, 1, 1], "has_canonical_format": false, "myClass": "coo_array", "myShape": [2, 12]}, "JHRef": {"maxprint": 50, "coords": [[24, 88, 33, 97, 42, 106, 6, 70, 14, 78, 50, 114, 23, 87], [3, 3, 4, 4, 5, 5, 8, 8, 9, 9, 10, 10, 11, 11]], "data": [1, 1, 1, 1, 1, 1, 1, 1, 1, 1, 1, 1, 1, 1], "has_canonical_format": true, "myClass": "coo_array", "myShape": [128, 12]}, "KHRef": {"maxprint": 50, "coords": [[], []], "data": [], "has_canonical_format": true, "myClass": "coo_array", "myShape": [128, 12]}, "AHRef": {"maxprint": 50, "coords": [[6, 14, 23, 24, 33, 42, 50, 70, 78, 87, 88, 97, 106, 114], [8, 9, 11, 3, 4, 5, 10, 8, 9, 11, 3, 4, 5, 10]], "data": [1, 1, 1, 1, 1, 1, 1, 1, 1, 1, 1, 1, 1, 1], "has_canonical_format": false, "myClass": "coo_array", "myShape": [128, 12]}, "JS": {"maxprint": 50, "coords": [[0, 1, 0, 1, 0, 1, 0, 2, 3, 0, 2, 3, 0, 2, 3, 28, 92, 37, 101, 46, 110, 10, 74, 18, 82, 54, 118, 27, 91], [0, 0, 1, 1, 2, 2, 3, 3, 3, 4, 4, 4, 5, 5, 5, 3, 3, 4, 4, 5, 5, 8, 8, 9, 9, 10, 10, 11, 11]], "data": [1, 1, 1, 1, 1, 1, 1, 1, 1, 1, 1, 1, 1, 1, 1, 1, 1, 1, 1, 1, 1, 1, 1, 1, 1, 1, 1, 1, 1], "has_canonical_format": false, "myClass": "coo_array", "myShape": [132, 12]}, "KS": {"maxprint": 50, "coords": [[], []], "data": [], "has_canonical_format": false, "myClass": "coo_array", "myShape": [132, 12]}, "AS": {"maxprint": 50, "coords": [[0, 1, 0, 1, 0, 1, 0, 2, 3, 28, 92, 0, 2, 3, 37, 101, 0, 2, 3, 46, 110, 10, 74, 18, 82, 54, 118, 27, 91], [0, 0, 1, 1, 2, 2, 3, 3, 3, 3, 3, 4, 4, 4, 4, 4, 5, 5, 5, 5, 5, 8, 8, 9, 9, 10, 10, 11, 11]], "data": [1, 1, 1, 1, 1, 1, 1, 1, 1, 1, 1, 1, 1, 1, 1, 1, 1, 1, 1, 1, 1, 1, 1, 1, 1, 1, 1, 1, 1], "has_canonical_format": false, "myClass": "coo_array", "myShape": [132, 12]}, "JHT": {"coords": [[0, 1, 2, 3, 4, 5, 6], [6, 6, 7, 0, 1, 2, 2], [8, 9, 11, 3, 4, 5, 10]], "data": [1, 1, 1, 1, 1, 1, 1], "fill_value": 0, "_cache": [], "myClass": "COO", "myShape": [8, 8, 12]}, "KHT": {"coords": [[], [], []], "data": [], "fill_value": 0, "_cache": [], "myClass": "COO", "myShape": [8, 8, 12]}, "AHT": {"coords": [[0, 1, 2, 3, 4, 5, 6], [6, 6, 7, 0, 1, 2, 2], [8, 9, 11, 3, 4, 5, 10]], "data": [1, 1, 1, 1, 1, 1, 1], "fill_value": 0, "_cache": [], "myClass": "COO", "myShape": [8, 8, 12]}, "JHRefT": {"coords": [[0, 0, 0, 0, 0, 0, 0, 1, 1, 1, 1, 1, 1, 1], [0, 1, 2, 3, 4, 5, 6, 0, 1, 2, 3, 4, 5, 6], [6, 6, 7, 0, 1, 2, 2, 6, 6, 7, 0, 1, 2, 2], [8, 9, 11, 3, 4, 5, 10, 8, 9, 11, 3, 4, 5, 10]], "data": [1, 1, 1, 1, 1, 1, 1, 1, 1, 1, 1, 1, 1, 1], "fill_value": 0, "_cache": [], "myClass": "COO", "myShape": [2, 8, 8, 12]}, "KHRefT": {"coords": [[], [], [], []], "data": [], "fill_value": 0, "_cache": [], "myClass": "COO", "myShape": [2, 8, 8, 12]}, "AHRefT": {"coords": [[0, 0, 0, 0, 0, 0, 0, 1, 1, 1, 1, 1, 1, 1], [0, 1, 2, 3, 4, 5, 6, 0, 1, 2, 3, 4, 5, 6], [6, 6, 7, 0, 1, 2, 2, 6, 6, 7, 0, 1, 2, 2], [8, 9, 11, 3, 4, 5, 10, 8, 9, 11, 3, 4, 5, 10]], "data": [1, 1, 1, 1, 1, 1, 1, 1, 1, 1, 1, 1, 1, 1], "fill_value": 0, "_cache": [], "myClass": "COO", "myShape": [2, 8, 8, 12]}, "PS": {"maxprint": 50, "coords": [[0, 1, 2, 3, 4, 5, 6, 7, 8, 9, 10, 11, 12, 13, 14, 15, 16, 17, 18, 19, 20, 21, 22, 23, 24, 25, 26, 27, 28], [0, 1, 132, 133, 264, 265, 396, 398, 399, 424, 488, 528, 530, 531, 565, 629, 660, 662, 663, 706, 770, 1066, 1130, 1206, 1270, 1374, 1438, 1479, 1543]], "data": [1, 1, 1, 1, 1, 1, 1, 1, 1, 1, 1, 1, 1, 1, 1, 1, 1, 1, 1, 1, 1, 1, 1, 1, 1, 1, 1, 1, 1], "has_canonical_format": true, "myClass": "coo_array", "myShape": [29, 1584]}, "PPS": {"maxprint": 50, "coords": [[0, 1, 0, 1, 0, 1, 0, 2, 3, 28, 92, 0, 2, 3, 37, 101, 0, 2, 3, 46, 110, 10, 74, 18, 82, 54, 118, 27, 91], [0, 1, 2, 3, 4, 5, 6, 7, 8, 9, 10, 11, 12, 13, 14, 15, 16, 17, 18, 19, 20, 21, 22, 23, 24, 25, 26, 27, 28]], "data": [1, 1, 1, 1, 1, 1, 1, 1, 1, 1, 1, 1, 1, 1, 1, 1, 1, 1, 1, 1, 1, 1, 1, 1, 1, 1, 1, 1, 1], "has_canonical_format": true, "myClass": "coo_array", "myShape": [132, 29]}, "PRS": {"maxprint": 50, "coords": [[0, 0, 1, 1, 2, 2, 3, 3, 3, 3, 3, 4, 4, 4, 4, 4, 5, 5, 5, 5, 5, 8, 8, 9, 9, 10, 10, 11, 11], [0, 1, 2, 3, 4, 5, 6, 7, 8, 9, 10, 11, 12, 13, 14, 15, 16, 17, 18, 19, 20, 21, 22, 23, 24, 25, 26, 27, 28]], "data": [1, 1, 1, 1, 1, 1, 1, 1, 1, 1, 1, 1, 1, 1, 1, 1, 1, 1, 1, 1, 1, 1, 1, 1, 1, 1, 1, 1, 1], "has_canonical_format": true, "myClass": "coo_array", "myShape": [12, 29]}, "ABS": {"maxprint": 50, "coords": [[0, 1, 2, 2, 6, 6, 7], [3, 4, 5, 6, 0, 1, 2]], "data": [1, 1, 1, 1, 1, 1, 1], "has_canonical_format": false, "myClass": "coo_array", "myShape": [8, 8]}, "ALBS": {"coords": [[0, 0, 1, 1, 2, 2, 2, 2, 6, 6, 6, 6, 7, 7], [3, 3, 4, 4, 5, 5, 6, 6, 0, 0, 1, 1, 2, 2], [0, 1, 0, 1, 0, 1, 0, 1, 0, 1, 0, 1, 0, 1]], "data": [1, 1, 1, 1, 1, 1, 1, 1, 1, 1, 1, 1, 1, 1], "fill_value": 0, "_cache": [], "myClass": "COO", "myShape": [8, 8, 2]}, "DOFMax": 1584, "myClass": "SystemConcept"}, "analytics": {"MPR4Neg": {"coords": [[0, 0, 0, 0, 0, 0, 0, 0, 0, 0, 0, 0, 0, 1, 1, 1, 1, 1, 1, 1, 1, 1, 1, 1, 1, 1], [0, 0, 1, 1, 2, 2, 3, 3, 4, 4, 5, 5, 6, 0, 0, 1, 1, 2, 2, 3, 3, 4, 4, 5, 5, 6], [1, 10, 1, 18, 1, 27, 3, 28, 3, 37, 3, 46, 54, 1, 74, 1, 82, 1, 91, 3, 92, 3, 101, 3, 110, 118], [0, 8, 1, 9, 2, 11, 3, 3, 4, 4, 5, 5, 10, 0, 8, 1, 9, 2, 11, 3, 3, 4, 4, 5, 5, 10]], "data": [1, 1, 1, 1, 1, 1, 1, 1, 1, 1, 1, 1, 1, 1, 1, 1, 1, 1, 1, 1, 1, 1, 1, 1, 1, 1], "fill_value": 0, "_cache": [], "myClass": "COO", "myShape": [2, 8, 132, 12]}, "MRho3Neg": {"coords": [[0, 0, 0, 0, 0, 0, 0, 0, 0, 0, 0, 0, 0, 1, 1, 1, 1, 1, 1, 1, 1, 1, 1, 1, 1, 1], [0, 0, 1, 1, 2, 2, 3, 3, 4, 4, 5, 5, 6, 0, 0, 1, 1, 2, 2, 3, 3, 4, 4, 5, 5, 6], [1, 21, 3, 23, 5, 27, 8, 9, 13, 14, 18, 19, 25, 1, 22, 3, 24, 5, 28, 8, 10, 13, 15, 18, 20, 26]], "data": [1, 1, 1, 1, 1, 1, 1, 1, 1, 1, 1, 1, 1, 1, 1, 1, 1, 1, 1, 1, 1, 1, 1, 1, 1, 1], "fill_value": 0, "_cache": [], "myClass": "COO", "myShape": [2, 8, 29]}, "MRho2Neg": {"maxprint": 50, "coords": [[0, 0, 1, 1, 2, 2, 3, 3, 4, 4, 5, 5, 6, 8, 8, 9, 9, 10, 10, 11, 11, 12, 12, 13, 13, 14], [1, 21, 3, 23, 5, 27, 8, 9, 13, 14, 18, 19, 25, 1, 22, 3, 24, 5, 28, 8, 10, 13, 15, 18, 20, 26]], "data": [1, 1, 1, 1, 1, 1, 1, 1, 1, 1, 1, 1, 1, 1, 1, 1, 1, 1, 1, 1, 1, 1, 1, 1, 1, 1], "has_canonical_format": false, "myClass": "coo_array", "myShape": [16, 29]}, "MPR4Pos": {"coords": [[0, 0, 0, 0, 0, 0, 0, 0, 0, 0, 0, 0, 0, 0, 0, 0, 0, 0, 0, 1, 1, 1, 1, 1, 1, 1, 1, 1, 1, 1, 1, 1, 1, 1, 1], [0, 0, 0, 1, 1, 1, 2, 2, 2, 2, 3, 3, 4, 4, 5, 5, 6, 6, 7, 0, 0, 1, 1, 2, 2, 2, 3, 3, 4, 4, 5, 5, 6, 6, 7], [0, 1, 28, 0, 1, 37, 0, 1, 46, 54, 0, 3, 0, 3, 0, 3, 10, 18, 27, 1, 92, 1, 101, 1, 110, 118, 2, 3, 2, 3, 2, 3, 74, 82, 91], [0, 0, 3, 1, 1, 4, 2, 2, 5, 10, 3, 3, 4, 4, 5, 5, 8, 9, 11, 0, 3, 1, 4, 2, 5, 10, 3, 3, 4, 4, 5, 5, 8, 9, 11]], "data": [1, 1, 1, 1, 1, 1, 1, 1, 1, 1, 1, 1, 1, 1, 1, 1, 1, 1, 1, 1, 1, 1, 1, 1, 1, 1, 1, 1, 1, 1, 1, 1, 1, 1, 1], "fill_value": 0, "_cache": [], "myClass": "COO", "myShape": [2, 8, 132, 12]}, "MRho3Pos": {"coords": [[0, 0, 0, 0, 0, 0, 0, 0, 0, 0, 0, 0, 0, 0, 0, 0, 0, 0, 0, 1, 1, 1, 1, 1, 1, 1, 1, 1, 1, 1, 1, 1, 1, 1, 1], [0, 0, 0, 1, 1, 1, 2, 2, 2, 2, 3, 3, 4, 4, 5, 5, 6, 6, 7, 0, 0, 1, 1, 2, 2, 2, 3, 3, 4, 4, 5, 5, 6, 6, 7], [0, 1, 9, 2, 3, 14, 4, 5, 19, 25, 6, 8, 11, 13, 16, 18, 21, 23, 27, 1, 10, 3, 15, 5, 20, 26, 7, 8, 12, 13, 17, 18, 22, 24, 28]], "data": [1, 1, 1, 1, 1, 1, 1, 1, 1, 1, 1, 1, 1, 1, 1, 1, 1, 1, 1, 1, 1, 1, 1, 1, 1, 1, 1, 1, 1, 1, 1, 1, 1, 1, 1], "fill_value": 0, "_cache": [], "myClass": "COO", "myShape": [2, 8, 29]}, "MRho2Pos": {"maxprint": 50, "coords": [[0, 0, 0, 1, 1, 1, 2, 2, 2, 2, 3, 3, 4, 4, 5, 5, 6, 6, 7, 8, 8, 9, 9, 10, 10, 10, 11, 11, 12, 12, 13, 13, 14, 14, 15], [0, 1, 9, 2, 3, 14, 4, 5, 19, 25, 6, 8, 11, 13, 16, 18, 21, 23, 27, 1, 10, 3, 15, 5, 20, 26, 7, 8, 12, 13, 17, 18, 22, 24, 28]], "data": [1, 1, 1, 1, 1, 1, 1, 1, 1, 1, 1, 1, 1, 1, 1, 1, 1, 1, 1, 1, 1, 1, 1, 1, 1, 1, 1, 1, 1, 1, 1, 1, 1, 1, 1], "has_canonical_format": false, "myClass": "coo_array", "myShape": [16, 29]}, "MPR4": {"coords": [[0, 0, 0, 0, 0, 0, 0, 0, 0, 0, 0, 0, 0, 0, 0, 0, 0, 0, 0, 0, 1, 1, 1, 1, 1, 1, 1, 1, 1, 1, 1, 1, 1, 1, 1, 1, 1], [0, 0, 0, 1, 1, 1, 2, 2, 2, 2, 3, 3, 4, 4, 5, 5, 6, 6, 6, 7, 0, 0, 1, 1, 2, 2, 2, 3, 3, 4, 4, 5, 5, 6, 6, 6, 7], [0, 10, 28, 0, 18, 37, 0, 27, 46, 54, 0, 28, 0, 37, 0, 46, 10, 18, 54, 27, 74, 92, 82, 101, 91, 110, 118, 2, 92, 2, 101, 2, 110, 74, 82, 118, 91], [0, 8, 3, 1, 9, 4, 2, 11, 5, 10, 3, 3, 4, 4, 5, 5, 8, 9, 10, 11, 8, 3, 9, 4, 11, 5, 10, 3, 3, 4, 4, 5, 5, 8, 9, 10, 11]], "data": [1, -1, 1, 1, -1, 1, 1, -1, 1, 1, 1, -1, 1, -1, 1, -1, 1, 1, -1, 1, -1, 1, -1, 1, -1, 1, 1, 1, -1, 1, -1, 1, -1, 1, 1, -1, 1], "fill_value": 0, "_cache": [], "myClass": "COO", "myShape": [2, 8, 132, 12]}, "MRho3": {"coords": [[0, 0, 0, 0, 0, 0, 0, 0, 0, 0, 0, 0, 0, 0, 0, 0, 0, 0, 0, 0, 1, 1, 1, 1, 1, 1, 1, 1, 1, 1, 1, 1, 1, 1, 1, 1, 1], [0, 0, 0, 1, 1, 1, 2, 2, 2, 2, 3, 3, 4, 4, 5, 5, 6, 6, 6, 7, 0, 0, 1, 1, 2, 2, 2, 3, 3, 4, 4, 5, 5, 6, 6, 6, 7], [0, 9, 21, 2, 14, 23, 4, 19, 25, 27, 6, 9, 11, 14, 16, 19, 21, 23, 25, 27, 10, 22, 15, 24, 20, 26, 28, 7, 10, 12, 15, 17, 20, 22, 24, 26, 28]], "data": [1, 1, -1, 1, 1, -1, 1, 1, 1, -1, 1, -1, 1, -1, 1, -1, 1, 1, -1, 1, 1, -1, 1, -1, 1, 1, -1, 1, -1, 1, -1, 1, -1, 1, 1, -1, 1], "fill_value": 0, "_cache": [], "myClass": "COO", "myShape": [2, 8, 29]}, "MRho2": {"maxprint": 50, "coords": [[0, 0, 0, 1, 1, 1, 2, 2, 2, 2, 3, 3, 4, 4, 5, 5, 6, 6, 6, 7, 8, 8, 9, 9, 10, 10, 10, 11, 11, 12, 12, 13, 13, 14, 14, 14, 15], [0, 9, 21, 2, 14, 23, 4, 19, 25, 27, 6, 9, 11, 14, 16, 19, 21, 23, 25, 27, 10, 22, 15, 24, 20, 26, 28, 7, 10, 12, 15, 17, 20, 22, 24, 26, 28]], "data": [1, 1, -1, 1, 1, -1, 1, 1, 1, -1, 1, -1, 1, -1, 1, -1, 1, 1, -1, 1, 1, -1, 1, -1, 1, 1, -1, 1, -1, 1, -1, 1, -1, 1, 1, -1, 1], "has_canonical_format": false, "myClass": "coo_array", "myShape": [16, 29]}, "ARho": {"maxprint": 50, "coords": [[0, 0, 1, 1, 1, 2, 2, 3, 3, 3, 4, 4, 5, 5, 5, 6, 6, 7, 7, 8, 8, 8, 9, 9, 10, 10, 11, 11, 12, 12, 13, 13, 13, 14, 14, 15, 15, 16, 16, 17, 17, 18, 18, 18, 19, 19, 20, 20, 21, 22, 23, 24, 25, 25, 26, 26], [21, 1, 22, 21, 1, 23, 3, 24, 23, 3, 27, 5, 28, 27, 5, 9, 8, 10, 8, 10, 9, 8, 21, 1, 22, 1, 14, 13, 15, 13, 15, 14, 13, 23, 3, 24, 3, 19, 18, 20, 18, 20, 19, 18, 27, 5, 28, 5, 25, 26, 25, 26, 27, 5, 28, 5]], "data": [1, 1, 1, 1, 2, 1, 1, 1, 1, 2, 1, 1, 1, 1, 2, 1, 1, 1, 1, 1, 1, 2, 1, 1, 1, 1, 1, 1, 1, 1, 1, 1, 2, 1, 1, 1, 1, 1, 1, 1, 1, 1, 1, 2, 1, 1, 1, 1, 1, 1, 1, 1, 1, 1, 1, 1], "has_canonical_format": false, "myClass": "coo_array", "myShape": [29, 29]}, "APR": {"maxprint": 50, "coords": [[0, 0, 1, 1, 1, 132, 132, 133, 133, 133, 264, 264, 265, 265, 265, 396, 396, 398, 398, 399, 399, 399, 424, 424, 488, 488, 528, 528, 530, 530, 531, 531, 531, 565, 565, 629, 629, 660, 660, 662, 662, 663, 663, 663, 706, 706, 770, 770, 1066, 1130, 1206, 1270, 1374, 1374, 1438, 1438], [1066, 1, 1130, 1066, 1, 1206, 133, 1270, 1206, 133, 1479, 265, 1543, 1479, 265, 424, 399, 488, 399, 488, 424, 399, 1066, 1, 1130, 1, 565, 531, 629, 531, 629, 565, 531, 1206, 133, 1270, 133, 706, 663, 770, 663, 770, 706, 663, 1479, 265, 1543, 265, 1374, 1438, 1374, 1438, 1479, 265, 1543, 265]], "data": [1, 1, 1, 1, 2, 1, 1, 1, 1, 2, 1, 1, 1, 1, 2, 1, 1, 1, 1, 1, 1, 2, 1, 1, 1, 1, 1, 1, 1, 1, 1, 1, 2, 1, 1, 1, 1, 1, 1, 1, 1, 1, 1, 2, 1, 1, 1, 1, 1, 1, 1, 1, 1, 1, 1, 1], "has_canonical_format": true, "myClass": "coo_array", "myShape": [1584, 1584]}, "APR4": {"coords": [[0, 0, 0, 0, 0, 0, 0, 0, 0, 0, 0, 0, 1, 1, 1, 1, 1, 1, 1, 1, 1, 2, 2, 2, 2, 2, 2, 3, 3, 3, 3, 3, 3, 3, 3, 3, 10, 18, 28, 28, 37, 37, 46, 46, 54, 54, 74, 82, 92, 92, 101, 101, 110, 110, 118, 118], [0, 0, 1, 1, 2, 2, 3, 3, 4, 4, 5, 5, 0, 0, 0, 1, 1, 1, 2, 2, 2, 3, 3, 4, 4, 5, 5, 3, 3, 3, 4, 4, 4, 5, 5, 5, 8, 9, 3, 3, 4, 4, 5, 5, 10, 10, 8, 9, 3, 3, 4, 4, 5, 5, 10, 10], [1, 10, 1, 18, 1, 27, 3, 28, 3, 37, 3, 46, 1, 10, 74, 1, 18, 82, 1, 27, 91, 3, 92, 3, 101, 3, 110, 3, 28, 92, 3, 37, 101, 3, 46, 110, 54, 54, 1, 10, 1, 18, 1, 27, 1, 27, 118, 118, 1, 74, 1, 82, 1, 91, 1, 91], [0, 8, 1, 9, 2, 11, 3, 3, 4, 4, 5, 5, 0, 8, 8, 1, 9, 9, 2, 11, 11, 3, 3, 4, 4, 5, 5, 3, 3, 3, 4, 4, 4, 5, 5, 5, 10, 10, 0, 8, 1, 9, 2, 11, 2, 11, 10, 10, 0, 8, 1, 9, 2, 11, 2, 11]], "data": [1, 1, 1, 1, 1, 1, 1, 1, 1, 1, 1, 1, 2, 1, 1, 2, 1, 1, 2, 1, 1, 1, 1, 1, 1, 1, 1, 2, 1, 1, 2, 1, 1, 2, 1, 1, 1, 1, 1, 1, 1, 1, 1, 1, 1, 1, 1, 1, 1, 1, 1, 1, 1, 1, 1, 1], "fill_value": 0, "_cache": [], "myClass": "COO", "myShape": [132, 12, 132, 12]}, "ARhoSoS": [], "AFormal": {"maxprint": 50, "coords": [[0, 0, 0, 1, 1, 1, 2, 2, 2, 3, 3, 3, 4, 4, 4, 5, 5, 5, 6, 8, 8, 8, 9, 9, 9, 10, 10, 10, 11, 11, 11, 12, 12, 12, 13, 13, 13, 14], [6, 8, 0, 6, 9, 1, 7, 10, 2, 0, 11, 3, 1, 12, 4, 2, 13, 5, 2, 14, 8, 0, 14, 9, 1, 15, 10, 2, 8, 11, 3, 9, 12, 4, 10, 13, 5, 10]], "data": [1, 1, 1, 1, 1, 1, 1, 1, 1, 1, 1, 1, 1, 1, 1, 1, 1, 1, 1, 1, 1, 1, 1, 1, 1, 1, 1, 1, 1, 1, 1, 1, 1, 1, 1, 1, 1, 1], "has_canonical_format": false, "myClass": "coo_array", "myShape": [16, 16]}, "AFormalT": {"coords": [[0, 0, 0, 0, 0, 0, 0, 0, 0, 0, 0, 0, 0, 0, 0, 0, 0, 0, 0, 0, 1, 1, 1, 1, 1, 1, 1, 1, 1, 1, 1, 1, 1, 1, 1, 1, 1, 1], [0, 0, 0, 1, 1, 1, 2, 2, 2, 3, 4, 4, 4, 5, 5, 5, 6, 6, 6, 7, 0, 0, 0, 1, 1, 1, 2, 2, 2, 4, 4, 4, 5, 5, 5, 6, 6, 6], [0, 0, 0, 0, 0, 1, 0, 0, 1, 0, 0, 0, 0, 0, 0, 1, 0, 0, 1, 0, 0, 1, 1, 0, 1, 1, 0, 1, 1, 0, 1, 1, 0, 1, 1, 0, 1, 1], [0, 3, 4, 1, 5, 3, 2, 6, 0, 1, 0, 4, 7, 1, 5, 7, 2, 6, 4, 5, 3, 0, 4, 0, 1, 5, 1, 2, 6, 7, 0, 4, 4, 1, 5, 5, 2, 6]], "data": [1, 1, 1, 1, 1, 1, 1, 1, 1, 1, 1, 1, 1, 1, 1, 1, 1, 1, 1, 1, 1, 1, 1, 1, 1, 1, 1, 1, 1, 1, 1, 1, 1, 1, 1, 1, 1, 1], "fill_value": 0, "_cache": [], "myClass": "COO", "myShape": [2, 8, 2, 8]}, "ASys": {"maxprint": 50, "coords": [[0, 0, 1, 1, 1, 2, 2, 3, 3, 3, 4, 4, 5, 5, 5, 6, 6, 7, 7, 8, 8, 8, 9, 9, 10, 10, 11, 11, 12, 12, 13, 13, 13, 14, 14, 15, 15, 16, 16, 17, 17, 18, 18, 18, 19, 19, 20, 20, 21, 22, 23, 24, 25, 25, 26, 26], [21, 1, 22, 21, 1, 23, 3, 24, 23, 3, 27, 5, 28, 27, 5, 9, 8, 10, 8, 10, 9, 8, 21, 1, 22, 1, 14, 13, 15, 13, 15, 14, 13, 23, 3, 24, 3, 19, 18, 20, 18, 20, 19, 18, 27, 5, 28, 5, 25, 26, 25, 26, 27, 5, 28, 5]], "data": [1, 1, 1, 1, 2, 1, 1, 1, 1, 2, 1, 1, 1, 1, 2, 1, 1, 1, 1, 1, 1, 2, 1, 1, 1, 1, 1, 1, 1, 1, 1, 1, 2, 1, 1, 1, 1, 1, 1, 1, 1, 1, 1, 2, 1, 1, 1, 1, 1, 1, 1, 1, 1, 1, 1, 1], "has_canonical_format": false, "myClass": "coo_array", "myShape": [29, 29]}, "myClass": "Analytics"}, "myClass": "LFES"}