<?xml version="1.0" ?>
<LFES name="Simulation 3" scenario="base" refArchitecture="Lake-Land System" dataState="raw" inputDataFormat="default" version="4.0" verboseMode="true" analyzeSoS="false" outputFileType="hdf5">
   <Operand operandName="water" operandType="matter"/>
   <Operand operandName="nitrogen" operandType="matter"/> 
   
   <TransformationResource transformationResourceName="Lake 1" gpsX="0" gpsY="0" decisionMaker="" autonomous="true" elevation_1="200" elevation_2="200" elevationUnits="m" QBminFlow_1="5000000" QBminFlow_2="150" QBunits="m^3" controller="" hasQBinitCond_1="true" hasQBinitCond_2="true" hasQBfinalCond_1="false" hasQBfinalCond_2="false" hasQBCapacityConstraint_1="false" hasQBCapacityConstraint_2="false" QBinitCond_1="15000000" QBinitCond_2="3750000" QBfinalCond_1="" QBfinalCond_2="" QBmax_1="10000000" QBmax_2="10000000" costCoeffQB_1="0" costCoeffQB_2="0" area_1="3000000" area_2="3000000" areaUnits="m^2">
      <TransformationProcess name="accept water" status="true" inputOperand="" inputOperandWeight="1" outputOperand="water" outputOperandWeight="1" duration="" hasResistance="false" resistance="1000" resistanceUnits="s/m^3" hasUEMinusExoConstraint="true" hasUEPlusExoConstraint="false" hasUEMinusCapacityConstraint="false" hasUEPlusCapacityConstraint="false" CUMinus="rainfall" CUPlus="" UEMinusMax="" UEPlusMax="" hasQEinitCond="false" hasQEfinalCond="false" hasQECapacityConstraint="false" QEinitCond="" QEfinalCond="" QEmax="" costCoeffQE="0"/>
      <TransformationProcess name="mix lakewater" status="true" inputOperand="water,nitrogen" inputOperandWeight="" outputOperand="water,nitrogen" outputOperandWeight="" duration="" hasResistance="false" resistance="" resistanceUnits="s/m^3" hasUEMinusExoConstraint="false" hasUEPlusExoConstraint="false" hasUEMinusCapacityConstraint="false" hasUEPlusCapacityConstraint="false" CUMinus="" CUPlus="" UEMinusMax="" UEPlusMax="" hasQEinitCond="false" hasQEfinalCond="false" hasQECapacityConstraint="false" QEinitCond="" QEfinalCond="" QEmax="" costCoeffQE="0"/>
   </TransformationResource>
   
   <TransformationResource transformationResourceName="Lake 2" gpsX="1" gpsY="0" decisionMaker="" autonomous="true" elevation_1="180" elevation_2="180" elevationUnits="m" QBminFlow_1="8000000" QBminFlow_2="150" QBunits="m^3" controller="" hasQBinitCond_1="true" hasQBinitCond_2="true" hasQBfinalCond_1="false" hasQBfinalCond_2="false" hasQBCapacityConstraint_1="false" hasQBCapacityConstraint_2="false" QBinitCond_1="24000000" QBinitCond_2="4800000" QBfinalCond_1="" QBfinalCond_2="" QBmax_1="10000000" QBmax_2="10000000" costCoeffQB_1="0" costCoeffQB_2="0" area_1="4000000" area_2="4000000" areaUnits="m^2">
      <TransformationProcess name="accept water" status="true" inputOperand="" inputOperandWeight="1" outputOperand="water" outputOperandWeight="1" duration="" hasResistance="false" resistance="2000" resistanceUnits="s/m^3" hasUEMinusExoConstraint="true" hasUEPlusExoConstraint="false" hasUEMinusCapacityConstraint="false" hasUEPlusCapacityConstraint="false" CUMinus="rainfall" CUPlus="" UEMinusMax="" UEPlusMax="" hasQEinitCond="false" hasQEfinalCond="false" hasQECapacityConstraint="false" QEinitCond="" QEfinalCond="" QEmax="" costCoeffQE="0"/>
      <TransformationProcess name="mix lakewater" status="true" inputOperand="water,nitrogen" inputOperandWeight="" outputOperand="water,nitrogen" outputOperandWeight="" duration="" hasResistance="false" resistance="" resistanceUnits="s/m^3" hasUEMinusExoConstraint="false" hasUEPlusExoConstraint="false" hasUEMinusCapacityConstraint="false" hasUEPlusCapacityConstraint="false" CUMinus="" CUPlus="" UEMinusMax="" UEPlusMax="" hasQEinitCond="false" hasQEfinalCond="false" hasQECapacityConstraint="false" QEinitCond="" QEfinalCond="" QEmax="" costCoeffQE="0"/>
   </TransformationResource>
   
   <TransformationResource transformationResourceName="Lake 3" gpsX="2" gpsY="0" decisionMaker="" autonomous="true" elevation_1="140" elevation_2="140" elevationUnits="m" QBminFlow_1="15000000" QBminFlow_2="150" QBunits="m^3" controller="" hasQBinitCond_1="true" hasQBinitCond_2="true" hasQBfinalCond_1="false" hasQBfinalCond_2="false" hasQBCapacityConstraint_1="false" hasQBCapacityConstraint_2="false" QBinitCond_1="40000000" QBinitCond_2="6000000" QBfinalCond_1="" QBfinalCond_2="" QBmax_1="10000000" QBmax_2="10000000" costCoeffQB_1="0" costCoeffQB_2="0" area_1="5000000" area_2="5000000" areaUnits="m^2">
      <TransformationProcess name="accept water" status="true" inputOperand="" inputOperandWeight="1" outputOperand="water" outputOperandWeight="1" duration="" hasResistance="false" resistance="3000" resistanceUnits="s/m^3" hasUEMinusExoConstraint="true" hasUEPlusExoConstraint="false" hasUEMinusCapacityConstraint="false" hasUEPlusCapacityConstraint="false" CUMinus="rainfall" CUPlus="" UEMinusMax="" UEPlusMax="" hasQEinitCond="false" hasQEfinalCond="false" hasQECapacityConstraint="false" QEinitCond="" QEfinalCond="" QEmax="" costCoeffQE="0"/>
      <TransformationProcess name="mix lakewater" status="true" inputOperand="water,nitrogen" inputOperandWeight="" outputOperand="water,nitrogen" outputOperandWeight="" duration="" hasResistance="false" resistance="" resistanceUnits="s/m^3" hasUEMinusExoConstraint="false" hasUEPlusExoConstraint="false" hasUEMinusCapacityConstraint="false" hasUEPlusCapacityConstraint="false" CUMinus="" CUPlus="" UEMinusMax="" UEPlusMax="" hasQEinitCond="false" hasQEfinalCond="false" hasQECapacityConstraint="false" QEinitCond="" QEfinalCond="" QEmax="" costCoeffQE="0"/>
   </TransformationResource>
   
   <TransformationResource transformationResourceName="Land 1" gpsX="1" gpsY="1" decisionMaker="" autonomous="true" elevation_1="300" elevation_2="300" elevationUnits="m" QBminFlow_1="100" QBminFlow_2="150" QBunits="m^3" controller="" hasQBinitCond_1="true" hasQBinitCond_2="true" hasQBfinalCond_1="false" hasQBfinalCond_2="false" hasQBCapacityConstraint_1="false" hasQBCapacityConstraint_2="false" QBinitCond_1="50000" QBinitCond_2="300000" QBfinalCond_1="" QBfinalCond_2="" QBmax_1="10000000" QBmax_2="10000000" costCoeffQB_1="0" costCoeffQB_2="0" area_1="1000000" area_2="1000000" areaUnits="m^2">
      <TransformationProcess name="accept water" status="true" inputOperand="" inputOperandWeight="1" outputOperand="water" outputOperandWeight="1" duration="" hasResistance="false" resistance="4000" resistanceUnits="s/m^3" hasUEMinusExoConstraint="true" hasUEPlusExoConstraint="false" hasUEMinusCapacityConstraint="false" hasUEPlusCapacityConstraint="false" CUMinus="rainfall" CUPlus="" UEMinusMax="" UEPlusMax="" hasQEinitCond="false" hasQEfinalCond="false" hasQECapacityConstraint="false" QEinitCond="" QEfinalCond="" QEmax="" costCoeffQE="0"/>
      <TransformationProcess name="accept nitrogen" status="true" inputOperand="" inputOperandWeight="1" outputOperand="nitrogen" outputOperandWeight="1" duration="" hasResistance="false" resistance="4001" resistanceUnits="s/m^3" hasUEMinusExoConstraint="true" hasUEPlusExoConstraint="false" hasUEMinusCapacityConstraint="false" hasUEPlusCapacityConstraint="false" CUMinus="fertilizer1" CUPlus="" UEMinusMax="" UEPlusMax="" hasQEinitCond="false" hasQEfinalCond="false" hasQECapacityConstraint="false" QEinitCond="" QEfinalCond="" QEmax="" costCoeffQE="0"/>
      <TransformationProcess name="mix runoff" status="true" inputOperand="water,nitrogen" inputOperandWeight="" outputOperand="water,nitrogen" outputOperandWeight="" duration="" hasResistance="false" resistance="" resistanceUnits="s/m^3" hasUEMinusExoConstraint="false" hasUEPlusExoConstraint="false" hasUEMinusCapacityConstraint="false" hasUEPlusCapacityConstraint="false" CUMinus="" CUPlus="" UEMinusMax="" UEPlusMax="" hasQEinitCond="false" hasQEfinalCond="false" hasQECapacityConstraint="false" QEinitCond="" QEfinalCond="" QEmax="" costCoeffQE="0"/>
      <TransportationProcess name="transport" status="true" origin="Land 1" destination="Lake 1" ref="water" inputOperand="water" outputOperand="water" inputOperandWeight="" outputOperandWeight="" duration="" hasResistance="true" resistance="20000000" resistanceUnits="s/m^3" hasUEMinusExoConstraint="false" hasUEPlusExoConstraint="false" hasUEMinusCapacityConstraint="false" hasUEPlusCapacityConstraint="false" CUMinus="" CUPlus="" UEMinusMax="" UEPlusMax="" hasQEinitCond="false" hasQEfinalCond="false" hasQECapacityConstraint="false" QEinitCond="" QEfinalCond="" QEmax="" costCoeffQE="0"/>
      <TransportationProcess name="transport" status="true" origin="Land 1" destination="Lake 1" ref="nitrogen" inputOperand="nitrogen" outputOperand="nitrogen" inputOperandWeight="" outputOperandWeight="" duration="" hasResistance="false" resistance="" resistanceUnits="s/m^3" hasUEMinusExoConstraint="false" hasUEPlusExoConstraint="false" hasUEMinusCapacityConstraint="false" hasUEPlusCapacityConstraint="false" CUMinus="" CUPlus="" UEMinusMax="" UEPlusMax="" hasQEinitCond="false" hasQEfinalCond="false" hasQECapacityConstraint="false" QEinitCond="" QEfinalCond="" QEmax="" costCoeffQE="0"/>
   </TransformationResource>
   
   <TransformationResource transformationResourceName="Land 2" gpsX="1" gpsY="1" decisionMaker="" autonomous="true" elevation_1="280" elevation_2="280" elevationUnits="m" QBminFlow_1="100" QBminFlow_2="150" QBunits="m^3" controller="" hasQBinitCond_1="true" hasQBinitCond_2="true" hasQBfinalCond_1="false" hasQBfinalCond_2="false" hasQBCapacityConstraint_1="false" hasQBCapacityConstraint_2="false" QBinitCond_1="60000" QBinitCond_2="450000" QBfinalCond_1="" QBfinalCond_2="" QBmax_1="10000000" QBmax_2="10000000" costCoeffQB_1="0" costCoeffQB_2="0" area_1="1500000" area_2="1500000" areaUnits="m^2">
      <TransformationProcess name="accept water" status="true" inputOperand="" inputOperandWeight="1" outputOperand="water" outputOperandWeight="1" duration="" hasResistance="false" resistance="5000" resistanceUnits="s/m^3" hasUEMinusExoConstraint="true" hasUEPlusExoConstraint="false" hasUEMinusCapacityConstraint="false" hasUEPlusCapacityConstraint="false" CUMinus="rainfall" CUPlus="" UEMinusMax="" UEPlusMax="" hasQEinitCond="false" hasQEfinalCond="false" hasQECapacityConstraint="false" QEinitCond="" QEfinalCond="" QEmax="" costCoeffQE="0"/>
      <TransformationProcess name="accept nitrogen" status="true" inputOperand="" inputOperandWeight="1" outputOperand="nitrogen" outputOperandWeight="1" duration="" hasResistance="false" resistance="5001" resistanceUnits="s/m^3" hasUEMinusExoConstraint="true" hasUEPlusExoConstraint="false" hasUEMinusCapacityConstraint="false" hasUEPlusCapacityConstraint="false" CUMinus="fertilizer2" CUPlus="" UEMinusMax="" UEPlusMax="" hasQEinitCond="false" hasQEfinalCond="false" hasQECapacityConstraint="false" QEinitCond="" QEfinalCond="" QEmax="" costCoeffQE="0"/>
      <TransformationProcess name="mix runoff" status="true" inputOperand="water,nitrogen" inputOperandWeight="" outputOperand="water,nitrogen" outputOperandWeight="" duration="" hasResistance="false" resistance="" resistanceUnits="s/m^3" hasUEMinusExoConstraint="false" hasUEPlusExoConstraint="false" hasUEMinusCapacityConstraint="false" hasUEPlusCapacityConstraint="false" CUMinus="" CUPlus="" UEMinusMax="" UEPlusMax="" hasQEinitCond="false" hasQEfinalCond="false" hasQECapacityConstraint="false" QEinitCond="" QEfinalCond="" QEmax="" costCoeffQE="0"/>
      <TransportationProcess name="transport" status="true" origin="Land 2" destination="Lake 2" ref="water" inputOperand="water" outputOperand="water" inputOperandWeight="" outputOperandWeight="" duration="" hasResistance="true" resistance="18000000" resistanceUnits="s/m^3" hasUEMinusExoConstraint="false" hasUEPlusExoConstraint="false" hasUEMinusCapacityConstraint="false" hasUEPlusCapacityConstraint="false" CUMinus="" CUPlus="" UEMinusMax="" UEPlusMax="" hasQEinitCond="false" hasQEfinalCond="false" hasQECapacityConstraint="false" QEinitCond="" QEfinalCond="" QEmax="" costCoeffQE="0"/>
      <TransportationProcess name="transport" status="true" origin="Land 2" destination="Lake 2" ref="nitrogen" inputOperand="nitrogen" outputOperand="nitrogen" inputOperandWeight="" outputOperandWeight="" duration="" hasResistance="false" resistance="" resistanceUnits="s/m^3" hasUEMinusExoConstraint="false" hasUEPlusExoConstraint="false" hasUEMinusCapacityConstraint="false" hasUEPlusCapacityConstraint="false" CUMinus="" CUPlus="" UEMinusMax="" UEPlusMax="" hasQEinitCond="false" hasQEfinalCond="false" hasQECapacityConstraint="false" QEinitCond="" QEfinalCond="" QEmax="" costCoeffQE="0"/>
   </TransformationResource>
   
   <TransformationResource transformationResourceName="Land 3" gpsX="1" gpsY="1" decisionMaker="" autonomous="true" elevation_1="260" elevation_2="260" elevationUnits="m" QBminFlow_1="100" QBminFlow_2="150" QBunits="m^3" controller="" hasQBinitCond_1="true" hasQBinitCond_2="true" hasQBfinalCond_1="false" hasQBfinalCond_2="false" hasQBCapacityConstraint_1="false" hasQBCapacityConstraint_2="false" QBinitCond_1="300000" QBinitCond_2="432000" QBfinalCond_1="" QBfinalCond_2="" QBmax_1="10000000" QBmax_2="10000000" costCoeffQB_1="0" costCoeffQB_2="0" area_1="800000" area_2="800000" areaUnits="m^2">
      <TransformationProcess name="accept water" status="true" inputOperand="" inputOperandWeight="1" outputOperand="water" outputOperandWeight="1" duration="" hasResistance="false" resistance="6000" resistanceUnits="s/m^3" hasUEMinusExoConstraint="true" hasUEPlusExoConstraint="false" hasUEMinusCapacityConstraint="false" hasUEPlusCapacityConstraint="false" CUMinus="rainfall" CUPlus="" UEMinusMax="" UEPlusMax="" hasQEinitCond="false" hasQEfinalCond="false" hasQECapacityConstraint="false" QEinitCond="" QEfinalCond="" QEmax="" costCoeffQE="0"/>
      <TransformationProcess name="accept nitrogen" status="true" inputOperand="" inputOperandWeight="1" outputOperand="nitrogen" outputOperandWeight="1" duration="" hasResistance="false" resistance="6001" resistanceUnits="s/m^3" hasUEMinusExoConstraint="true" hasUEPlusExoConstraint="false" hasUEMinusCapacityConstraint="false" hasUEPlusCapacityConstraint="false" CUMinus="fertilizer3" CUPlus="" UEMinusMax="" UEPlusMax="" hasQEinitCond="false" hasQEfinalCond="false" hasQECapacityConstraint="false" QEinitCond="" QEfinalCond="" QEmax="" costCoeffQE="0"/>
      <TransformationProcess name="mix runoff" status="true" inputOperand="water,nitrogen" inputOperandWeight="" outputOperand="water,nitrogen" outputOperandWeight="" duration="" hasResistance="false" resistance="" resistanceUnits="s/m^3" hasUEMinusExoConstraint="false" hasUEPlusExoConstraint="false" hasUEMinusCapacityConstraint="false" hasUEPlusCapacityConstraint="false" CUMinus="" CUPlus="" UEMinusMax="" UEPlusMax="" hasQEinitCond="false" hasQEfinalCond="false" hasQECapacityConstraint="false" QEinitCond="" QEfinalCond="" QEmax="" costCoeffQE="0"/>
      <TransportationProcess name="transport" status="true" origin="Land 3" destination="Lake 3" ref="water" inputOperand="water" outputOperand="water" inputOperandWeight="" outputOperandWeight="" duration="" hasResistance="true" resistance="15000000" resistanceUnits="s/m^3" hasUEMinusExoConstraint="false" hasUEPlusExoConstraint="false" hasUEMinusCapacityConstraint="false" hasUEPlusCapacityConstraint="false" CUMinus="" CUPlus="" UEMinusMax="" UEPlusMax="" hasQEinitCond="false" hasQEfinalCond="false" hasQECapacityConstraint="false" QEinitCond="" QEfinalCond="" QEmax="" costCoeffQE="0"/>
      <TransportationProcess name="transport" status="true" origin="Land 3" destination="Lake 3" ref="nitrogen" inputOperand="nitrogen" outputOperand="nitrogen" inputOperandWeight="" outputOperandWeight="" duration="" hasResistance="false" resistance="" resistanceUnits="s/m^3" hasUEMinusExoConstraint="false" hasUEPlusExoConstraint="false" hasUEMinusCapacityConstraint="false" hasUEPlusCapacityConstraint="false" CUMinus="" CUPlus="" UEMinusMax="" UEPlusMax="" hasQEinitCond="false" hasQEfinalCond="false" hasQECapacityConstraint="false" QEinitCond="" QEfinalCond="" QEmax="" costCoeffQE="0"/>
   </TransformationResource>      
   <!-- Independent Buffers -->
   <IndependentBuffer independentBufferName="Point 1" decisionMaker="" autonomous="true" gpsX="1" gpsY="0" elevation_1="160" elevation_2="160" elevationUnits="m" QBminFlow_1="100" QBminFlow_2="0" QBunits="m^3" controller="" hasQBinitCond_1="true" hasQBinitCond_2="true" hasQBfinalCond_1="false" hasQBfinalCond_2="false" hasQBCapacityConstraint_1="false" hasQBCapacityConstraint_2="false" QBinitCond_1="10000" QBinitCond_2="450" QBfinalCond_1="" QBfinalCond_2="" QBmax_1="0" QBmax_2="0" costCoeffQB_1="0" costCoeffQB_2="0" area_1="500" area_2="500" areaUnits="m^2"/>
   <IndependentBuffer independentBufferName="Point 2" decisionMaker="" autonomous="true" gpsX="1" gpsY="0" elevation_1="100" elevation_2="100" elevationUnits="m" QBminFlow_1="100" QBminFlow_2="0" QBunits="m^3" controller="" hasQBinitCond_1="true" hasQBinitCond_2="true" hasQBfinalCond_1="false" hasQBfinalCond_2="false" hasQBCapacityConstraint_1="false" hasQBCapacityConstraint_2="false" QBinitCond_1="10000" QBinitCond_2="350" QBfinalCond_1="" QBfinalCond_2="" QBmax_1="0" QBmax_2="0" costCoeffQB_1="0" costCoeffQB_2="0" area_1="500" area_2="500" areaUnits="m^2"/>   
   <!-- Transportation Resources -->
   <TransportationResource transportationResourceName="River Segment 1" decisionMaker="" autonomous="true">
      <TransportationProcess name="transport" status="true" origin="Lake 1" destination="Point 1" ref="water" inputOperand="water" outputOperand="water" inputOperandWeight="" outputOperandWeight="" duration="" hasResistance="true" resistance="480000000" resistanceUnits="s/m^3" hasUEMinusExoConstraint="false" hasUEPlusExoConstraint="false" hasUEMinusCapacityConstraint="false" hasUEPlusCapacityConstraint="false" CUMinus="" CUPlus="" UEMinusMax="" UEPlusMax="" hasQEinitCond="false" hasQEfinalCond="false" hasQECapacityConstraint="false" QEinitCond="" QEfinalCond="" QEmax="" costCoeffQE="0"/>
      <TransportationProcess name="transport" status="true" origin="Lake 1" destination="Point 1" ref="nitrogen" inputOperand="nitrogen" outputOperand="nitrogen" inputOperandWeight="" outputOperandWeight="" duration="" hasResistance="false" resistance="" resistanceUnits="s/m^3" hasUEMinusExoConstraint="false" hasUEPlusExoConstraint="false" hasUEMinusCapacityConstraint="false" hasUEPlusCapacityConstraint="false" CUMinus="" CUPlus="" UEMinusMax="" UEPlusMax="" hasQEinitCond="false" hasQEfinalCond="false" hasQECapacityConstraint="false" QEinitCond="" QEfinalCond="" QEmax="" costCoeffQE="0"/>
   </TransportationResource>
   
   <TransportationResource transportationResourceName="River Segment 2" decisionMaker="" autonomous="true">
      <TransportationProcess name="transport" status="true" origin="Lake 2" destination="Point 1" ref="water" inputOperand="water" outputOperand="water" inputOperandWeight="" outputOperandWeight="" duration="" hasResistance="true" resistance="190000000" resistanceUnits="s/m^3" hasUEMinusExoConstraint="false" hasUEPlusExoConstraint="false" hasUEMinusCapacityConstraint="false" hasUEPlusCapacityConstraint="false" CUMinus="" CUPlus="" UEMinusMax="" UEPlusMax="" hasQEinitCond="false" hasQEfinalCond="false" hasQECapacityConstraint="false" QEinitCond="" QEfinalCond="" QEmax="" costCoeffQE="0"/>
      <TransportationProcess name="transport" status="true" origin="Lake 2" destination="Point 1" ref="nitrogen" inputOperand="nitrogen" outputOperand="nitrogen" inputOperandWeight="" outputOperandWeight="" duration="" hasResistance="false" resistance="" resistanceUnits="s/m^3" hasUEMinusExoConstraint="false" hasUEPlusExoConstraint="false" hasUEMinusCapacityConstraint="false" hasUEPlusCapacityConstraint="false" CUMinus="" CUPlus="" UEMinusMax="" UEPlusMax="" hasQEinitCond="false" hasQEfinalCond="false" hasQECapacityConstraint="false" QEinitCond="" QEfinalCond="" QEmax="" costCoeffQE="0"/>
   </TransportationResource>
   
   <TransportationResource transportationResourceName="River Segment 3" decisionMaker="" autonomous="true">
      <TransportationProcess name="transport" status="true" origin="Point 1" destination="Lake 3" ref="water" inputOperand="water" outputOperand="water" inputOperandWeight="" outputOperandWeight="" duration="" hasResistance="true" resistance="500000000" resistanceUnits="s/m^3" hasUEMinusExoConstraint="false" hasUEPlusExoConstraint="false" hasUEMinusCapacityConstraint="false" hasUEPlusCapacityConstraint="false" CUMinus="rainfall" CUPlus="" UEMinusMax="" UEPlusMax="" hasQEinitCond="false" hasQEfinalCond="false" hasQECapacityConstraint="false" QEinitCond="" QEfinalCond="" QEmax="" costCoeffQE="0"/>
      <TransportationProcess name="transport" status="true" origin="Point 1" destination="Lake 3" ref="nitrogen" inputOperand="nitrogen" outputOperand="nitrogen" inputOperandWeight="" outputOperandWeight="" duration="" hasResistance="false" resistance="" resistanceUnits="s/m^3" hasUEMinusExoConstraint="false" hasUEPlusExoConstraint="false" hasUEMinusCapacityConstraint="false" hasUEPlusCapacityConstraint="false" CUMinus="" CUPlus="" UEMinusMax="" UEPlusMax="" hasQEinitCond="false" hasQEfinalCond="false" hasQECapacityConstraint="false" QEinitCond="" QEfinalCond="" QEmax="" costCoeffQE="0"/>
   </TransportationResource>
   
   <TransportationResource transportationResourceName="River Segment 4" decisionMaker="" autonomous="true">
      <TransportationProcess name="transport" status="true" origin="Lake 3" destination="Point 2" ref="water" inputOperand="water" outputOperand="water" inputOperandWeight="" outputOperandWeight="" duration="" hasResistance="true" resistance="480000000" resistanceUnits="s/m^3" hasUEMinusExoConstraint="false" hasUEPlusExoConstraint="false" hasUEMinusCapacityConstraint="false" hasUEPlusCapacityConstraint="false" CUMinus="" CUPlus="" UEMinusMax="" UEPlusMax="" hasQEinitCond="false" hasQEfinalCond="false" hasQECapacityConstraint="false" QEinitCond="" QEfinalCond="" QEmax="" costCoeffQE="0"/>
      <TransportationProcess name="transport" status="true" origin="Lake 3" destination="Point 2" ref="nitrogen" inputOperand="nitrogen" outputOperand="nitrogen" inputOperandWeight="" outputOperandWeight="" duration="" hasResistance="false" resistance="" resistanceUnits="s/m^3" hasUEMinusExoConstraint="false" hasUEPlusExoConstraint="false" hasUEMinusCapacityConstraint="false" hasUEPlusCapacityConstraint="false" CUMinus="" CUPlus="" UEMinusMax="" UEPlusMax="" hasQEinitCond="false" hasQEfinalCond="false" hasQECapacityConstraint="false" QEinitCond="" QEfinalCond="" QEmax="" costCoeffQE="0"/>
   </TransportationResource>
</LFES>