<?xml version="1.0" ?>
<LFES name="Three Lake Land System Both Operands Test" scenario="base" refArchitecture="Lake-Land System" dataState="raw" inputDataFormat="default" version="4.0" verboseMode="true" analyzeSoS="false" outputFileType="hdf5">
   <Operand operandName="water" operandType="matter"/>
   <Operand operandName="nitrogen" operandType="matter"/> 
   
   <TransformationResource transformationResourceName="Lake 1" gpsX="0" gpsY="0" decisionMaker="" autonomous="true" elevation_1="600" elevation_2="600" elevationUnits="m" QBminFlow_1="150" QBminFlow_2="150" QBunits="m^3" controller="" hasQBinitCond_1="true" hasQBinitCond_2="true" hasQBfinalCond_1="false" hasQBfinalCond_2="false" hasQBCapacityConstraint_1="false" hasQBCapacityConstraint_2="false" QBinitCond_1="100" QBinitCond_2="1" QBfinalCond_1="" QBfinalCond_2="" QBmax_1="10000000" QBmax_2="10000000" costCoeffQB_1="0" costCoeffQB_2="0" area_1="100" area_2="100" areaUnits="m^2">
      <TransformationProcess name="accept water" status="true" inputOperand="" inputOperandWeight="1" outputOperand="water" outputOperandWeight="1" duration="" hasResistance="false" resistance="1000" resistanceUnits="s/m^3" hasUEMinusExoConstraint="true" hasUEPlusExoConstraint="false" hasUEMinusCapacityConstraint="false" hasUEPlusCapacityConstraint="false" CUMinus="rainfall" CUPlus="" UEMinusMax="" UEPlusMax="" hasQEinitCond="false" hasQEfinalCond="false" hasQECapacityConstraint="false" QEinitCond="" QEfinalCond="" QEmax="" costCoeffQE="0"/>
   </TransformationResource>
   
   <TransformationResource transformationResourceName="Lake 2" gpsX="1" gpsY="0" decisionMaker="" autonomous="true" elevation_1="580" elevation_2="580" elevationUnits="m" QBminFlow_1="150" QBminFlow_2="150" QBunits="m^3" controller="" hasQBinitCond_1="true" hasQBinitCond_2="true" hasQBfinalCond_1="false" hasQBfinalCond_2="false" hasQBCapacityConstraint_1="false" hasQBCapacityConstraint_2="false" QBinitCond_1="200" QBinitCond_2="2" QBfinalCond_1="" QBfinalCond_2="" QBmax_1="10000000" QBmax_2="10000000" costCoeffQB_1="0" costCoeffQB_2="0" area_1="100" area_2="100" areaUnits="m^2">
      <TransformationProcess name="accept water" status="true" inputOperand="" inputOperandWeight="1" outputOperand="water" outputOperandWeight="1" duration="" hasResistance="false" resistance="2000" resistanceUnits="s/m^3" hasUEMinusExoConstraint="true" hasUEPlusExoConstraint="false" hasUEMinusCapacityConstraint="false" hasUEPlusCapacityConstraint="false" CUMinus="rainfall" CUPlus="" UEMinusMax="" UEPlusMax="" hasQEinitCond="false" hasQEfinalCond="false" hasQECapacityConstraint="false" QEinitCond="" QEfinalCond="" QEmax="" costCoeffQE="0"/>
   </TransformationResource>
   
   <TransformationResource transformationResourceName="Lake 3" gpsX="2" gpsY="0" decisionMaker="" autonomous="true" elevation_1="510" elevation_2="510" elevationUnits="m" QBminFlow_1="150" QBminFlow_2="150" QBunits="m^3" controller="" hasQBinitCond_1="true" hasQBinitCond_2="true" hasQBfinalCond_1="false" hasQBfinalCond_2="false" hasQBCapacityConstraint_1="false" hasQBCapacityConstraint_2="false" QBinitCond_1="300" QBinitCond_2="3" QBfinalCond_1="" QBfinalCond_2="" QBmax_1="10000000" QBmax_2="10000000" costCoeffQB_1="0" costCoeffQB_2="0" area_1="100" area_2="100" areaUnits="m^2">
      <TransformationProcess name="accept water" status="true" inputOperand="" inputOperandWeight="1" outputOperand="water" outputOperandWeight="1" duration="" hasResistance="false" resistance="3000" resistanceUnits="s/m^3" hasUEMinusExoConstraint="true" hasUEPlusExoConstraint="false" hasUEMinusCapacityConstraint="false" hasUEPlusCapacityConstraint="false" CUMinus="rainfall" CUPlus="" UEMinusMax="" UEPlusMax="" hasQEinitCond="false" hasQEfinalCond="false" hasQECapacityConstraint="false" QEinitCond="" QEfinalCond="" QEmax="" costCoeffQE="0"/>
   </TransformationResource>
   
   <TransformationResource transformationResourceName="Land 1" gpsX="1" gpsY="1" decisionMaker="" autonomous="true" elevation_1="610" elevation_2="610" elevationUnits="m" QBminFlow_1="150" QBminFlow_2="150" QBunits="m^3" controller="" hasQBinitCond_1="true" hasQBinitCond_2="true" hasQBfinalCond_1="false" hasQBfinalCond_2="false" hasQBCapacityConstraint_1="false" hasQBCapacityConstraint_2="false" QBinitCond_1="400" QBinitCond_2="4" QBfinalCond_1="" QBfinalCond_2="" QBmax_1="10000000" QBmax_2="10000000" costCoeffQB_1="0" costCoeffQB_2="0" area_1="200" area_2="200" areaUnits="m^2">
      <TransformationProcess name="accept water" status="true" inputOperand="" inputOperandWeight="1" outputOperand="water" outputOperandWeight="1" duration="" hasResistance="false" resistance="4000" resistanceUnits="s/m^3" hasUEMinusExoConstraint="true" hasUEPlusExoConstraint="false" hasUEMinusCapacityConstraint="false" hasUEPlusCapacityConstraint="false" CUMinus="rainfall" CUPlus="" UEMinusMax="" UEPlusMax="" hasQEinitCond="false" hasQEfinalCond="false" hasQECapacityConstraint="false" QEinitCond="" QEfinalCond="" QEmax="" costCoeffQE="0"/>
      <TransformationProcess name="accept nitrogen" status="true" inputOperand="" inputOperandWeight="1" outputOperand="nitrogen" outputOperandWeight="1" duration="" hasResistance="false" resistance="4001" resistanceUnits="s/m^3" hasUEMinusExoConstraint="true" hasUEPlusExoConstraint="false" hasUEMinusCapacityConstraint="false" hasUEPlusCapacityConstraint="false" CUMinus="fertilizer1" CUPlus="" UEMinusMax="" UEPlusMax="" hasQEinitCond="false" hasQEfinalCond="false" hasQECapacityConstraint="false" QEinitCond="" QEfinalCond="" QEmax="" costCoeffQE="0"/>
      <TransportationProcess name="transport" status="true" origin="Land 1" destination="Lake 1" ref="water" inputOperand="water" outputOperand="water" inputOperandWeight="" outputOperandWeight="" duration="" hasResistance="true" resistance="4002" resistanceUnits="s/m^3" hasUEMinusExoConstraint="false" hasUEPlusExoConstraint="false" hasUEMinusCapacityConstraint="false" hasUEPlusCapacityConstraint="false" CUMinus="" CUPlus="" UEMinusMax="" UEPlusMax="" hasQEinitCond="false" hasQEfinalCond="false" hasQECapacityConstraint="false" QEinitCond="" QEfinalCond="" QEmax="" costCoeffQE="0"/>
      <TransportationProcess name="transport" status="true" origin="Land 1" destination="Lake 1" ref="nitrogen" inputOperand="nitrogen" outputOperand="nitrogen" inputOperandWeight="" outputOperandWeight="" duration="" hasResistance="false" resistance="" resistanceUnits="s/m^3" hasUEMinusExoConstraint="false" hasUEPlusExoConstraint="false" hasUEMinusCapacityConstraint="false" hasUEPlusCapacityConstraint="false" CUMinus="" CUPlus="" UEMinusMax="" UEPlusMax="" hasQEinitCond="false" hasQEfinalCond="false" hasQECapacityConstraint="false" QEinitCond="" QEfinalCond="" QEmax="" costCoeffQE="0"/>
   </TransformationResource>
   
   <TransformationResource transformationResourceName="Land 2" gpsX="1" gpsY="1" decisionMaker="" autonomous="true" elevation_1="590" elevation_2="590" elevationUnits="m" QBminFlow_1="150" QBminFlow_2="150" QBunits="m^3" controller="" hasQBinitCond_1="true" hasQBinitCond_2="true" hasQBfinalCond_1="false" hasQBfinalCond_2="false" hasQBCapacityConstraint_1="false" hasQBCapacityConstraint_2="false" QBinitCond_1="500" QBinitCond_2="5" QBfinalCond_1="" QBfinalCond_2="" QBmax_1="10000000" QBmax_2="10000000" costCoeffQB_1="0" costCoeffQB_2="0" area_1="200" area_2="200" areaUnits="m^2">
      <TransformationProcess name="accept water" status="true" inputOperand="" inputOperandWeight="1" outputOperand="water" outputOperandWeight="1" duration="" hasResistance="false" resistance="5000" resistanceUnits="s/m^3" hasUEMinusExoConstraint="true" hasUEPlusExoConstraint="false" hasUEMinusCapacityConstraint="false" hasUEPlusCapacityConstraint="false" CUMinus="rainfall" CUPlus="" UEMinusMax="" UEPlusMax="" hasQEinitCond="false" hasQEfinalCond="false" hasQECapacityConstraint="false" QEinitCond="" QEfinalCond="" QEmax="" costCoeffQE="0"/>
      <TransformationProcess name="accept nitrogen" status="true" inputOperand="" inputOperandWeight="1" outputOperand="nitrogen" outputOperandWeight="1" duration="" hasResistance="false" resistance="5001" resistanceUnits="s/m^3" hasUEMinusExoConstraint="true" hasUEPlusExoConstraint="false" hasUEMinusCapacityConstraint="false" hasUEPlusCapacityConstraint="false" CUMinus="fertilizer2" CUPlus="" UEMinusMax="" UEPlusMax="" hasQEinitCond="false" hasQEfinalCond="false" hasQECapacityConstraint="false" QEinitCond="" QEfinalCond="" QEmax="" costCoeffQE="0"/>
      <TransportationProcess name="transport" status="true" origin="Land 2" destination="Lake 2" ref="water" inputOperand="water" outputOperand="water" inputOperandWeight="" outputOperandWeight="" duration="" hasResistance="true" resistance="5002" resistanceUnits="s/m^3" hasUEMinusExoConstraint="false" hasUEPlusExoConstraint="false" hasUEMinusCapacityConstraint="false" hasUEPlusCapacityConstraint="false" CUMinus="" CUPlus="" UEMinusMax="" UEPlusMax="" hasQEinitCond="false" hasQEfinalCond="false" hasQECapacityConstraint="false" QEinitCond="" QEfinalCond="" QEmax="" costCoeffQE="0"/>
      <TransportationProcess name="transport" status="true" origin="Land 2" destination="Lake 2" ref="nitrogen" inputOperand="nitrogen" outputOperand="nitrogen" inputOperandWeight="" outputOperandWeight="" duration="" hasResistance="false" resistance="" resistanceUnits="s/m^3" hasUEMinusExoConstraint="false" hasUEPlusExoConstraint="false" hasUEMinusCapacityConstraint="false" hasUEPlusCapacityConstraint="false" CUMinus="" CUPlus="" UEMinusMax="" UEPlusMax="" hasQEinitCond="false" hasQEfinalCond="false" hasQECapacityConstraint="false" QEinitCond="" QEfinalCond="" QEmax="" costCoeffQE="0"/>
   </TransformationResource>
   
   <TransformationResource transformationResourceName="Land 3" gpsX="1" gpsY="1" decisionMaker="" autonomous="true" elevation_1="520" elevation_2="520" elevationUnits="m" QBminFlow_1="150" QBminFlow_2="150" QBunits="m^3" controller="" hasQBinitCond_1="true" hasQBinitCond_2="true" hasQBfinalCond_1="false" hasQBfinalCond_2="false" hasQBCapacityConstraint_1="false" hasQBCapacityConstraint_2="false" QBinitCond_1="600" QBinitCond_2="6" QBfinalCond_1="" QBfinalCond_2="" QBmax_1="10000000" QBmax_2="10000000" costCoeffQB_1="0" costCoeffQB_2="0" area_1="200" area_2="200" areaUnits="m^2">
      <TransformationProcess name="accept water" status="true" inputOperand="" inputOperandWeight="1" outputOperand="water" outputOperandWeight="1" duration="" hasResistance="false" resistance="6000" resistanceUnits="s/m^3" hasUEMinusExoConstraint="true" hasUEPlusExoConstraint="false" hasUEMinusCapacityConstraint="false" hasUEPlusCapacityConstraint="false" CUMinus="rainfall" CUPlus="" UEMinusMax="" UEPlusMax="" hasQEinitCond="false" hasQEfinalCond="false" hasQECapacityConstraint="false" QEinitCond="" QEfinalCond="" QEmax="" costCoeffQE="0"/>
      <TransformationProcess name="accept nitrogen" status="true" inputOperand="" inputOperandWeight="1" outputOperand="nitrogen" outputOperandWeight="1" duration="" hasResistance="false" resistance="6001" resistanceUnits="s/m^3" hasUEMinusExoConstraint="true" hasUEPlusExoConstraint="false" hasUEMinusCapacityConstraint="false" hasUEPlusCapacityConstraint="false" CUMinus="fertilizer3" CUPlus="" UEMinusMax="" UEPlusMax="" hasQEinitCond="false" hasQEfinalCond="false" hasQECapacityConstraint="false" QEinitCond="" QEfinalCond="" QEmax="" costCoeffQE="0"/>
      <TransportationProcess name="transport" status="true" origin="Land 3" destination="Lake 3" ref="water" inputOperand="water" outputOperand="water" inputOperandWeight="" outputOperandWeight="" duration="" hasResistance="true" resistance="6002" resistanceUnits="s/m^3" hasUEMinusExoConstraint="false" hasUEPlusExoConstraint="false" hasUEMinusCapacityConstraint="false" hasUEPlusCapacityConstraint="false" CUMinus="" CUPlus="" UEMinusMax="" UEPlusMax="" hasQEinitCond="false" hasQEfinalCond="false" hasQECapacityConstraint="false" QEinitCond="" QEfinalCond="" QEmax="" costCoeffQE="0"/>
      <TransportationProcess name="transport" status="true" origin="Land 3" destination="Lake 3" ref="nitrogen" inputOperand="nitrogen" outputOperand="nitrogen" inputOperandWeight="" outputOperandWeight="" duration="" hasResistance="false" resistance="" resistanceUnits="s/m^3" hasUEMinusExoConstraint="false" hasUEPlusExoConstraint="false" hasUEMinusCapacityConstraint="false" hasUEPlusCapacityConstraint="false" CUMinus="" CUPlus="" UEMinusMax="" UEPlusMax="" hasQEinitCond="false" hasQEfinalCond="false" hasQECapacityConstraint="false" QEinitCond="" QEfinalCond="" QEmax="" costCoeffQE="0"/>
   </TransformationResource>      
   <!-- Independent Buffers -->
   <IndependentBuffer independentBufferName="Point 1" decisionMaker="" autonomous="true" gpsX="1" gpsY="0" elevation_1="540" elevation_2="540" elevationUnits="m" QBminFlow_1="0" QBminFlow_2="0" QBunits="m^3" controller="" hasQBinitCond_1="true" hasQBinitCond_2="true" hasQBfinalCond_1="false" hasQBfinalCond_2="false" hasQBCapacityConstraint_1="false" hasQBCapacityConstraint_2="false" QBinitCond_1="700" QBinitCond_2="7" QBfinalCond_1="" QBfinalCond_2="" QBmax_1="0" QBmax_2="0" costCoeffQB_1="0" costCoeffQB_2="0" area_1="0" area_2="0" areaUnits="m^2"/>
   <IndependentBuffer independentBufferName="Point 2" decisionMaker="" autonomous="true" gpsX="1" gpsY="0" elevation_1="500" elevation_2="500" elevationUnits="m" QBminFlow_1="0" QBminFlow_2="0" QBunits="m^3" controller="" hasQBinitCond_1="true" hasQBinitCond_2="true" hasQBfinalCond_1="false" hasQBfinalCond_2="false" hasQBCapacityConstraint_1="false" hasQBCapacityConstraint_2="false" QBinitCond_1="800" QBinitCond_2="8" QBfinalCond_1="" QBfinalCond_2="" QBmax_1="0" QBmax_2="0" costCoeffQB_1="0" costCoeffQB_2="0" area_1="0" area_2="0" areaUnits="m^2"/>   
   <!-- Transportation Resources -->
   <TransportationResource transportationResourceName="River Segment 1" decisionMaker="" autonomous="true">
      <TransportationProcess name="transport" status="true" origin="Lake 1" destination="Point 1" ref="water" inputOperand="water" outputOperand="water" inputOperandWeight="" outputOperandWeight="" duration="" hasResistance="true" resistance="7000" resistanceUnits="s/m^3" hasUEMinusExoConstraint="false" hasUEPlusExoConstraint="false" hasUEMinusCapacityConstraint="false" hasUEPlusCapacityConstraint="false" CUMinus="" CUPlus="" UEMinusMax="" UEPlusMax="" hasQEinitCond="false" hasQEfinalCond="false" hasQECapacityConstraint="false" QEinitCond="" QEfinalCond="" QEmax="" costCoeffQE="0"/>
      <TransportationProcess name="transport" status="true" origin="Lake 1" destination="Point 1" ref="nitrogen" inputOperand="nitrogen" outputOperand="nitrogen" inputOperandWeight="" outputOperandWeight="" duration="" hasResistance="false" resistance="" resistanceUnits="s/m^3" hasUEMinusExoConstraint="false" hasUEPlusExoConstraint="false" hasUEMinusCapacityConstraint="false" hasUEPlusCapacityConstraint="false" CUMinus="" CUPlus="" UEMinusMax="" UEPlusMax="" hasQEinitCond="false" hasQEfinalCond="false" hasQECapacityConstraint="false" QEinitCond="" QEfinalCond="" QEmax="" costCoeffQE="0"/>
   </TransportationResource>
   
   <TransportationResource transportationResourceName="River Segment 2" decisionMaker="" autonomous="true">
      <TransportationProcess name="transport" status="true" origin="Lake 2" destination="Point 1" ref="water" inputOperand="water" outputOperand="water" inputOperandWeight="" outputOperandWeight="" duration="" hasResistance="true" resistance="8000" resistanceUnits="s/m^3" hasUEMinusExoConstraint="false" hasUEPlusExoConstraint="false" hasUEMinusCapacityConstraint="false" hasUEPlusCapacityConstraint="false" CUMinus="" CUPlus="" UEMinusMax="" UEPlusMax="" hasQEinitCond="false" hasQEfinalCond="false" hasQECapacityConstraint="false" QEinitCond="" QEfinalCond="" QEmax="" costCoeffQE="0"/>
      <TransportationProcess name="transport" status="true" origin="Lake 2" destination="Point 1" ref="nitrogen" inputOperand="nitrogen" outputOperand="nitrogen" inputOperandWeight="" outputOperandWeight="" duration="" hasResistance="false" resistance="" resistanceUnits="s/m^3" hasUEMinusExoConstraint="false" hasUEPlusExoConstraint="false" hasUEMinusCapacityConstraint="false" hasUEPlusCapacityConstraint="false" CUMinus="" CUPlus="" UEMinusMax="" UEPlusMax="" hasQEinitCond="false" hasQEfinalCond="false" hasQECapacityConstraint="false" QEinitCond="" QEfinalCond="" QEmax="" costCoeffQE="0"/>
   </TransportationResource>
   
   <TransportationResource transportationResourceName="River Segment 3" decisionMaker="" autonomous="true">
      <TransportationProcess name="transport" status="true" origin="Point 1" destination="Lake 3" ref="water" inputOperand="water" outputOperand="water" inputOperandWeight="" outputOperandWeight="" duration="" hasResistance="true" resistance="9000" resistanceUnits="s/m^3" hasUEMinusExoConstraint="false" hasUEPlusExoConstraint="false" hasUEMinusCapacityConstraint="false" hasUEPlusCapacityConstraint="false" CUMinus="rainfall" CUPlus="" UEMinusMax="" UEPlusMax="" hasQEinitCond="false" hasQEfinalCond="false" hasQECapacityConstraint="false" QEinitCond="" QEfinalCond="" QEmax="" costCoeffQE="0"/>
      <TransportationProcess name="transport" status="true" origin="Point 1" destination="Lake 3" ref="nitrogen" inputOperand="nitrogen" outputOperand="nitrogen" inputOperandWeight="" outputOperandWeight="" duration="" hasResistance="false" resistance="" resistanceUnits="s/m^3" hasUEMinusExoConstraint="false" hasUEPlusExoConstraint="false" hasUEMinusCapacityConstraint="false" hasUEPlusCapacityConstraint="false" CUMinus="" CUPlus="" UEMinusMax="" UEPlusMax="" hasQEinitCond="false" hasQEfinalCond="false" hasQECapacityConstraint="false" QEinitCond="" QEfinalCond="" QEmax="" costCoeffQE="0"/>
   </TransportationResource>
   
   <TransportationResource transportationResourceName="River Segment 4" decisionMaker="" autonomous="true">
      <TransportationProcess name="transport" status="true" origin="Lake 3" destination="Point 2" ref="water" inputOperand="water" outputOperand="water" inputOperandWeight="" outputOperandWeight="" duration="" hasResistance="true" resistance="10000" resistanceUnits="s/m^3" hasUEMinusExoConstraint="false" hasUEPlusExoConstraint="false" hasUEMinusCapacityConstraint="false" hasUEPlusCapacityConstraint="false" CUMinus="" CUPlus="" UEMinusMax="" UEPlusMax="" hasQEinitCond="false" hasQEfinalCond="false" hasQECapacityConstraint="false" QEinitCond="" QEfinalCond="" QEmax="" costCoeffQE="0"/>
      <TransportationProcess name="transport" status="true" origin="Lake 3" destination="Point 2" ref="nitrogen" inputOperand="nitrogen" outputOperand="nitrogen" inputOperandWeight="" outputOperandWeight="" duration="" hasResistance="false" resistance="" resistanceUnits="s/m^3" hasUEMinusExoConstraint="false" hasUEPlusExoConstraint="false" hasUEMinusCapacityConstraint="false" hasUEPlusCapacityConstraint="false" CUMinus="" CUPlus="" UEMinusMax="" UEPlusMax="" hasQEinitCond="false" hasQEfinalCond="false" hasQECapacityConstraint="false" QEinitCond="" QEfinalCond="" QEmax="" costCoeffQE="0"/>
   </TransportationResource>
</LFES>